identity,target,source,source_sha256,temperature_k,quantity,observed,unit,basis,operator,scale,prior_access,role
vle_obs_0119,vle_obs_0119-pco2,Hilliard2008,sha256:9e7d9ba5fead8bfa83a311dad341e3e2e8df1806d5249642a23562e99a72cb73,313.15,pressure,5.7,pascal,true-species-vapor-partial-pressure,co2-partial-pressure,0.3,historical calibration; same unchanged objective,training-selection
vle_obs_0120,vle_obs_0120-pco2,Hilliard2008,sha256:9e7d9ba5fead8bfa83a311dad341e3e2e8df1806d5249642a23562e99a72cb73,313.15,pressure,6.64,pascal,true-species-vapor-partial-pressure,co2-partial-pressure,0.3,historical calibration; same unchanged objective,training-selection
vle_obs_0121,vle_obs_0121-pco2,Hilliard2008,sha256:9e7d9ba5fead8bfa83a311dad341e3e2e8df1806d5249642a23562e99a72cb73,313.15,pressure,7.21,pascal,true-species-vapor-partial-pressure,co2-partial-pressure,0.3,historical calibration; same unchanged objective,training-selection
vle_obs_0122,vle_obs_0122-pco2,Hilliard2008,sha256:9e7d9ba5fead8bfa83a311dad341e3e2e8df1806d5249642a23562e99a72cb73,313.15,pressure,9.950000000000001,pascal,true-species-vapor-partial-pressure,co2-partial-pressure,0.3,historical calibration; same unchanged objective,training-selection
vle_obs_0123,vle_obs_0123-pco2,Hilliard2008,sha256:9e7d9ba5fead8bfa83a311dad341e3e2e8df1806d5249642a23562e99a72cb73,313.15,pressure,9.85,pascal,true-species-vapor-partial-pressure,co2-partial-pressure,0.3,historical calibration; same unchanged objective,training-selection
vle_obs_0124,vle_obs_0124-pco2,Hilliard2008,sha256:9e7d9ba5fead8bfa83a311dad341e3e2e8df1806d5249642a23562e99a72cb73,313.15,pressure,14.6,pascal,true-species-vapor-partial-pressure,co2-partial-pressure,0.3,historical calibration; same unchanged objective,training-selection
vle_obs_0125,vle_obs_0125-pco2,Hilliard2008,sha256:9e7d9ba5fead8bfa83a311dad341e3e2e8df1806d5249642a23562e99a72cb73,313.15,pressure,19.099999999999998,pascal,true-species-vapor-partial-pressure,co2-partial-pressure,0.3,historical calibration; same unchanged objective,training-selection
vle_obs_0126,vle_obs_0126-pco2,Hilliard2008,sha256:9e7d9ba5fead8bfa83a311dad341e3e2e8df1806d5249642a23562e99a72cb73,313.15,pressure,23.099999999999998,pascal,true-species-vapor-partial-pressure,co2-partial-pressure,0.3,historical calibration; same unchanged objective,training-selection
vle_obs_0127,vle_obs_0127-pco2,Hilliard2008,sha256:9e7d9ba5fead8bfa83a311dad341e3e2e8df1806d5249642a23562e99a72cb73,313.15,pressure,22.4,pascal,true-species-vapor-partial-pressure,co2-partial-pressure,0.3,historical calibration; same unchanged objective,training-selection
vle_obs_0128,vle_obs_0128-pco2,Hilliard2008,sha256:9e7d9ba5fead8bfa83a311dad341e3e2e8df1806d5249642a23562e99a72cb73,313.15,pressure,48.5,pascal,true-species-vapor-partial-pressure,co2-partial-pressure,0.3,historical calibration; same unchanged objective,training-selection
vle_obs_0129,vle_obs_0129-pco2,Hilliard2008,sha256:9e7d9ba5fead8bfa83a311dad341e3e2e8df1806d5249642a23562e99a72cb73,313.15,pressure,66.19999999999999,pascal,true-species-vapor-partial-pressure,co2-partial-pressure,0.3,historical calibration; same unchanged objective,training-selection
vle_obs_0130,vle_obs_0130-pco2,Hilliard2008,sha256:9e7d9ba5fead8bfa83a311dad341e3e2e8df1806d5249642a23562e99a72cb73,313.15,pressure,72.1,pascal,true-species-vapor-partial-pressure,co2-partial-pressure,0.3,historical calibration; same unchanged objective,training-selection
vle_obs_0131,vle_obs_0131-pco2,Hilliard2008,sha256:9e7d9ba5fead8bfa83a311dad341e3e2e8df1806d5249642a23562e99a72cb73,313.15,pressure,96.60000000000001,pascal,true-species-vapor-partial-pressure,co2-partial-pressure,0.3,historical calibration; same unchanged objective,training-selection
vle_obs_0132,vle_obs_0132-pco2,Hilliard2008,sha256:9e7d9ba5fead8bfa83a311dad341e3e2e8df1806d5249642a23562e99a72cb73,313.15,pressure,131.0,pascal,true-species-vapor-partial-pressure,co2-partial-pressure,0.3,historical calibration; same unchanged objective,training-selection
vle_obs_0133,vle_obs_0133-pco2,Hilliard2008,sha256:9e7d9ba5fead8bfa83a311dad341e3e2e8df1806d5249642a23562e99a72cb73,313.15,pressure,120.0,pascal,true-species-vapor-partial-pressure,co2-partial-pressure,0.3,historical calibration; same unchanged objective,training-selection
vle_obs_0134,vle_obs_0134-pco2,Hilliard2008,sha256:9e7d9ba5fead8bfa83a311dad341e3e2e8df1806d5249642a23562e99a72cb73,313.15,pressure,113.0,pascal,true-species-vapor-partial-pressure,co2-partial-pressure,0.3,historical calibration; same unchanged objective,training-selection
vle_obs_0135,vle_obs_0135-pco2,Hilliard2008,sha256:9e7d9ba5fead8bfa83a311dad341e3e2e8df1806d5249642a23562e99a72cb73,313.15,pressure,128.0,pascal,true-species-vapor-partial-pressure,co2-partial-pressure,0.3,historical calibration; same unchanged objective,training-selection
vle_obs_0136,vle_obs_0136-pco2,Hilliard2008,sha256:9e7d9ba5fead8bfa83a311dad341e3e2e8df1806d5249642a23562e99a72cb73,313.15,pressure,750.0,pascal,true-species-vapor-partial-pressure,co2-partial-pressure,0.3,historical calibration; same unchanged objective,training-selection
vle_obs_0137,vle_obs_0137-pco2,Hilliard2008,sha256:9e7d9ba5fead8bfa83a311dad341e3e2e8df1806d5249642a23562e99a72cb73,313.15,pressure,574.0,pascal,true-species-vapor-partial-pressure,co2-partial-pressure,0.3,historical calibration; same unchanged objective,training-selection
vle_obs_0138,vle_obs_0138-pco2,Hilliard2008,sha256:9e7d9ba5fead8bfa83a311dad341e3e2e8df1806d5249642a23562e99a72cb73,313.15,pressure,883.0,pascal,true-species-vapor-partial-pressure,co2-partial-pressure,0.3,historical calibration; same unchanged objective,training-selection
vle_obs_0139,vle_obs_0139-pco2,Hilliard2008,sha256:9e7d9ba5fead8bfa83a311dad341e3e2e8df1806d5249642a23562e99a72cb73,313.15,pressure,1100.0,pascal,true-species-vapor-partial-pressure,co2-partial-pressure,0.3,historical calibration; same unchanged objective,training-selection
vle_obs_0140,vle_obs_0140-pco2,Hilliard2008,sha256:9e7d9ba5fead8bfa83a311dad341e3e2e8df1806d5249642a23562e99a72cb73,313.15,pressure,1870.0,pascal,true-species-vapor-partial-pressure,co2-partial-pressure,0.3,historical calibration; same unchanged objective,training-selection
vle_obs_0141,vle_obs_0141-pco2,Hilliard2008,sha256:9e7d9ba5fead8bfa83a311dad341e3e2e8df1806d5249642a23562e99a72cb73,313.15,pressure,3030.0,pascal,true-species-vapor-partial-pressure,co2-partial-pressure,0.3,historical calibration; same unchanged objective,training-selection
vle_obs_0142,vle_obs_0142-pco2,Hilliard2008,sha256:9e7d9ba5fead8bfa83a311dad341e3e2e8df1806d5249642a23562e99a72cb73,313.15,pressure,28300.0,pascal,true-species-vapor-partial-pressure,co2-partial-pressure,0.3,historical calibration; same unchanged objective,training-selection
vle_obs_0143,vle_obs_0143-pco2,Hilliard2008,sha256:9e7d9ba5fead8bfa83a311dad341e3e2e8df1806d5249642a23562e99a72cb73,333.15,pressure,19.400000000000002,pascal,true-species-vapor-partial-pressure,co2-partial-pressure,0.3,historical calibration; same unchanged objective,training-selection
vle_obs_0144,vle_obs_0144-pco2,Hilliard2008,sha256:9e7d9ba5fead8bfa83a311dad341e3e2e8df1806d5249642a23562e99a72cb73,333.15,pressure,58.9,pascal,true-species-vapor-partial-pressure,co2-partial-pressure,0.3,historical calibration; same unchanged objective,training-selection
vle_obs_0145,vle_obs_0145-pco2,Hilliard2008,sha256:9e7d9ba5fead8bfa83a311dad341e3e2e8df1806d5249642a23562e99a72cb73,333.15,pressure,209.0,pascal,true-species-vapor-partial-pressure,co2-partial-pressure,0.3,historical calibration; same unchanged objective,training-selection
vle_obs_0146,vle_obs_0146-pco2,Hilliard2008,sha256:9e7d9ba5fead8bfa83a311dad341e3e2e8df1806d5249642a23562e99a72cb73,333.15,pressure,763.0,pascal,true-species-vapor-partial-pressure,co2-partial-pressure,0.3,historical calibration; same unchanged objective,training-selection
vle_obs_0147,vle_obs_0147-pco2,Hilliard2008,sha256:9e7d9ba5fead8bfa83a311dad341e3e2e8df1806d5249642a23562e99a72cb73,333.15,pressure,4860.0,pascal,true-species-vapor-partial-pressure,co2-partial-pressure,0.3,historical calibration; same unchanged objective,training-selection
vle_obs_0148,vle_obs_0148-pco2,Hilliard2008,sha256:9e7d9ba5fead8bfa83a311dad341e3e2e8df1806d5249642a23562e99a72cb73,333.15,pressure,25800.0,pascal,true-species-vapor-partial-pressure,co2-partial-pressure,0.3,historical calibration; same unchanged objective,training-selection
vle_obs_0149,vle_obs_0149-pco2,Hilliard2008,sha256:9e7d9ba5fead8bfa83a311dad341e3e2e8df1806d5249642a23562e99a72cb73,333.15,pressure,50200.0,pascal,true-species-vapor-partial-pressure,co2-partial-pressure,0.3,historical calibration; same unchanged objective,training-selection
vle_obs_0186,vle_obs_0186-pco2,Jou1995,sha256:9e7d9ba5fead8bfa83a311dad341e3e2e8df1806d5249642a23562e99a72cb73,313.15,pressure,1.47,pascal,true-species-vapor-partial-pressure,co2-partial-pressure,0.3,historical calibration; same unchanged objective,training-selection
vle_obs_0187,vle_obs_0187-pco2,Jou1995,sha256:9e7d9ba5fead8bfa83a311dad341e3e2e8df1806d5249642a23562e99a72cb73,313.15,pressure,8.959999999999999,pascal,true-species-vapor-partial-pressure,co2-partial-pressure,0.3,historical calibration; same unchanged objective,training-selection
vle_obs_0188,vle_obs_0188-pco2,Jou1995,sha256:9e7d9ba5fead8bfa83a311dad341e3e2e8df1806d5249642a23562e99a72cb73,313.15,pressure,67.7,pascal,true-species-vapor-partial-pressure,co2-partial-pressure,0.3,historical calibration; same unchanged objective,training-selection
vle_obs_0189,vle_obs_0189-pco2,Jou1995,sha256:9e7d9ba5fead8bfa83a311dad341e3e2e8df1806d5249642a23562e99a72cb73,313.15,pressure,604.0,pascal,true-species-vapor-partial-pressure,co2-partial-pressure,0.3,historical calibration; same unchanged objective,training-selection
vle_obs_0190,vle_obs_0190-pco2,Jou1995,sha256:9e7d9ba5fead8bfa83a311dad341e3e2e8df1806d5249642a23562e99a72cb73,313.15,pressure,2570.0,pascal,true-species-vapor-partial-pressure,co2-partial-pressure,0.3,historical calibration; same unchanged objective,training-selection
vle_obs_0191,vle_obs_0191-pco2,Jou1995,sha256:9e7d9ba5fead8bfa83a311dad341e3e2e8df1806d5249642a23562e99a72cb73,313.15,pressure,8090.0,pascal,true-species-vapor-partial-pressure,co2-partial-pressure,0.3,historical calibration; same unchanged objective,training-selection
vle_obs_0192,vle_obs_0192-pco2,Jou1995,sha256:9e7d9ba5fead8bfa83a311dad341e3e2e8df1806d5249642a23562e99a72cb73,313.15,pressure,36100.0,pascal,true-species-vapor-partial-pressure,co2-partial-pressure,0.3,historical calibration; same unchanged objective,training-selection
vle_obs_0193,vle_obs_0193-pco2,Jou1995,sha256:9e7d9ba5fead8bfa83a311dad341e3e2e8df1806d5249642a23562e99a72cb73,313.15,pressure,103000.0,pascal,true-species-vapor-partial-pressure,co2-partial-pressure,0.3,historical calibration; same unchanged objective,training-selection
vle_obs_0194,vle_obs_0194-pco2,Jou1995,sha256:9e7d9ba5fead8bfa83a311dad341e3e2e8df1806d5249642a23562e99a72cb73,333.15,pressure,4.28,pascal,true-species-vapor-partial-pressure,co2-partial-pressure,0.3,historical calibration; same unchanged objective,training-selection
vle_obs_0195,vle_obs_0195-pco2,Jou1995,sha256:9e7d9ba5fead8bfa83a311dad341e3e2e8df1806d5249642a23562e99a72cb73,333.15,pressure,19.3,pascal,true-species-vapor-partial-pressure,co2-partial-pressure,0.3,historical calibration; same unchanged objective,training-selection
vle_obs_0196,vle_obs_0196-pco2,Jou1995,sha256:9e7d9ba5fead8bfa83a311dad341e3e2e8df1806d5249642a23562e99a72cb73,333.15,pressure,57.9,pascal,true-species-vapor-partial-pressure,co2-partial-pressure,0.3,historical calibration; same unchanged objective,training-selection
vle_obs_0197,vle_obs_0197-pco2,Jou1995,sha256:9e7d9ba5fead8bfa83a311dad341e3e2e8df1806d5249642a23562e99a72cb73,333.15,pressure,528.0,pascal,true-species-vapor-partial-pressure,co2-partial-pressure,0.3,historical calibration; same unchanged objective,training-selection
vle_obs_0198,vle_obs_0198-pco2,Jou1995,sha256:9e7d9ba5fead8bfa83a311dad341e3e2e8df1806d5249642a23562e99a72cb73,333.15,pressure,2009.9999999999998,pascal,true-species-vapor-partial-pressure,co2-partial-pressure,0.3,historical calibration; same unchanged objective,training-selection
vle_obs_0199,vle_obs_0199-pco2,Jou1995,sha256:9e7d9ba5fead8bfa83a311dad341e3e2e8df1806d5249642a23562e99a72cb73,333.15,pressure,11000.0,pascal,true-species-vapor-partial-pressure,co2-partial-pressure,0.3,historical calibration; same unchanged objective,training-selection
vle_obs_0200,vle_obs_0200-pco2,Jou1995,sha256:9e7d9ba5fead8bfa83a311dad341e3e2e8df1806d5249642a23562e99a72cb73,333.15,pressure,34000.0,pascal,true-species-vapor-partial-pressure,co2-partial-pressure,0.3,historical calibration; same unchanged objective,training-selection
vle_obs_0201,vle_obs_0201-pco2,Jou1995,sha256:9e7d9ba5fead8bfa83a311dad341e3e2e8df1806d5249642a23562e99a72cb73,333.15,pressure,82000.0,pascal,true-species-vapor-partial-pressure,co2-partial-pressure,0.3,historical calibration; same unchanged objective,training-selection
vle_obs_0202,vle_obs_0202-pco2,Jou1995,sha256:9e7d9ba5fead8bfa83a311dad341e3e2e8df1806d5249642a23562e99a72cb73,333.15,pressure,282000.0,pascal,true-species-vapor-partial-pressure,co2-partial-pressure,0.3,historical calibration; same unchanged objective,training-selection
Bottinger2008_state_030,Bottinger2008_state_030::MEA + MEAH+,Bottinger2008,sha256:8c07df9efd1c1ecbd775ccdd42791e0cef1880b3837e5749a60d2142aa85809e,293.15,species,0.1054,dimensionless,true-species-liquid-mole-fraction-linear-aggregate,Bottinger2008_state_030-mea_meah,0.011540000000000002,historical calibration; same unchanged objective,training-selection
Bottinger2008_state_030,Bottinger2008_state_030::MEACOO-,Bottinger2008,sha256:8c07df9efd1c1ecbd775ccdd42791e0cef1880b3837e5749a60d2142aa85809e,293.15,species,0.0086,dimensionless,true-species-liquid-mole-fraction,Bottinger2008_state_030-meacoo,0.00186,historical calibration; same unchanged objective,training-selection
Bottinger2008_state_031,Bottinger2008_state_031::MEA + MEAH+,Bottinger2008,sha256:8c07df9efd1c1ecbd775ccdd42791e0cef1880b3837e5749a60d2142aa85809e,293.15,species,0.0966,dimensionless,true-species-liquid-mole-fraction-linear-aggregate,Bottinger2008_state_031-mea_meah,0.010660000000000003,historical calibration; same unchanged objective,training-selection
Bottinger2008_state_031,Bottinger2008_state_031::MEACOO-,Bottinger2008,sha256:8c07df9efd1c1ecbd775ccdd42791e0cef1880b3837e5749a60d2142aa85809e,293.15,species,0.0171,dimensionless,true-species-liquid-mole-fraction,Bottinger2008_state_031-meacoo,0.00271,historical calibration; same unchanged objective,training-selection
Bottinger2008_state_032,Bottinger2008_state_032::MEA + MEAH+,Bottinger2008,sha256:8c07df9efd1c1ecbd775ccdd42791e0cef1880b3837e5749a60d2142aa85809e,293.15,species,0.0871,dimensionless,true-species-liquid-mole-fraction-linear-aggregate,Bottinger2008_state_032-mea_meah,0.00971,historical calibration; same unchanged objective,training-selection
Bottinger2008_state_032,Bottinger2008_state_032::MEACOO-,Bottinger2008,sha256:8c07df9efd1c1ecbd775ccdd42791e0cef1880b3837e5749a60d2142aa85809e,293.15,species,0.0267,dimensionless,true-species-liquid-mole-fraction,Bottinger2008_state_032-meacoo,0.0036700000000000005,historical calibration; same unchanged objective,training-selection
Bottinger2008_state_033,Bottinger2008_state_033::MEA + MEAH+,Bottinger2008,sha256:8c07df9efd1c1ecbd775ccdd42791e0cef1880b3837e5749a60d2142aa85809e,293.15,species,0.078,dimensionless,true-species-liquid-mole-fraction-linear-aggregate,Bottinger2008_state_033-mea_meah,0.0088,historical calibration; same unchanged objective,training-selection
Bottinger2008_state_033,Bottinger2008_state_033::MEACOO-,Bottinger2008,sha256:8c07df9efd1c1ecbd775ccdd42791e0cef1880b3837e5749a60d2142aa85809e,293.15,species,0.0349,dimensionless,true-species-liquid-mole-fraction,Bottinger2008_state_033-meacoo,0.00449,historical calibration; same unchanged objective,training-selection
Bottinger2008_state_034,Bottinger2008_state_034::MEA + MEAH+,Bottinger2008,sha256:8c07df9efd1c1ecbd775ccdd42791e0cef1880b3837e5749a60d2142aa85809e,293.15,species,0.0678,dimensionless,true-species-liquid-mole-fraction-linear-aggregate,Bottinger2008_state_034-mea_meah,0.0077800000000000005,historical calibration; same unchanged objective,training-selection
Bottinger2008_state_034,Bottinger2008_state_034::MEACOO-,Bottinger2008,sha256:8c07df9efd1c1ecbd775ccdd42791e0cef1880b3837e5749a60d2142aa85809e,293.15,species,0.043,dimensionless,true-species-liquid-mole-fraction,Bottinger2008_state_034-meacoo,0.0053,historical calibration; same unchanged objective,training-selection
Bottinger2008_state_035,Bottinger2008_state_035::MEA + MEAH+,Bottinger2008,sha256:8c07df9efd1c1ecbd775ccdd42791e0cef1880b3837e5749a60d2142aa85809e,293.15,species,0.062,dimensionless,true-species-liquid-mole-fraction-linear-aggregate,Bottinger2008_state_035-mea_meah,0.007200000000000001,historical calibration; same unchanged objective,training-selection
Bottinger2008_state_035,Bottinger2008_state_035::MEACOO-,Bottinger2008,sha256:8c07df9efd1c1ecbd775ccdd42791e0cef1880b3837e5749a60d2142aa85809e,293.15,species,0.0493,dimensionless,true-species-liquid-mole-fraction,Bottinger2008_state_035-meacoo,0.00593,historical calibration; same unchanged objective,training-selection
Bottinger2008_state_043,Bottinger2008_state_043::MEA + MEAH+,Bottinger2008,sha256:8c07df9efd1c1ecbd775ccdd42791e0cef1880b3837e5749a60d2142aa85809e,313.15,species,0.0934,dimensionless,true-species-liquid-mole-fraction-linear-aggregate,Bottinger2008_state_043-mea_meah,0.010339999999999998,historical calibration; same unchanged objective,training-selection
Bottinger2008_state_043,Bottinger2008_state_043::MEACOO-,Bottinger2008,sha256:8c07df9efd1c1ecbd775ccdd42791e0cef1880b3837e5749a60d2142aa85809e,313.15,species,0.0241,dimensionless,true-species-liquid-mole-fraction,Bottinger2008_state_043-meacoo,0.0034100000000000003,historical calibration; same unchanged objective,training-selection
Bottinger2008_state_044,Bottinger2008_state_044::MEA + MEAH+,Bottinger2008,sha256:8c07df9efd1c1ecbd775ccdd42791e0cef1880b3837e5749a60d2142aa85809e,313.15,species,0.0876,dimensionless,true-species-liquid-mole-fraction-linear-aggregate,Bottinger2008_state_044-mea_meah,0.009760000000000001,historical calibration; same unchanged objective,training-selection
Bottinger2008_state_044,Bottinger2008_state_044::MEACOO-,Bottinger2008,sha256:8c07df9efd1c1ecbd775ccdd42791e0cef1880b3837e5749a60d2142aa85809e,313.15,species,0.0271,dimensionless,true-species-liquid-mole-fraction,Bottinger2008_state_044-meacoo,0.00371,historical calibration; same unchanged objective,training-selection
Bottinger2008_state_045,Bottinger2008_state_045::MEA + MEAH+,Bottinger2008,sha256:8c07df9efd1c1ecbd775ccdd42791e0cef1880b3837e5749a60d2142aa85809e,313.15,species,0.084,dimensionless,true-species-liquid-mole-fraction-linear-aggregate,Bottinger2008_state_045-mea_meah,0.009400000000000002,historical calibration; same unchanged objective,training-selection
Bottinger2008_state_045,Bottinger2008_state_045::MEACOO-,Bottinger2008,sha256:8c07df9efd1c1ecbd775ccdd42791e0cef1880b3837e5749a60d2142aa85809e,313.15,species,0.0327,dimensionless,true-species-liquid-mole-fraction,Bottinger2008_state_045-meacoo,0.00427,historical calibration; same unchanged objective,training-selection
Bottinger2008_state_047,Bottinger2008_state_047::MEA + MEAH+,Bottinger2008,sha256:8c07df9efd1c1ecbd775ccdd42791e0cef1880b3837e5749a60d2142aa85809e,313.15,species,0.0749,dimensionless,true-species-liquid-mole-fraction-linear-aggregate,Bottinger2008_state_047-mea_meah,0.008490000000000001,historical calibration; same unchanged objective,training-selection
Bottinger2008_state_047,Bottinger2008_state_047::MEACOO-,Bottinger2008,sha256:8c07df9efd1c1ecbd775ccdd42791e0cef1880b3837e5749a60d2142aa85809e,313.15,species,0.041,dimensionless,true-species-liquid-mole-fraction,Bottinger2008_state_047-meacoo,0.0051,historical calibration; same unchanged objective,training-selection
Bottinger2008_state_048,Bottinger2008_state_048::MEA + MEAH+,Bottinger2008,sha256:8c07df9efd1c1ecbd775ccdd42791e0cef1880b3837e5749a60d2142aa85809e,313.15,species,0.065,dimensionless,true-species-liquid-mole-fraction-linear-aggregate,Bottinger2008_state_048-mea_meah,0.007500000000000001,historical calibration; same unchanged objective,training-selection
Bottinger2008_state_048,Bottinger2008_state_048::MEACOO-,Bottinger2008,sha256:8c07df9efd1c1ecbd775ccdd42791e0cef1880b3837e5749a60d2142aa85809e,313.15,species,0.0492,dimensionless,true-species-liquid-mole-fraction,Bottinger2008_state_048-meacoo,0.005920000000000001,historical calibration; same unchanged objective,training-selection
Bottinger2008_state_049,Bottinger2008_state_049::MEA + MEAH+,Bottinger2008,sha256:8c07df9efd1c1ecbd775ccdd42791e0cef1880b3837e5749a60d2142aa85809e,313.15,species,0.0663,dimensionless,true-species-liquid-mole-fraction-linear-aggregate,Bottinger2008_state_049-mea_meah,0.0076300000000000005,historical calibration; same unchanged objective,training-selection
Bottinger2008_state_049,Bottinger2008_state_049::MEACOO-,Bottinger2008,sha256:8c07df9efd1c1ecbd775ccdd42791e0cef1880b3837e5749a60d2142aa85809e,313.15,species,0.0502,dimensionless,true-species-liquid-mole-fraction,Bottinger2008_state_049-meacoo,0.00602,historical calibration; same unchanged objective,training-selection
Bottinger2008_state_049,Bottinger2008_state_049::HCO3-,Bottinger2008,sha256:8c07df9efd1c1ecbd775ccdd42791e0cef1880b3837e5749a60d2142aa85809e,313.15,species,0.004,dimensionless,true-species-liquid-mole-fraction,bicarbonate-anion+carbonate-anion,0.0014,historical calibration; same unchanged objective,training-selection
Bottinger2008_state_050,Bottinger2008_state_050::MEA + MEAH+,Bottinger2008,sha256:8c07df9efd1c1ecbd775ccdd42791e0cef1880b3837e5749a60d2142aa85809e,313.15,species,0.0646,dimensionless,true-species-liquid-mole-fraction-linear-aggregate,Bottinger2008_state_050-mea_meah,0.0074600000000000005,historical calibration; same unchanged objective,training-selection
Bottinger2008_state_050,Bottinger2008_state_050::MEACOO-,Bottinger2008,sha256:8c07df9efd1c1ecbd775ccdd42791e0cef1880b3837e5749a60d2142aa85809e,313.15,species,0.0511,dimensionless,true-species-liquid-mole-fraction,Bottinger2008_state_050-meacoo,0.00611,historical calibration; same unchanged objective,training-selection
Bottinger2008_state_050,Bottinger2008_state_050::HCO3-,Bottinger2008,sha256:8c07df9efd1c1ecbd775ccdd42791e0cef1880b3837e5749a60d2142aa85809e,313.15,species,0.0052,dimensionless,true-species-liquid-mole-fraction,bicarbonate-anion+carbonate-anion,0.00152,historical calibration; same unchanged objective,training-selection
Bottinger2008_state_055,Bottinger2008_state_055::MEA + MEAH+,Bottinger2008,sha256:8c07df9efd1c1ecbd775ccdd42791e0cef1880b3837e5749a60d2142aa85809e,333.15,species,0.0974,dimensionless,true-species-liquid-mole-fraction-linear-aggregate,Bottinger2008_state_055-mea_meah,0.01074,historical calibration; same unchanged objective,training-selection
Bottinger2008_state_055,Bottinger2008_state_055::MEACOO-,Bottinger2008,sha256:8c07df9efd1c1ecbd775ccdd42791e0cef1880b3837e5749a60d2142aa85809e,333.15,species,0.0147,dimensionless,true-species-liquid-mole-fraction,Bottinger2008_state_055-meacoo,0.00247,historical calibration; same unchanged objective,training-selection
Bottinger2008_state_056,Bottinger2008_state_056::MEA + MEAH+,Bottinger2008,sha256:8c07df9efd1c1ecbd775ccdd42791e0cef1880b3837e5749a60d2142aa85809e,333.15,species,0.0905,dimensionless,true-species-liquid-mole-fraction-linear-aggregate,Bottinger2008_state_056-mea_meah,0.01005,historical calibration; same unchanged objective,training-selection
Bottinger2008_state_056,Bottinger2008_state_056::MEACOO-,Bottinger2008,sha256:8c07df9efd1c1ecbd775ccdd42791e0cef1880b3837e5749a60d2142aa85809e,333.15,species,0.0231,dimensionless,true-species-liquid-mole-fraction,Bottinger2008_state_056-meacoo,0.00331,historical calibration; same unchanged objective,training-selection
Bottinger2008_state_057,Bottinger2008_state_057::MEA + MEAH+,Bottinger2008,sha256:8c07df9efd1c1ecbd775ccdd42791e0cef1880b3837e5749a60d2142aa85809e,333.15,species,0.0791,dimensionless,true-species-liquid-mole-fraction-linear-aggregate,Bottinger2008_state_057-mea_meah,0.008910000000000001,historical calibration; same unchanged objective,training-selection
Bottinger2008_state_057,Bottinger2008_state_057::MEACOO-,Bottinger2008,sha256:8c07df9efd1c1ecbd775ccdd42791e0cef1880b3837e5749a60d2142aa85809e,333.15,species,0.0302,dimensionless,true-species-liquid-mole-fraction,Bottinger2008_state_057-meacoo,0.00402,historical calibration; same unchanged objective,training-selection
Bottinger2008_state_058,Bottinger2008_state_058::MEA + MEAH+,Bottinger2008,sha256:8c07df9efd1c1ecbd775ccdd42791e0cef1880b3837e5749a60d2142aa85809e,333.15,species,0.0687,dimensionless,true-species-liquid-mole-fraction-linear-aggregate,Bottinger2008_state_058-mea_meah,0.00787,historical calibration; same unchanged objective,training-selection
Bottinger2008_state_058,Bottinger2008_state_058::MEACOO-,Bottinger2008,sha256:8c07df9efd1c1ecbd775ccdd42791e0cef1880b3837e5749a60d2142aa85809e,333.15,species,0.0417,dimensionless,true-species-liquid-mole-fraction,Bottinger2008_state_058-meacoo,0.00517,historical calibration; same unchanged objective,training-selection
Bottinger2008_state_058,Bottinger2008_state_058::HCO3-,Bottinger2008,sha256:8c07df9efd1c1ecbd775ccdd42791e0cef1880b3837e5749a60d2142aa85809e,333.15,species,0.0042,dimensionless,true-species-liquid-mole-fraction,bicarbonate-anion+carbonate-anion,0.00142,historical calibration; same unchanged objective,training-selection
Bottinger2008_state_059,Bottinger2008_state_059::MEA + MEAH+,Bottinger2008,sha256:8c07df9efd1c1ecbd775ccdd42791e0cef1880b3837e5749a60d2142aa85809e,333.15,species,0.068,dimensionless,true-species-liquid-mole-fraction-linear-aggregate,Bottinger2008_state_059-mea_meah,0.0078000000000000005,historical calibration; same unchanged objective,training-selection
Bottinger2008_state_059,Bottinger2008_state_059::MEACOO-,Bottinger2008,sha256:8c07df9efd1c1ecbd775ccdd42791e0cef1880b3837e5749a60d2142aa85809e,333.15,species,0.0424,dimensionless,true-species-liquid-mole-fraction,Bottinger2008_state_059-meacoo,0.00524,historical calibration; same unchanged objective,training-selection
Bottinger2008_state_059,Bottinger2008_state_059::HCO3-,Bottinger2008,sha256:8c07df9efd1c1ecbd775ccdd42791e0cef1880b3837e5749a60d2142aa85809e,333.15,species,0.0072,dimensionless,true-species-liquid-mole-fraction,bicarbonate-anion+carbonate-anion,0.0017200000000000002,historical calibration; same unchanged objective,training-selection
Matin2012_state_001,Matin2012_state_001::MEA,Matin2012,sha256:8c07df9efd1c1ecbd775ccdd42791e0cef1880b3837e5749a60d2142aa85809e,293.15,species,0.0915,dimensionless,true-species-liquid-mole-fraction,Matin2012_state_001-mea,0.01015,historical calibration; same unchanged objective,training-selection
Matin2012_state_001,Matin2012_state_001::MEAH+,Matin2012,sha256:8c07df9efd1c1ecbd775ccdd42791e0cef1880b3837e5749a60d2142aa85809e,293.15,species,0.0115,dimensionless,true-species-liquid-mole-fraction,Matin2012_state_001-meah,0.00215,historical calibration; same unchanged objective,training-selection
Matin2012_state_001,Matin2012_state_001::MEACOO-,Matin2012,sha256:8c07df9efd1c1ecbd775ccdd42791e0cef1880b3837e5749a60d2142aa85809e,293.15,species,0.0097,dimensionless,true-species-liquid-mole-fraction,Matin2012_state_001-meacoo,0.00197,historical calibration; same unchanged objective,training-selection
Matin2012_state_002,Matin2012_state_002::MEA,Matin2012,sha256:8c07df9efd1c1ecbd775ccdd42791e0cef1880b3837e5749a60d2142aa85809e,293.15,species,0.0867,dimensionless,true-species-liquid-mole-fraction,Matin2012_state_002-mea,0.009670000000000002,historical calibration; same unchanged objective,training-selection
Matin2012_state_002,Matin2012_state_002::MEAH+,Matin2012,sha256:8c07df9efd1c1ecbd775ccdd42791e0cef1880b3837e5749a60d2142aa85809e,293.15,species,0.0139,dimensionless,true-species-liquid-mole-fraction,Matin2012_state_002-meah,0.0023899999999999998,historical calibration; same unchanged objective,training-selection
Matin2012_state_002,Matin2012_state_002::MEACOO-,Matin2012,sha256:8c07df9efd1c1ecbd775ccdd42791e0cef1880b3837e5749a60d2142aa85809e,293.15,species,0.0124,dimensionless,true-species-liquid-mole-fraction,Matin2012_state_002-meacoo,0.00224,historical calibration; same unchanged objective,training-selection
Matin2012_state_003,Matin2012_state_003::MEA,Matin2012,sha256:8c07df9efd1c1ecbd775ccdd42791e0cef1880b3837e5749a60d2142aa85809e,293.15,species,0.0817,dimensionless,true-species-liquid-mole-fraction,Matin2012_state_003-mea,0.009170000000000001,historical calibration; same unchanged objective,training-selection
Matin2012_state_003,Matin2012_state_003::MEAH+,Matin2012,sha256:8c07df9efd1c1ecbd775ccdd42791e0cef1880b3837e5749a60d2142aa85809e,293.15,species,0.0162,dimensionless,true-species-liquid-mole-fraction,Matin2012_state_003-meah,0.00262,historical calibration; same unchanged objective,training-selection
Matin2012_state_003,Matin2012_state_003::MEACOO-,Matin2012,sha256:8c07df9efd1c1ecbd775ccdd42791e0cef1880b3837e5749a60d2142aa85809e,293.15,species,0.0151,dimensionless,true-species-liquid-mole-fraction,Matin2012_state_003-meacoo,0.00251,historical calibration; same unchanged objective,training-selection
Matin2012_state_004,Matin2012_state_004::MEA,Matin2012,sha256:8c07df9efd1c1ecbd775ccdd42791e0cef1880b3837e5749a60d2142aa85809e,293.15,species,0.0768,dimensionless,true-species-liquid-mole-fraction,Matin2012_state_004-mea,0.00868,historical calibration; same unchanged objective,training-selection
Matin2012_state_004,Matin2012_state_004::MEAH+,Matin2012,sha256:8c07df9efd1c1ecbd775ccdd42791e0cef1880b3837e5749a60d2142aa85809e,293.15,species,0.0186,dimensionless,true-species-liquid-mole-fraction,Matin2012_state_004-meah,0.0028599999999999997,historical calibration; same unchanged objective,training-selection
Matin2012_state_004,Matin2012_state_004::MEACOO-,Matin2012,sha256:8c07df9efd1c1ecbd775ccdd42791e0cef1880b3837e5749a60d2142aa85809e,293.15,species,0.0177,dimensionless,true-species-liquid-mole-fraction,Matin2012_state_004-meacoo,0.00277,historical calibration; same unchanged objective,training-selection
Matin2012_state_005,Matin2012_state_005::MEA,Matin2012,sha256:8c07df9efd1c1ecbd775ccdd42791e0cef1880b3837e5749a60d2142aa85809e,293.15,species,0.0718,dimensionless,true-species-liquid-mole-fraction,Matin2012_state_005-mea,0.00818,historical calibration; same unchanged objective,training-selection
Matin2012_state_005,Matin2012_state_005::MEAH+,Matin2012,sha256:8c07df9efd1c1ecbd775ccdd42791e0cef1880b3837e5749a60d2142aa85809e,293.15,species,0.021,dimensionless,true-species-liquid-mole-fraction,Matin2012_state_005-meah,0.0031000000000000003,historical calibration; same unchanged objective,training-selection
Matin2012_state_005,Matin2012_state_005::MEACOO-,Matin2012,sha256:8c07df9efd1c1ecbd775ccdd42791e0cef1880b3837e5749a60d2142aa85809e,293.15,species,0.0203,dimensionless,true-species-liquid-mole-fraction,Matin2012_state_005-meacoo,0.00303,historical calibration; same unchanged objective,training-selection
Matin2012_state_006,Matin2012_state_006::MEA,Matin2012,sha256:8c07df9efd1c1ecbd775ccdd42791e0cef1880b3837e5749a60d2142aa85809e,293.15,species,0.0668,dimensionless,true-species-liquid-mole-fraction,Matin2012_state_006-mea,0.00768,historical calibration; same unchanged objective,training-selection
Matin2012_state_006,Matin2012_state_006::MEAH+,Matin2012,sha256:8c07df9efd1c1ecbd775ccdd42791e0cef1880b3837e5749a60d2142aa85809e,293.15,species,0.0234,dimensionless,true-species-liquid-mole-fraction,Matin2012_state_006-meah,0.00334,historical calibration; same unchanged objective,training-selection
Matin2012_state_006,Matin2012_state_006::MEACOO-,Matin2012,sha256:8c07df9efd1c1ecbd775ccdd42791e0cef1880b3837e5749a60d2142aa85809e,293.15,species,0.0228,dimensionless,true-species-liquid-mole-fraction,Matin2012_state_006-meacoo,0.0032800000000000004,historical calibration; same unchanged objective,training-selection
Matin2012_state_007,Matin2012_state_007::MEA,Matin2012,sha256:8c07df9efd1c1ecbd775ccdd42791e0cef1880b3837e5749a60d2142aa85809e,293.15,species,0.0618,dimensionless,true-species-liquid-mole-fraction,Matin2012_state_007-mea,0.007180000000000001,historical calibration; same unchanged objective,training-selection
Matin2012_state_007,Matin2012_state_007::MEAH+,Matin2012,sha256:8c07df9efd1c1ecbd775ccdd42791e0cef1880b3837e5749a60d2142aa85809e,293.15,species,0.0257,dimensionless,true-species-liquid-mole-fraction,Matin2012_state_007-meah,0.0035700000000000003,historical calibration; same unchanged objective,training-selection
Matin2012_state_007,Matin2012_state_007::MEACOO-,Matin2012,sha256:8c07df9efd1c1ecbd775ccdd42791e0cef1880b3837e5749a60d2142aa85809e,293.15,species,0.0252,dimensionless,true-species-liquid-mole-fraction,Matin2012_state_007-meacoo,0.00352,historical calibration; same unchanged objective,training-selection
Matin2012_state_008,Matin2012_state_008::MEA,Matin2012,sha256:8c07df9efd1c1ecbd775ccdd42791e0cef1880b3837e5749a60d2142aa85809e,293.15,species,0.0568,dimensionless,true-species-liquid-mole-fraction,Matin2012_state_008-mea,0.006680000000000001,historical calibration; same unchanged objective,training-selection
Matin2012_state_008,Matin2012_state_008::MEAH+,Matin2012,sha256:8c07df9efd1c1ecbd775ccdd42791e0cef1880b3837e5749a60d2142aa85809e,293.15,species,0.0281,dimensionless,true-species-liquid-mole-fraction,Matin2012_state_008-meah,0.00381,historical calibration; same unchanged objective,training-selection
Matin2012_state_008,Matin2012_state_008::MEACOO-,Matin2012,sha256:8c07df9efd1c1ecbd775ccdd42791e0cef1880b3837e5749a60d2142aa85809e,293.15,species,0.0276,dimensionless,true-species-liquid-mole-fraction,Matin2012_state_008-meacoo,0.0037600000000000003,historical calibration; same unchanged objective,training-selection
Matin2012_state_009,Matin2012_state_009::MEA,Matin2012,sha256:8c07df9efd1c1ecbd775ccdd42791e0cef1880b3837e5749a60d2142aa85809e,293.15,species,0.0518,dimensionless,true-species-liquid-mole-fraction,Matin2012_state_009-mea,0.006180000000000001,historical calibration; same unchanged objective,training-selection
Matin2012_state_009,Matin2012_state_009::MEAH+,Matin2012,sha256:8c07df9efd1c1ecbd775ccdd42791e0cef1880b3837e5749a60d2142aa85809e,293.15,species,0.0304,dimensionless,true-species-liquid-mole-fraction,Matin2012_state_009-meah,0.00404,historical calibration; same unchanged objective,training-selection
Matin2012_state_009,Matin2012_state_009::MEACOO-,Matin2012,sha256:8c07df9efd1c1ecbd775ccdd42791e0cef1880b3837e5749a60d2142aa85809e,293.15,species,0.0299,dimensionless,true-species-liquid-mole-fraction,Matin2012_state_009-meacoo,0.0039900000000000005,historical calibration; same unchanged objective,training-selection
Matin2012_state_010,Matin2012_state_010::MEA,Matin2012,sha256:8c07df9efd1c1ecbd775ccdd42791e0cef1880b3837e5749a60d2142aa85809e,293.15,species,0.0469,dimensionless,true-species-liquid-mole-fraction,Matin2012_state_010-mea,0.00569,historical calibration; same unchanged objective,training-selection
Matin2012_state_010,Matin2012_state_010::MEAH+,Matin2012,sha256:8c07df9efd1c1ecbd775ccdd42791e0cef1880b3837e5749a60d2142aa85809e,293.15,species,0.0327,dimensionless,true-species-liquid-mole-fraction,Matin2012_state_010-meah,0.00427,historical calibration; same unchanged objective,training-selection
Matin2012_state_010,Matin2012_state_010::MEACOO-,Matin2012,sha256:8c07df9efd1c1ecbd775ccdd42791e0cef1880b3837e5749a60d2142aa85809e,293.15,species,0.0321,dimensionless,true-species-liquid-mole-fraction,Matin2012_state_010-meacoo,0.00421,historical calibration; same unchanged objective,training-selection
Matin2012_state_011,Matin2012_state_011::MEA,Matin2012,sha256:8c07df9efd1c1ecbd775ccdd42791e0cef1880b3837e5749a60d2142aa85809e,293.15,species,0.0419,dimensionless,true-species-liquid-mole-fraction,Matin2012_state_011-mea,0.00519,historical calibration; same unchanged objective,training-selection
Matin2012_state_011,Matin2012_state_011::MEAH+,Matin2012,sha256:8c07df9efd1c1ecbd775ccdd42791e0cef1880b3837e5749a60d2142aa85809e,293.15,species,0.0349,dimensionless,true-species-liquid-mole-fraction,Matin2012_state_011-meah,0.00449,historical calibration; same unchanged objective,training-selection
Matin2012_state_011,Matin2012_state_011::MEACOO-,Matin2012,sha256:8c07df9efd1c1ecbd775ccdd42791e0cef1880b3837e5749a60d2142aa85809e,293.15,species,0.0342,dimensionless,true-species-liquid-mole-fraction,Matin2012_state_011-meacoo,0.00442,historical calibration; same unchanged objective,training-selection
Matin2012_state_012,Matin2012_state_012::MEA,Matin2012,sha256:8c07df9efd1c1ecbd775ccdd42791e0cef1880b3837e5749a60d2142aa85809e,293.15,species,0.0371,dimensionless,true-species-liquid-mole-fraction,Matin2012_state_012-mea,0.004710000000000001,historical calibration; same unchanged objective,training-selection
Matin2012_state_012,Matin2012_state_012::MEAH+,Matin2012,sha256:8c07df9efd1c1ecbd775ccdd42791e0cef1880b3837e5749a60d2142aa85809e,293.15,species,0.0372,dimensionless,true-species-liquid-mole-fraction,Matin2012_state_012-meah,0.00472,historical calibration; same unchanged objective,training-selection
Matin2012_state_012,Matin2012_state_012::MEACOO-,Matin2012,sha256:8c07df9efd1c1ecbd775ccdd42791e0cef1880b3837e5749a60d2142aa85809e,293.15,species,0.0362,dimensionless,true-species-liquid-mole-fraction,Matin2012_state_012-meacoo,0.004620000000000001,historical calibration; same unchanged objective,training-selection
Matin2012_state_013,Matin2012_state_013::MEA,Matin2012,sha256:8c07df9efd1c1ecbd775ccdd42791e0cef1880b3837e5749a60d2142aa85809e,293.15,species,0.0322,dimensionless,true-species-liquid-mole-fraction,Matin2012_state_013-mea,0.00422,historical calibration; same unchanged objective,training-selection
Matin2012_state_013,Matin2012_state_013::MEAH+,Matin2012,sha256:8c07df9efd1c1ecbd775ccdd42791e0cef1880b3837e5749a60d2142aa85809e,293.15,species,0.0394,dimensionless,true-species-liquid-mole-fraction,Matin2012_state_013-meah,0.00494,historical calibration; same unchanged objective,training-selection
Matin2012_state_013,Matin2012_state_013::MEACOO-,Matin2012,sha256:8c07df9efd1c1ecbd775ccdd42791e0cef1880b3837e5749a60d2142aa85809e,293.15,species,0.0381,dimensionless,true-species-liquid-mole-fraction,Matin2012_state_013-meacoo,0.00481,historical calibration; same unchanged objective,training-selection
Matin2012_state_014,Matin2012_state_014::MEA,Matin2012,sha256:8c07df9efd1c1ecbd775ccdd42791e0cef1880b3837e5749a60d2142aa85809e,293.15,species,0.0274,dimensionless,true-species-liquid-mole-fraction,Matin2012_state_014-mea,0.0037400000000000003,historical calibration; same unchanged objective,training-selection
Matin2012_state_014,Matin2012_state_014::MEAH+,Matin2012,sha256:8c07df9efd1c1ecbd775ccdd42791e0cef1880b3837e5749a60d2142aa85809e,293.15,species,0.0415,dimensionless,true-species-liquid-mole-fraction,Matin2012_state_014-meah,0.00515,historical calibration; same unchanged objective,training-selection
Matin2012_state_014,Matin2012_state_014::MEACOO-,Matin2012,sha256:8c07df9efd1c1ecbd775ccdd42791e0cef1880b3837e5749a60d2142aa85809e,293.15,species,0.04,dimensionless,true-species-liquid-mole-fraction,Matin2012_state_014-meacoo,0.005,historical calibration; same unchanged objective,training-selection
Matin2012_state_015,Matin2012_state_015::MEA,Matin2012,sha256:8c07df9efd1c1ecbd775ccdd42791e0cef1880b3837e5749a60d2142aa85809e,293.15,species,0.0227,dimensionless,true-species-liquid-mole-fraction,Matin2012_state_015-mea,0.0032700000000000003,historical calibration; same unchanged objective,training-selection
Matin2012_state_015,Matin2012_state_015::MEAH+,Matin2012,sha256:8c07df9efd1c1ecbd775ccdd42791e0cef1880b3837e5749a60d2142aa85809e,293.15,species,0.0436,dimensionless,true-species-liquid-mole-fraction,Matin2012_state_015-meah,0.00536,historical calibration; same unchanged objective,training-selection
Matin2012_state_015,Matin2012_state_015::MEACOO-,Matin2012,sha256:8c07df9efd1c1ecbd775ccdd42791e0cef1880b3837e5749a60d2142aa85809e,293.15,species,0.0417,dimensionless,true-species-liquid-mole-fraction,Matin2012_state_015-meacoo,0.00517,historical calibration; same unchanged objective,training-selection
Matin2012_state_017,Matin2012_state_017::MEA,Matin2012,sha256:8c07df9efd1c1ecbd775ccdd42791e0cef1880b3837e5749a60d2142aa85809e,293.15,species,0.0135,dimensionless,true-species-liquid-mole-fraction,Matin2012_state_017-mea,0.00235,historical calibration; same unchanged objective,training-selection
Matin2012_state_017,Matin2012_state_017::MEAH+,Matin2012,sha256:8c07df9efd1c1ecbd775ccdd42791e0cef1880b3837e5749a60d2142aa85809e,293.15,species,0.0477,dimensionless,true-species-liquid-mole-fraction,Matin2012_state_017-meah,0.00577,historical calibration; same unchanged objective,training-selection
Matin2012_state_017,Matin2012_state_017::MEACOO-,Matin2012,sha256:8c07df9efd1c1ecbd775ccdd42791e0cef1880b3837e5749a60d2142aa85809e,293.15,species,0.0448,dimensionless,true-species-liquid-mole-fraction,Matin2012_state_017-meacoo,0.0054800000000000005,historical calibration; same unchanged objective,training-selection
Matin2012_state_018,Matin2012_state_018::MEA,Matin2012,sha256:8c07df9efd1c1ecbd775ccdd42791e0cef1880b3837e5749a60d2142aa85809e,293.15,species,0.009,dimensionless,true-species-liquid-mole-fraction,Matin2012_state_018-mea,0.0019,historical calibration; same unchanged objective,training-selection
Matin2012_state_018,Matin2012_state_018::MEAH+,Matin2012,sha256:8c07df9efd1c1ecbd775ccdd42791e0cef1880b3837e5749a60d2142aa85809e,293.15,species,0.0496,dimensionless,true-species-liquid-mole-fraction,Matin2012_state_018-meah,0.00596,historical calibration; same unchanged objective,training-selection
Matin2012_state_018,Matin2012_state_018::MEACOO-,Matin2012,sha256:8c07df9efd1c1ecbd775ccdd42791e0cef1880b3837e5749a60d2142aa85809e,293.15,species,0.0462,dimensionless,true-species-liquid-mole-fraction,Matin2012_state_018-meacoo,0.00562,historical calibration; same unchanged objective,training-selection
Matin2012_state_019,Matin2012_state_019::MEA,Matin2012,sha256:8c07df9efd1c1ecbd775ccdd42791e0cef1880b3837e5749a60d2142aa85809e,293.15,species,0.0046,dimensionless,true-species-liquid-mole-fraction,Matin2012_state_019-mea,0.00146,historical calibration; same unchanged objective,training-selection
Matin2012_state_019,Matin2012_state_019::MEAH+,Matin2012,sha256:8c07df9efd1c1ecbd775ccdd42791e0cef1880b3837e5749a60d2142aa85809e,293.15,species,0.0515,dimensionless,true-species-liquid-mole-fraction,Matin2012_state_019-meah,0.00615,historical calibration; same unchanged objective,training-selection
Matin2012_state_019,Matin2012_state_019::MEACOO-,Matin2012,sha256:8c07df9efd1c1ecbd775ccdd42791e0cef1880b3837e5749a60d2142aa85809e,293.15,species,0.0475,dimensionless,true-species-liquid-mole-fraction,Matin2012_state_019-meacoo,0.005750000000000001,historical calibration; same unchanged objective,training-selection
