identity,target,source,temperature_k,quantity,observed,predicted,ln_pred_over_obs,scaled_residual,cost,status,numerically_complete,parameter_sha256
vle_obs_0119,vle_obs_0119-pco2,Hilliard2008,313.15,pressure,5.7,5.388532630103099,-0.056193066296416086,-0.18731022098805364,0.017542559443296746,evaluated,True,9fbdb68e6fb745e9b060a0b7f8989c159c99fb7a714a630cc8b46cf8e38d5467
vle_obs_0120,vle_obs_0120-pco2,Hilliard2008,313.15,pressure,6.64,6.207609994810076,-0.06733600558182644,-0.22445335193942148,0.0251896535984209,evaluated,True,9fbdb68e6fb745e9b060a0b7f8989c159c99fb7a714a630cc8b46cf8e38d5467
vle_obs_0121,vle_obs_0121-pco2,Hilliard2008,313.15,pressure,7.21,6.834263182906747,-0.05352028753071367,-0.17840095843571224,0.015913450985390362,evaluated,True,9fbdb68e6fb745e9b060a0b7f8989c159c99fb7a714a630cc8b46cf8e38d5467
vle_obs_0122,vle_obs_0122-pco2,Hilliard2008,313.15,pressure,9.950000000000001,9.017012964874253,-0.09845942882807486,-0.32819809609358286,0.053856995139726326,evaluated,True,9fbdb68e6fb745e9b060a0b7f8989c159c99fb7a714a630cc8b46cf8e38d5467
vle_obs_0123,vle_obs_0123-pco2,Hilliard2008,313.15,pressure,9.85,9.370493342974845,-0.04990570898833918,-0.16635236329446396,0.01383655438682666,evaluated,True,9fbdb68e6fb745e9b060a0b7f8989c159c99fb7a714a630cc8b46cf8e38d5467
vle_obs_0124,vle_obs_0124-pco2,Hilliard2008,313.15,pressure,14.6,15.010184516253277,0.027707409743815782,0.09235803247938594,0.004265003081731654,evaluated,True,9fbdb68e6fb745e9b060a0b7f8989c159c99fb7a714a630cc8b46cf8e38d5467
vle_obs_0125,vle_obs_0125-pco2,Hilliard2008,313.15,pressure,19.099999999999998,17.778253990469757,-0.07171231054981696,-0.23904103516605654,0.02857030824662994,evaluated,True,9fbdb68e6fb745e9b060a0b7f8989c159c99fb7a714a630cc8b46cf8e38d5467
vle_obs_0126,vle_obs_0126-pco2,Hilliard2008,313.15,pressure,23.099999999999998,23.46239187793717,0.015566176081759083,0.05188725360586361,0.0013461435433796032,evaluated,True,9fbdb68e6fb745e9b060a0b7f8989c159c99fb7a714a630cc8b46cf8e38d5467
vle_obs_0127,vle_obs_0127-pco2,Hilliard2008,313.15,pressure,22.4,24.330593020296853,0.08267357167343517,0.27557857224478394,0.0379717747402368,evaluated,True,9fbdb68e6fb745e9b060a0b7f8989c159c99fb7a714a630cc8b46cf8e38d5467
vle_obs_0128,vle_obs_0128-pco2,Hilliard2008,313.15,pressure,48.5,47.895861774535014,-0.012534690274630006,-0.041782300915433356,0.0008728803348939115,evaluated,True,9fbdb68e6fb745e9b060a0b7f8989c159c99fb7a714a630cc8b46cf8e38d5467
vle_obs_0129,vle_obs_0129-pco2,Hilliard2008,313.15,pressure,66.19999999999999,64.6178303365285,-0.024190078837175465,-0.08063359612391822,0.00325088841193758,evaluated,True,9fbdb68e6fb745e9b060a0b7f8989c159c99fb7a714a630cc8b46cf8e38d5467
vle_obs_0130,vle_obs_0130-pco2,Hilliard2008,313.15,pressure,72.1,66.47065652489134,-0.08129344927563896,-0.2709781642521299,0.03671458275072714,evaluated,True,9fbdb68e6fb745e9b060a0b7f8989c159c99fb7a714a630cc8b46cf8e38d5467
vle_obs_0131,vle_obs_0131-pco2,Hilliard2008,313.15,pressure,96.60000000000001,76.80280863609144,-0.2293375309511,-0.7644584365036666,0.2921983505708152,evaluated,True,9fbdb68e6fb745e9b060a0b7f8989c159c99fb7a714a630cc8b46cf8e38d5467
vle_obs_0132,vle_obs_0132-pco2,Hilliard2008,313.15,pressure,131.0,107.88794071265416,-0.19410422073586203,-0.6470140691195402,0.20931360281931255,evaluated,True,9fbdb68e6fb745e9b060a0b7f8989c159c99fb7a714a630cc8b46cf8e38d5467
vle_obs_0133,vle_obs_0133-pco2,Hilliard2008,313.15,pressure,120.0,115.21323034655492,-0.04070715435634991,-0.13569051452116637,0.00920595786550943,evaluated,True,9fbdb68e6fb745e9b060a0b7f8989c159c99fb7a714a630cc8b46cf8e38d5467
vle_obs_0134,vle_obs_0134-pco2,Hilliard2008,313.15,pressure,113.0,121.14189713578698,0.06957474340618547,0.23191581135395156,0.026892471777980823,evaluated,True,9fbdb68e6fb745e9b060a0b7f8989c159c99fb7a714a630cc8b46cf8e38d5467
vle_obs_0135,vle_obs_0135-pco2,Hilliard2008,313.15,pressure,128.0,146.68078018531276,0.13622839823113472,0.4540946607704491,0.10310098047011461,evaluated,True,9fbdb68e6fb745e9b060a0b7f8989c159c99fb7a714a630cc8b46cf8e38d5467
vle_obs_0136,vle_obs_0136-pco2,Hilliard2008,313.15,pressure,750.0,627.4078942285431,-0.17847632840387212,-0.5949210946795738,0.1769655544473712,evaluated,True,9fbdb68e6fb745e9b060a0b7f8989c159c99fb7a714a630cc8b46cf8e38d5467
vle_obs_0137,vle_obs_0137-pco2,Hilliard2008,313.15,pressure,574.0,664.9215836263564,0.14703971802439103,0.49013239341463677,0.12011488153718014,evaluated,True,9fbdb68e6fb745e9b060a0b7f8989c159c99fb7a714a630cc8b46cf8e38d5467
vle_obs_0138,vle_obs_0138-pco2,Hilliard2008,313.15,pressure,883.0,1056.3163563790838,0.17921779870158286,0.5973926623386095,0.178438996508006,evaluated,True,9fbdb68e6fb745e9b060a0b7f8989c159c99fb7a714a630cc8b46cf8e38d5467
vle_obs_0139,vle_obs_0139-pco2,Hilliard2008,313.15,pressure,1100.0,1471.9260962849316,0.29126163291380824,0.9708721097126942,0.47129632670898886,evaluated,True,9fbdb68e6fb745e9b060a0b7f8989c159c99fb7a714a630cc8b46cf8e38d5467
vle_obs_0140,vle_obs_0140-pco2,Hilliard2008,313.15,pressure,1870.0,2074.7166176233554,0.10388614366958969,0.346287145565299,0.059957393591881285,evaluated,True,9fbdb68e6fb745e9b060a0b7f8989c159c99fb7a714a630cc8b46cf8e38d5467
vle_obs_0141,vle_obs_0141-pco2,Hilliard2008,313.15,pressure,3030.0,3722.135353634146,0.20573490387155985,0.6857830129051995,0.2351491703946665,evaluated,True,9fbdb68e6fb745e9b060a0b7f8989c159c99fb7a714a630cc8b46cf8e38d5467
vle_obs_0142,vle_obs_0142-pco2,Hilliard2008,313.15,pressure,28300.0,26532.637993943124,-0.06448620706877929,-0.21495402356259766,0.023102616122874894,evaluated,True,9fbdb68e6fb745e9b060a0b7f8989c159c99fb7a714a630cc8b46cf8e38d5467
vle_obs_0143,vle_obs_0143-pco2,Hilliard2008,333.15,pressure,19.400000000000002,17.198614802645068,-0.1204442202229086,-0.40148073407636203,0.08059338991724727,evaluated,True,9fbdb68e6fb745e9b060a0b7f8989c159c99fb7a714a630cc8b46cf8e38d5467
vle_obs_0144,vle_obs_0144-pco2,Hilliard2008,333.15,pressure,58.9,51.48765642651024,-0.13449899275457722,-0.44832997584859074,0.10049988362219898,evaluated,True,9fbdb68e6fb745e9b060a0b7f8989c159c99fb7a714a630cc8b46cf8e38d5467
vle_obs_0145,vle_obs_0145-pco2,Hilliard2008,333.15,pressure,209.0,166.88798115741417,-0.22501143612840857,-0.7500381204280286,0.281278591047605,evaluated,True,9fbdb68e6fb745e9b060a0b7f8989c159c99fb7a714a630cc8b46cf8e38d5467
vle_obs_0146,vle_obs_0146-pco2,Hilliard2008,333.15,pressure,763.0,594.2164506153212,-0.2500143833222488,-0.8333812777408294,0.3472621770444687,evaluated,True,9fbdb68e6fb745e9b060a0b7f8989c159c99fb7a714a630cc8b46cf8e38d5467
vle_obs_0147,vle_obs_0147-pco2,Hilliard2008,333.15,pressure,4860.0,5265.6749883186385,0.08017090236576875,0.2672363412192292,0.03570763103412014,evaluated,True,9fbdb68e6fb745e9b060a0b7f8989c159c99fb7a714a630cc8b46cf8e38d5467
vle_obs_0148,vle_obs_0148-pco2,Hilliard2008,333.15,pressure,25800.0,30224.904420490566,0.15829174230163678,0.527639141005456,0.1392015315604877,evaluated,True,9fbdb68e6fb745e9b060a0b7f8989c159c99fb7a714a630cc8b46cf8e38d5467
vle_obs_0149,vle_obs_0149-pco2,Hilliard2008,333.15,pressure,50200.0,51097.974108278926,0.01772982409551708,0.059099413651723595,0.0017463703469887666,evaluated,True,9fbdb68e6fb745e9b060a0b7f8989c159c99fb7a714a630cc8b46cf8e38d5467
vle_obs_0186,vle_obs_0186-pco2,Jou1995,313.15,pressure,1.47,1.782987375478703,0.19302785757101387,0.6434261919033796,0.20699863221364231,evaluated,True,9fbdb68e6fb745e9b060a0b7f8989c159c99fb7a714a630cc8b46cf8e38d5467
vle_obs_0187,vle_obs_0187-pco2,Jou1995,313.15,pressure,8.959999999999999,10.501931649646952,0.1587889798898958,0.529296599632986,0.14007744519152077,evaluated,True,9fbdb68e6fb745e9b060a0b7f8989c159c99fb7a714a630cc8b46cf8e38d5467
vle_obs_0188,vle_obs_0188-pco2,Jou1995,313.15,pressure,67.7,82.73307574459201,0.20053329069735493,0.6684443023245165,0.22340889265505479,evaluated,True,9fbdb68e6fb745e9b060a0b7f8989c159c99fb7a714a630cc8b46cf8e38d5467
vle_obs_0189,vle_obs_0189-pco2,Jou1995,313.15,pressure,604.0,833.1751649159768,0.3216697041378413,1.0722323471261377,0.5748411031118131,evaluated,True,9fbdb68e6fb745e9b060a0b7f8989c159c99fb7a714a630cc8b46cf8e38d5467
vle_obs_0190,vle_obs_0190-pco2,Jou1995,313.15,pressure,2570.0,3140.3241462523433,0.20042012697560577,0.6680670899186859,0.2231568183162108,evaluated,True,9fbdb68e6fb745e9b060a0b7f8989c159c99fb7a714a630cc8b46cf8e38d5467
vle_obs_0191,vle_obs_0191-pco2,Jou1995,313.15,pressure,8090.0,12085.256044418496,0.40135746982117615,1.337858232737254,0.8949323254514241,evaluated,True,9fbdb68e6fb745e9b060a0b7f8989c159c99fb7a714a630cc8b46cf8e38d5467
vle_obs_0192,vle_obs_0192-pco2,Jou1995,313.15,pressure,36100.0,37472.38994124539,0.03731152822550296,0.12437176075167654,0.007734167436236134,evaluated,True,9fbdb68e6fb745e9b060a0b7f8989c159c99fb7a714a630cc8b46cf8e38d5467
vle_obs_0193,vle_obs_0193-pco2,Jou1995,313.15,pressure,103000.0,64388.33899629451,-0.46979644300085877,-1.565988143336196,1.226159432534773,evaluated,True,9fbdb68e6fb745e9b060a0b7f8989c159c99fb7a714a630cc8b46cf8e38d5467
vle_obs_0194,vle_obs_0194-pco2,Jou1995,333.15,pressure,4.28,4.669676409883919,0.08713676844093776,0.2904558948031259,0.04218231341294227,evaluated,True,9fbdb68e6fb745e9b060a0b7f8989c159c99fb7a714a630cc8b46cf8e38d5467
vle_obs_0195,vle_obs_0195-pco2,Jou1995,333.15,pressure,19.3,18.71404392972615,-0.03083084163408843,-0.1027694721136281,0.005280782199256891,evaluated,True,9fbdb68e6fb745e9b060a0b7f8989c159c99fb7a714a630cc8b46cf8e38d5467
vle_obs_0196,vle_obs_0196-pco2,Jou1995,333.15,pressure,57.9,61.82023183200937,0.06551330223137265,0.2183776741045755,0.023844404273662096,evaluated,True,9fbdb68e6fb745e9b060a0b7f8989c159c99fb7a714a630cc8b46cf8e38d5467
vle_obs_0197,vle_obs_0197-pco2,Jou1995,333.15,pressure,528.0,623.4913806657092,0.16623865720553999,0.5541288573518,0.15352939527500573,evaluated,True,9fbdb68e6fb745e9b060a0b7f8989c159c99fb7a714a630cc8b46cf8e38d5467
vle_obs_0198,vle_obs_0198-pco2,Jou1995,333.15,pressure,2009.9999999999998,1563.511884010691,-0.2512002232818473,-0.8373340776061577,0.3505641787602775,evaluated,True,9fbdb68e6fb745e9b060a0b7f8989c159c99fb7a714a630cc8b46cf8e38d5467
vle_obs_0199,vle_obs_0199-pco2,Jou1995,333.15,pressure,11000.0,9362.76913429804,-0.16115417838175114,-0.5371805946058371,0.14428149561054035,evaluated,True,9fbdb68e6fb745e9b060a0b7f8989c159c99fb7a714a630cc8b46cf8e38d5467
vle_obs_0200,vle_obs_0200-pco2,Jou1995,333.15,pressure,34000.0,46493.32361645312,0.3129481995280281,1.043160665093427,0.5440920865990806,evaluated,True,9fbdb68e6fb745e9b060a0b7f8989c159c99fb7a714a630cc8b46cf8e38d5467
vle_obs_0201,vle_obs_0201-pco2,Jou1995,333.15,pressure,82000.0,69726.73148820658,-0.16213548095460403,-0.5404516031820135,0.14604396769100428,evaluated,True,9fbdb68e6fb745e9b060a0b7f8989c159c99fb7a714a630cc8b46cf8e38d5467
vle_obs_0202,vle_obs_0202-pco2,Jou1995,333.15,pressure,282000.0,293887.25555499335,0.041289138344755304,0.13763046114918434,0.00947107191806857,evaluated,True,9fbdb68e6fb745e9b060a0b7f8989c159c99fb7a714a630cc8b46cf8e38d5467
Bottinger2008_state_030,Bottinger2008_state_030::MEA + MEAH+,Bottinger2008,293.15,species,0.1054,0.10393407753655652,-0.014005807787114178,-0.12702967620827316,0.008068269318789359,evaluated,True,9fbdb68e6fb745e9b060a0b7f8989c159c99fb7a714a630cc8b46cf8e38d5467
Bottinger2008_state_030,Bottinger2008_state_030::MEACOO-,Bottinger2008,293.15,species,0.0086,0.008284791171526038,-0.03734075830801251,-0.16946711208277535,0.014359551038837971,evaluated,True,9fbdb68e6fb745e9b060a0b7f8989c159c99fb7a714a630cc8b46cf8e38d5467
Bottinger2008_state_031,Bottinger2008_state_031::MEA + MEAH+,Bottinger2008,293.15,species,0.0966,0.09573281198295787,-0.009017638587809627,-0.08134972017280827,0.0033088884860971043,evaluated,True,9fbdb68e6fb745e9b060a0b7f8989c159c99fb7a714a630cc8b46cf8e38d5467
Bottinger2008_state_031,Bottinger2008_state_031::MEACOO-,Bottinger2008,293.15,species,0.0171,0.016486056186710916,-0.03656351947641805,-0.22654753257899782,0.02566189225881604,evaluated,True,9fbdb68e6fb745e9b060a0b7f8989c159c99fb7a714a630cc8b46cf8e38d5467
Bottinger2008_state_032,Bottinger2008_state_032::MEA + MEAH+,Bottinger2008,293.15,species,0.0871,0.08664515193791943,-0.005235819199554307,-0.04684326077039862,0.001097145539801783,evaluated,True,9fbdb68e6fb745e9b060a0b7f8989c159c99fb7a714a630cc8b46cf8e38d5467
Bottinger2008_state_032,Bottinger2008_state_032::MEACOO-,Bottinger2008,293.15,species,0.0267,0.025573714787831266,-0.043098507506440994,-0.30688970358821116,0.047090645084230054,evaluated,True,9fbdb68e6fb745e9b060a0b7f8989c159c99fb7a714a630cc8b46cf8e38d5467
Bottinger2008_state_033,Bottinger2008_state_033::MEA + MEAH+,Bottinger2008,293.15,species,0.078,0.07908486152816141,0.013812645800149903,0.12327971910925112,0.007598944571827928,evaluated,True,9fbdb68e6fb745e9b060a0b7f8989c159c99fb7a714a630cc8b46cf8e38d5467
Bottinger2008_state_033,Bottinger2008_state_033::MEACOO-,Bottinger2008,293.15,species,0.0349,0.03313400208926806,-0.05192682063692643,-0.3933180202075589,0.07734953250999686,evaluated,True,9fbdb68e6fb745e9b060a0b7f8989c159c99fb7a714a630cc8b46cf8e38d5467
Bottinger2008_state_034,Bottinger2008_state_034::MEA + MEAH+,Bottinger2008,293.15,species,0.0678,0.0717593034600115,0.056755316235503325,0.5089078997444085,0.12949362521113247,evaluated,True,9fbdb68e6fb745e9b060a0b7f8989c159c99fb7a714a630cc8b46cf8e38d5467
Bottinger2008_state_034,Bottinger2008_state_034::MEACOO-,Bottinger2008,293.15,species,0.043,0.0404595495133696,-0.060897418139289256,-0.479330280496301,0.1148787589003313,evaluated,True,9fbdb68e6fb745e9b060a0b7f8989c159c99fb7a714a630cc8b46cf8e38d5467
Bottinger2008_state_035,Bottinger2008_state_035::MEA + MEAH+,Bottinger2008,293.15,species,0.062,0.06607387756344663,0.06363908799029235,0.5658163282564758,0.16007405866081997,evaluated,True,9fbdb68e6fb745e9b060a0b7f8989c159c99fb7a714a630cc8b46cf8e38d5467
Bottinger2008_state_035,Bottinger2008_state_035::MEACOO-,Bottinger2008,293.15,species,0.0493,0.04614487043462033,-0.06613827612309839,-0.5320623213119167,0.14154515687991262,evaluated,True,9fbdb68e6fb745e9b060a0b7f8989c159c99fb7a714a630cc8b46cf8e38d5467
Bottinger2008_state_043,Bottinger2008_state_043::MEA + MEAH+,Bottinger2008,313.15,species,0.0934,0.08975935519137218,-0.03975908718304758,-0.35209330837793196,0.06198484890225874,evaluated,True,9fbdb68e6fb745e9b060a0b7f8989c159c99fb7a714a630cc8b46cf8e38d5467
Bottinger2008_state_043,Bottinger2008_state_043::MEACOO-,Bottinger2008,313.15,species,0.0241,0.02245950619351852,-0.0704978774690363,-0.48108322770717843,0.11572053599057845,evaluated,True,9fbdb68e6fb745e9b060a0b7f8989c159c99fb7a714a630cc8b46cf8e38d5467
Bottinger2008_state_044,Bottinger2008_state_044::MEA + MEAH+,Bottinger2008,313.15,species,0.0876,0.0864422495675486,-0.013304442029284635,-0.11862197053805257,0.007035585947165306,evaluated,True,9fbdb68e6fb745e9b060a0b7f8989c159c99fb7a714a630cc8b46cf8e38d5467
Bottinger2008_state_044,Bottinger2008_state_044::MEACOO-,Bottinger2008,313.15,species,0.0271,0.025776608620564696,-0.050066289820858784,-0.35670926669415165,0.0636207504727397,evaluated,True,9fbdb68e6fb745e9b060a0b7f8989c159c99fb7a714a630cc8b46cf8e38d5467
Bottinger2008_state_045,Bottinger2008_state_045::MEA + MEAH+,Bottinger2008,313.15,species,0.084,0.08180781203896738,-0.026444058095741463,-0.23321148521623683,0.027193798418381526,evaluated,True,9fbdb68e6fb745e9b060a0b7f8989c159c99fb7a714a630cc8b46cf8e38d5467
Bottinger2008_state_045,Bottinger2008_state_045::MEACOO-,Bottinger2008,313.15,species,0.0327,0.030411039337376728,-0.07256939931106818,-0.536056361270087,0.14367821122906305,evaluated,True,9fbdb68e6fb745e9b060a0b7f8989c159c99fb7a714a630cc8b46cf8e38d5467
Bottinger2008_state_047,Bottinger2008_state_047::MEA + MEAH+,Bottinger2008,313.15,species,0.0749,0.07434027449610728,-0.007501033219301694,-0.06592762118877693,0.0021732256178054344,evaluated,True,9fbdb68e6fb745e9b060a0b7f8989c159c99fb7a714a630cc8b46cf8e38d5467
Bottinger2008_state_047,Bottinger2008_state_047::MEACOO-,Bottinger2008,313.15,species,0.041,0.03787855167666292,-0.07918703362998256,-0.6120486908504088,0.18730179998584964,evaluated,True,9fbdb68e6fb745e9b060a0b7f8989c159c99fb7a714a630cc8b46cf8e38d5467
Bottinger2008_state_048,Bottinger2008_state_048::MEA + MEAH+,Bottinger2008,313.15,species,0.065,0.06567488655938104,0.010329338371559305,0.0899848745841388,0.004048638826961594,evaluated,True,9fbdb68e6fb745e9b060a0b7f8989c159c99fb7a714a630cc8b46cf8e38d5467
Bottinger2008_state_048,Bottinger2008_state_048::MEACOO-,Bottinger2008,313.15,species,0.0492,0.046543677126878756,-0.055502458713471085,-0.4487031880272372,0.10066727547290308,evaluated,True,9fbdb68e6fb745e9b060a0b7f8989c159c99fb7a714a630cc8b46cf8e38d5467
Bottinger2008_state_049,Bottinger2008_state_049::MEA + MEAH+,Bottinger2008,313.15,species,0.0663,0.06537206239502256,-0.014094910500490285,-0.12161698623557443,0.00739534567051195,evaluated,True,9fbdb68e6fb745e9b060a0b7f8989c159c99fb7a714a630cc8b46cf8e38d5467
Bottinger2008_state_049,Bottinger2008_state_049::MEACOO-,Bottinger2008,313.15,species,0.0502,0.04684644572026585,-0.06913988598686724,-0.5570688172315871,0.1551628335658997,evaluated,True,9fbdb68e6fb745e9b060a0b7f8989c159c99fb7a714a630cc8b46cf8e38d5467
Bottinger2008_state_049,Bottinger2008_state_049::HCO3-,Bottinger2008,313.15,species,0.004,0.005444164165591671,0.30824987854010183,1.0315458325654794,0.532043402341604,evaluated,True,9fbdb68e6fb745e9b060a0b7f8989c159c99fb7a714a630cc8b46cf8e38d5467
Bottinger2008_state_050,Bottinger2008_state_050::MEA + MEAH+,Bottinger2008,313.15,species,0.0646,0.06465685633877077,0.0008797419966447467,0.007621493132810904,2.904357878674188e-05,evaluated,True,9fbdb68e6fb745e9b060a0b7f8989c159c99fb7a714a630cc8b46cf8e38d5467
Bottinger2008_state_050,Bottinger2008_state_050::MEACOO-,Bottinger2008,313.15,species,0.0511,0.047561321140371746,-0.07176464737987606,-0.5791618428196815,0.16771422008914474,evaluated,True,9fbdb68e6fb745e9b060a0b7f8989c159c99fb7a714a630cc8b46cf8e38d5467
Bottinger2008_state_050,Bottinger2008_state_050::HCO3-,Bottinger2008,313.15,species,0.0052,0.007082770045376646,0.30900645494716267,1.2386645035372674,0.7671448761616126,evaluated,True,9fbdb68e6fb745e9b060a0b7f8989c159c99fb7a714a630cc8b46cf8e38d5467
Bottinger2008_state_055,Bottinger2008_state_055::MEA + MEAH+,Bottinger2008,333.15,species,0.0974,0.09782239547886426,0.00432733280389653,0.03932918797618806,0.0007733925134331679,evaluated,True,9fbdb68e6fb745e9b060a0b7f8989c159c99fb7a714a630cc8b46cf8e38d5467
Bottinger2008_state_055,Bottinger2008_state_055::MEACOO-,Bottinger2008,333.15,species,0.0147,0.014396459786553566,-0.02086516558434995,-0.12289077467466958,0.007551071250070205,evaluated,True,9fbdb68e6fb745e9b060a0b7f8989c159c99fb7a714a630cc8b46cf8e38d5467
Bottinger2008_state_056,Bottinger2008_state_056::MEA + MEAH+,Bottinger2008,333.15,species,0.0905,0.09001086857752227,-0.0054194256942856215,-0.048669793281365496,0.001184374389025425,evaluated,True,9fbdb68e6fb745e9b060a0b7f8989c159c99fb7a714a630cc8b46cf8e38d5467
Bottinger2008_state_056,Bottinger2008_state_056::MEACOO-,Bottinger2008,333.15,species,0.0231,0.022207966618546345,-0.039381536331899475,-0.2694964898651522,0.03631417902481904,evaluated,True,9fbdb68e6fb745e9b060a0b7f8989c159c99fb7a714a630cc8b46cf8e38d5467
Bottinger2008_state_057,Bottinger2008_state_057::MEA + MEAH+,Bottinger2008,333.15,species,0.0791,0.08213439246956454,0.03764396346199301,0.3405603220611152,0.057990666481185255,evaluated,True,9fbdb68e6fb745e9b060a0b7f8989c159c99fb7a714a630cc8b46cf8e38d5467
Bottinger2008_state_057,Bottinger2008_state_057::MEACOO-,Bottinger2008,333.15,species,0.0302,0.030084401941925867,-0.0038350948515566844,-0.02875573583933676,0.00041344617183085834,evaluated,True,9fbdb68e6fb745e9b060a0b7f8989c159c99fb7a714a630cc8b46cf8e38d5467
Bottinger2008_state_058,Bottinger2008_state_058::MEA + MEAH+,Bottinger2008,333.15,species,0.0687,0.06868082857132828,-0.0002790990416281792,-0.0024360138083508896,2.9670816372381024e-06,evaluated,True,9fbdb68e6fb745e9b060a0b7f8989c159c99fb7a714a630cc8b46cf8e38d5467
Bottinger2008_state_058,Bottinger2008_state_058::MEACOO-,Bottinger2008,333.15,species,0.0417,0.04353759836646105,0.0431237662350509,0.35543488712979726,0.06316697949448585,evaluated,True,9fbdb68e6fb745e9b060a0b7f8989c159c99fb7a714a630cc8b46cf8e38d5467
Bottinger2008_state_058,Bottinger2008_state_058::HCO3-,Bottinger2008,333.15,species,0.0042,0.003029110531231044,-0.3268155029126291,-0.824570048428842,0.33995788238297137,evaluated,True,9fbdb68e6fb745e9b060a0b7f8989c159c99fb7a714a630cc8b46cf8e38d5467
Bottinger2008_state_059,Bottinger2008_state_059::MEA + MEAH+,Bottinger2008,333.15,species,0.068,0.06440705050289117,-0.0542845981997227,-0.4606345509113895,0.10609209474666874,evaluated,True,9fbdb68e6fb745e9b060a0b7f8989c159c99fb7a714a630cc8b46cf8e38d5467
Bottinger2008_state_059,Bottinger2008_state_059::MEACOO-,Bottinger2008,333.15,species,0.0424,0.047809306169051616,0.12007194803902567,1.0323103376052702,0.5328323165633535,evaluated,True,9fbdb68e6fb745e9b060a0b7f8989c159c99fb7a714a630cc8b46cf8e38d5467
Bottinger2008_state_059,Bottinger2008_state_059::HCO3-,Bottinger2008,333.15,species,0.0072,0.007042105497354804,-0.02217382423766129,-0.0917991294448813,0.004213540083419037,evaluated,True,9fbdb68e6fb745e9b060a0b7f8989c159c99fb7a714a630cc8b46cf8e38d5467
Matin2012_state_001,Matin2012_state_001::MEA,Matin2012,293.15,species,0.0915,0.08854554433779113,-0.03282192735599516,-0.2910793755870804,0.04236360144608231,evaluated,True,9fbdb68e6fb745e9b060a0b7f8989c159c99fb7a714a630cc8b46cf8e38d5467
Matin2012_state_001,Matin2012_state_001::MEAH+,Matin2012,293.15,species,0.0115,0.01198461175857157,0.04127643804764789,0.2254008179402649,0.02540276436407022,evaluated,True,9fbdb68e6fb745e9b060a0b7f8989c159c99fb7a714a630cc8b46cf8e38d5467
Matin2012_state_001,Matin2012_state_001::MEACOO-,Matin2012,293.15,species,0.0097,0.011688712442282182,0.18649774210209993,1.009498701666082,0.5095438143327525,evaluated,True,9fbdb68e6fb745e9b060a0b7f8989c159c99fb7a714a630cc8b46cf8e38d5467
Matin2012_state_002,Matin2012_state_002::MEA,Matin2012,293.15,species,0.0867,0.08364079415291553,-0.03592251437736227,-0.3163604805671631,0.05004197683234319,evaluated,True,9fbdb68e6fb745e9b060a0b7f8989c159c99fb7a714a630cc8b46cf8e38d5467
Matin2012_state_002,Matin2012_state_002::MEAH+,Matin2012,293.15,species,0.0139,0.014484946388134863,0.041221089878982535,0.2447474427342527,0.02995065536247815,evaluated,True,9fbdb68e6fb745e9b060a0b7f8989c159c99fb7a714a630cc8b46cf8e38d5467
Matin2012_state_002,Matin2012_state_002::MEACOO-,Matin2012,293.15,species,0.0124,0.014093127834840399,0.12799081836121692,0.7558606405537497,0.2856626539691624,evaluated,True,9fbdb68e6fb745e9b060a0b7f8989c159c99fb7a714a630cc8b46cf8e38d5467
Matin2012_state_003,Matin2012_state_003::MEA,Matin2012,293.15,species,0.0817,0.07873972386541842,-0.03690622327271488,-0.3228218249271079,0.05210696532463416,evaluated,True,9fbdb68e6fb745e9b060a0b7f8989c159c99fb7a714a630cc8b46cf8e38d5467
Matin2012_state_003,Matin2012_state_003::MEAH+,Matin2012,293.15,species,0.0162,0.01699308811753945,0.04779543782007289,0.30270538837383637,0.04581527607527756,evaluated,True,9fbdb68e6fb745e9b060a0b7f8989c159c99fb7a714a630cc8b46cf8e38d5467
Matin2012_state_003,Matin2012_state_003::MEACOO-,Matin2012,293.15,species,0.0151,0.016486056186710916,0.08782020021131756,0.5522136202035521,0.15246994116915646,evaluated,True,9fbdb68e6fb745e9b060a0b7f8989c159c99fb7a714a630cc8b46cf8e38d5467
Matin2012_state_004,Matin2012_state_004::MEA,Matin2012,293.15,species,0.0768,0.07362046836605222,-0.042281550282588704,-0.366305487782001,0.06708985518960485,evaluated,True,9fbdb68e6fb745e9b060a0b7f8989c159c99fb7a714a630cc8b46cf8e38d5467
Matin2012_state_004,Matin2012_state_004::MEAH+,Matin2012,293.15,species,0.0186,0.019625450368624283,0.0536656314057076,0.35854907993856105,0.06427872136239432,evaluated,True,9fbdb68e6fb745e9b060a0b7f8989c159c99fb7a714a630cc8b46cf8e38d5467
Matin2012_state_004,Matin2012_state_004::MEACOO-,Matin2012,293.15,species,0.0177,0.01897294916199951,0.06944959680668793,0.4595484339348411,0.10559238156598252,evaluated,True,9fbdb68e6fb745e9b060a0b7f8989c159c99fb7a714a630cc8b46cf8e38d5467
Matin2012_state_005,Matin2012_state_005::MEA,Matin2012,293.15,species,0.0718,0.06872895557010232,-0.04371388716442148,-0.37543330438846967,0.07047508302202266,evaluated,True,9fbdb68e6fb745e9b060a0b7f8989c159c99fb7a714a630cc8b46cf8e38d5467
Matin2012_state_005,Matin2012_state_005::MEAH+,Matin2012,293.15,species,0.021,0.022155302592809012,0.05355442482659116,0.3726782557448421,0.06944454115250896,evaluated,True,9fbdb68e6fb745e9b060a0b7f8989c159c99fb7a714a630cc8b46cf8e38d5467
Matin2012_state_005,Matin2012_state_005::MEACOO-,Matin2012,293.15,species,0.0203,0.021334609403529794,0.049709722645386575,0.3414552486897014,0.058295843428872916,evaluated,True,9fbdb68e6fb745e9b060a0b7f8989c159c99fb7a714a630cc8b46cf8e38d5467
Matin2012_state_006,Matin2012_state_006::MEA,Matin2012,293.15,species,0.0668,0.06362154323189337,-0.04875093749138247,-0.41386155834721744,0.08564069473879363,evaluated,True,9fbdb68e6fb745e9b060a0b7f8989c159c99fb7a714a630cc8b46cf8e38d5467
Matin2012_state_006,Matin2012_state_006::MEAH+,Matin2012,293.15,species,0.0234,0.024815422957100174,0.0587293309431546,0.4237793284731057,0.0897944596205582,evaluated,True,9fbdb68e6fb745e9b060a0b7f8989c159c99fb7a714a630cc8b46cf8e38d5467
Matin2012_state_006,Matin2012_state_006::MEACOO-,Matin2012,293.15,species,0.0228,0.0237819009391074,0.04216429067365682,0.2993600424107927,0.04480821749609581,evaluated,True,9fbdb68e6fb745e9b060a0b7f8989c159c99fb7a714a630cc8b46cf8e38d5467
Matin2012_state_007,Matin2012_state_007::MEA,Matin2012,293.15,species,0.0618,0.05852209466159793,-0.05449899500839399,-0.45653277693622113,0.10421108820854871,evaluated,True,9fbdb68e6fb745e9b060a0b7f8989c159c99fb7a714a630cc8b46cf8e38d5467
Matin2012_state_007,Matin2012_state_007::MEAH+,Matin2012,293.15,species,0.0257,0.027494602819444987,0.06749873239852795,0.5026898653907526,0.12634855038328646,evaluated,True,9fbdb68e6fb745e9b060a0b7f8989c159c99fb7a714a630cc8b46cf8e38d5467
Matin2012_state_007,Matin2012_state_007::MEACOO-,Matin2012,293.15,species,0.0252,0.026202169083422138,0.03899820226640981,0.28470712597219827,0.04052907378967459,evaluated,True,9fbdb68e6fb745e9b060a0b7f8989c159c99fb7a714a630cc8b46cf8e38d5467
Matin2012_state_008,Matin2012_state_008::MEA,Matin2012,293.15,species,0.0568,0.05343246719580973,-0.06111776459649405,-0.5041216772739934,0.12706933274877216,evaluated,True,9fbdb68e6fb745e9b060a0b7f8989c159c99fb7a714a630cc8b46cf8e38d5467
Matin2012_state_008,Matin2012_state_008::MEAH+,Matin2012,293.15,species,0.0281,0.030197028322802133,0.07197394329232124,0.5504011345937357,0.1514707044810358,evaluated,True,9fbdb68e6fb745e9b060a0b7f8989c159c99fb7a714a630cc8b46cf8e38d5467
Matin2012_state_008,Matin2012_state_008::MEACOO-,Matin2012,293.15,species,0.0276,0.02858937031255804,0.03521920862418319,0.2631304022760749,0.03461880430098451,evaluated,True,9fbdb68e6fb745e9b060a0b7f8989c159c99fb7a714a630cc8b46cf8e38d5467
Matin2012_state_009,Matin2012_state_009::MEA,Matin2012,293.15,species,0.0518,0.04835520500550058,-0.06881628051288954,-0.557410193284696,0.15535306178884106,evaluated,True,9fbdb68e6fb745e9b060a0b7f8989c159c99fb7a714a630cc8b46cf8e38d5467
Matin2012_state_009,Matin2012_state_009::MEAH+,Matin2012,293.15,species,0.0304,0.03292766206335857,0.07987048829074037,0.6256589265739039,0.19572454620080482,evaluated,True,9fbdb68e6fb745e9b060a0b7f8989c159c99fb7a714a630cc8b46cf8e38d5467
Matin2012_state_009,Matin2012_state_009::MEACOO-,Matin2012,293.15,species,0.0299,0.03093599779267908,0.03406200255714628,0.2596485695937541,0.033708689846041286,evaluated,True,9fbdb68e6fb745e9b060a0b7f8989c159c99fb7a714a630cc8b46cf8e38d5467
Matin2012_state_010,Matin2012_state_010::MEA,Matin2012,293.15,species,0.0469,0.04329391311612642,-0.0800056250106387,-0.633758679063898,0.20082503164440846,evaluated,True,9fbdb68e6fb745e9b060a0b7f8989c159c99fb7a714a630cc8b46cf8e38d5467
Matin2012_state_010,Matin2012_state_010::MEAH+,Matin2012,293.15,species,0.0327,0.03569228234595269,0.08755940672631238,0.700768699286344,0.2455383849497372,evaluated,True,9fbdb68e6fb745e9b060a0b7f8989c159c99fb7a714a630cc8b46cf8e38d5467
Matin2012_state_010,Matin2012_state_010::MEACOO-,Matin2012,293.15,species,0.0321,0.033232668089320155,0.03467734059084971,0.2690423015012253,0.036191879998538116,evaluated,True,9fbdb68e6fb745e9b060a0b7f8989c159c99fb7a714a630cc8b46cf8e38d5467
Matin2012_state_011,Matin2012_state_011::MEA,Matin2012,293.15,species,0.0419,0.0380353743128983,-0.09676919725215592,-0.7446292268018686,0.27723634270377434,evaluated,True,9fbdb68e6fb745e9b060a0b7f8989c159c99fb7a714a630cc8b46cf8e38d5467
Matin2012_state_011,Matin2012_state_011::MEAH+,Matin2012,293.15,species,0.0349,0.03862041817251043,0.10129427560779448,0.8286009292896287,0.34328975000981815,evaluated,True,9fbdb68e6fb745e9b060a0b7f8989c159c99fb7a714a630cc8b46cf8e38d5467
Matin2012_state_011,Matin2012_state_011::MEACOO-,Matin2012,293.15,species,0.0342,0.035563069150057684,0.039082071909472334,0.3083866855334124,0.0475511739071419,evaluated,True,9fbdb68e6fb745e9b060a0b7f8989c159c99fb7a714a630cc8b46cf8e38d5467
Matin2012_state_012,Matin2012_state_012::MEA,Matin2012,293.15,species,0.0371,0.03280951063897003,-0.12289853774795052,-0.9109319237855564,0.41489848488582737,evaluated,True,9fbdb68e6fb745e9b060a0b7f8989c159c99fb7a714a630cc8b46cf8e38d5467
Matin2012_state_012,Matin2012_state_012::MEAH+,Matin2012,293.15,species,0.0372,0.04160068251730682,0.11180781251955826,0.9323479909548358,0.43463638811875926,evaluated,True,9fbdb68e6fb745e9b060a0b7f8989c159c99fb7a714a630cc8b46cf8e38d5467
Matin2012_state_012,Matin2012_state_012::MEACOO-,Matin2012,293.15,species,0.0362,0.037808665663577226,0.04347920787915431,0.34819603107732094,0.060620238028999324,evaluated,True,9fbdb68e6fb745e9b060a0b7f8989c159c99fb7a714a630cc8b46cf8e38d5467
Matin2012_state_013,Matin2012_state_013::MEA,Matin2012,293.15,species,0.0322,0.02763222262851024,-0.15298387426946944,-1.0824116994051567,0.5858075435045796,evaluated,True,9fbdb68e6fb745e9b060a0b7f8989c159c99fb7a714a630cc8b46cf8e38d5467
Matin2012_state_013,Matin2012_state_013::MEAH+,Matin2012,293.15,species,0.0394,0.0446407845366797,0.12488207636114228,1.0608875580323278,0.5627412053938978,evaluated,True,9fbdb68e6fb745e9b060a0b7f8989c159c99fb7a714a630cc8b46cf8e38d5467
Matin2012_state_013,Matin2012_state_013::MEACOO-,Matin2012,293.15,species,0.0381,0.03994584728109763,0.04731043676922669,0.3837520334922305,0.07363281160471101,evaluated,True,9fbdb68e6fb745e9b060a0b7f8989c159c99fb7a714a630cc8b46cf8e38d5467
Matin2012_state_014,Matin2012_state_014::MEA,Matin2012,293.15,species,0.0274,0.02253220968386149,-0.1955971863573927,-1.3015482128712597,0.8470138752141849,evaluated,True,9fbdb68e6fb745e9b060a0b7f8989c159c99fb7a714a630cc8b46cf8e38d5467
Matin2012_state_014,Matin2012_state_014::MEAH+,Matin2012,293.15,species,0.0415,0.04774599758308134,0.1402018159273676,1.2128150646759877,0.7354601905525101,evaluated,True,9fbdb68e6fb745e9b060a0b7f8989c159c99fb7a714a630cc8b46cf8e38d5467
Matin2012_state_014,Matin2012_state_014::MEACOO-,Matin2012,293.15,species,0.04,0.041940639851030796,0.047375827586589016,0.3881279702061591,0.07532166062817655,evaluated,True,9fbdb68e6fb745e9b060a0b7f8989c159c99fb7a714a630cc8b46cf8e38d5467
Matin2012_state_015,Matin2012_state_015::MEA,Matin2012,293.15,species,0.0227,0.01736307620373625,-0.2680190302772869,-1.6320867878482412,1.331853641534395,evaluated,True,9fbdb68e6fb745e9b060a0b7f8989c159c99fb7a714a630cc8b46cf8e38d5467
Matin2012_state_015,Matin2012_state_015::MEAH+,Matin2012,293.15,species,0.0436,0.051047115093612476,0.1576918812702672,1.3893871443306858,0.9651983184156889,evaluated,True,9fbdb68e6fb745e9b060a0b7f8989c159c99fb7a714a630cc8b46cf8e38d5467
Matin2012_state_015,Matin2012_state_015::MEACOO-,Matin2012,293.15,species,0.0417,0.043808641383518435,0.04932996097931628,0.4078610026147841,0.08317529872696845,evaluated,True,9fbdb68e6fb745e9b060a0b7f8989c159c99fb7a714a630cc8b46cf8e38d5467
Matin2012_state_017,Matin2012_state_017::MEA,Matin2012,293.15,species,0.0135,0.00833541769106384,-0.4821760575921565,-2.1976945995473023,2.4149307764396886,evaluated,True,9fbdb68e6fb745e9b060a0b7f8989c159c99fb7a714a630cc8b46cf8e38d5467
Matin2012_state_017,Matin2012_state_017::MEAH+,Matin2012,293.15,species,0.0477,0.05755794804375619,0.1878608344928395,1.708483196491541,1.4594574163469767,evaluated,True,9fbdb68e6fb745e9b060a0b7f8989c159c99fb7a714a630cc8b46cf8e38d5467
Matin2012_state_017,Matin2012_state_017::MEACOO-,Matin2012,293.15,species,0.0448,0.046325353597895504,0.0334812657034469,0.27834919669625985,0.03873913765072658,evaluated,True,9fbdb68e6fb745e9b060a0b7f8989c159c99fb7a714a630cc8b46cf8e38d5467
Matin2012_state_018,Matin2012_state_018::MEA,Matin2012,293.15,species,0.009,0.005081979715194904,-0.5715236839466254,-2.062115939371103,2.1261610737041834,evaluated,True,9fbdb68e6fb745e9b060a0b7f8989c159c99fb7a714a630cc8b46cf8e38d5467
Matin2012_state_018,Matin2012_state_018::MEAH+,Matin2012,293.15,species,0.0496,0.060654173128614625,0.20119760602935927,1.854727035002454,1.7200061871844972,evaluated,True,9fbdb68e6fb745e9b060a0b7f8989c159c99fb7a714a630cc8b46cf8e38d5467
Matin2012_state_018,Matin2012_state_018::MEACOO-,Matin2012,293.15,species,0.0462,0.046482317304026,0.0060921691517940415,0.05023439573416423,0.0012617472573883087,evaluated,True,9fbdb68e6fb745e9b060a0b7f8989c159c99fb7a714a630cc8b46cf8e38d5467
Matin2012_state_019,Matin2012_state_019::MEA,Matin2012,293.15,species,0.0046,0.003089299994010859,-0.39811177740432735,-1.0347260314994116,0.5353289801312606,evaluated,True,9fbdb68e6fb745e9b060a0b7f8989c159c99fb7a714a630cc8b46cf8e38d5467
Matin2012_state_019,Matin2012_state_019::MEAH+,Matin2012,293.15,species,0.0515,0.06353891393209801,0.21007072836110374,1.9575469808289456,1.9159950910762602,evaluated,True,9fbdb68e6fb745e9b060a0b7f8989c159c99fb7a714a630cc8b46cf8e38d5467
Matin2012_state_019,Matin2012_state_019::MEACOO-,Matin2012,293.15,species,0.0475,0.04558955028603267,-0.041051181175530735,-0.33225212416823147,0.05519573700715095,evaluated,True,9fbdb68e6fb745e9b060a0b7f8989c159c99fb7a714a630cc8b46cf8e38d5467
