record_id,source,doi,campaign_id,source_table,source_row,source_pdf_page,source_printed_page,MEA_mass_fraction,MEA_mass_fraction_basis,temperature_degC,CO2_loading_mol_per_mol_MEA,dHabs_kJ_per_mol_CO2_reported,dHabs_kJ_per_mol_MEA_reported,per_CO2_heat_loading_semantics,per_MEA_heat_loading_semantics,dose_loading_interval_reported,source_run_id_reported,heat_uncertainty_relative_percent,heat_uncertainty_note,sign_convention,duplicate_of_existing_heat_record_id,paired_vle_record_id,independent_campaign_count_note,notes
kim2014_heat_30wt_t40_0.06,Kim et al. 2014,10.1016/j.egypro.2014.11.154,kim2014_30wt_reaction_calorimeter,Table A1-1,Table A1-1; 40 C; row 01,10,1455,0.30,30 wt% MEA in aqueous solvent before CO2 loading,40,0.06,84.03,4.69,"Temperature-differential; semi-differential over the unreported CO2 loading dose, reported at this loading endpoint.","Integral in loading to the reported endpoint, represented per mole MEA; inferred from the source column basis and paired values.",not_tabulated,not_reported,,Table A1-1 has no per-row heat uncertainty; method reports calorimeter sensitivity of 0.1 W.,reported positive heat-of-absorption magnitude,kim2014_30wt_t40_0.06,kim2014_vle_30wt_t40_0.06,Duplicate source/property extraction of a row already retained in MEA_heat_of_absorption_observations.csv; no new independent count.,Reported pCO2 is negative after the paper's vapor-pressure subtraction; the authors state the constant solvent-vapor-pressure assumption fails at low loading.
kim2014_heat_30wt_t40_0.15,Kim et al. 2014,10.1016/j.egypro.2014.11.154,kim2014_30wt_reaction_calorimeter,Table A1-1,Table A1-1; 40 C; row 02,10,1455,0.30,30 wt% MEA in aqueous solvent before CO2 loading,40,0.15,84.36,12.23,"Temperature-differential; semi-differential over the unreported CO2 loading dose, reported at this loading endpoint.","Integral in loading to the reported endpoint, represented per mole MEA; inferred from the source column basis and paired values.",not_tabulated,not_reported,,Table A1-1 has no per-row heat uncertainty; method reports calorimeter sensitivity of 0.1 W.,reported positive heat-of-absorption magnitude,kim2014_30wt_t40_0.15,kim2014_vle_30wt_t40_0.15,Duplicate source/property extraction of a row already retained in MEA_heat_of_absorption_observations.csv; no new independent count.,Reported pCO2 is negative after the paper's vapor-pressure subtraction; the authors state the constant solvent-vapor-pressure assumption fails at low loading.
kim2014_heat_30wt_t40_0.23,Kim et al. 2014,10.1016/j.egypro.2014.11.154,kim2014_30wt_reaction_calorimeter,Table A1-1,Table A1-1; 40 C; row 03,10,1455,0.30,30 wt% MEA in aqueous solvent before CO2 loading,40,0.23,85.44,19.19,"Temperature-differential; semi-differential over the unreported CO2 loading dose, reported at this loading endpoint.","Integral in loading to the reported endpoint, represented per mole MEA; inferred from the source column basis and paired values.",not_tabulated,not_reported,,Table A1-1 has no per-row heat uncertainty; method reports calorimeter sensitivity of 0.1 W.,reported positive heat-of-absorption magnitude,kim2014_30wt_t40_0.23,kim2014_vle_30wt_t40_0.23,Duplicate source/property extraction of a row already retained in MEA_heat_of_absorption_observations.csv; no new independent count.,Reported pCO2 is negative after the paper's vapor-pressure subtraction; the authors state the constant solvent-vapor-pressure assumption fails at low loading.
kim2014_heat_30wt_t40_0.31,Kim et al. 2014,10.1016/j.egypro.2014.11.154,kim2014_30wt_reaction_calorimeter,Table A1-1,Table A1-1; 40 C; row 04,10,1455,0.30,30 wt% MEA in aqueous solvent before CO2 loading,40,0.31,85.36,26.20,"Temperature-differential; semi-differential over the unreported CO2 loading dose, reported at this loading endpoint.","Integral in loading to the reported endpoint, represented per mole MEA; inferred from the source column basis and paired values.",not_tabulated,not_reported,,Table A1-1 has no per-row heat uncertainty; method reports calorimeter sensitivity of 0.1 W.,reported positive heat-of-absorption magnitude,kim2014_30wt_t40_0.31,kim2014_vle_30wt_t40_0.31,Duplicate source/property extraction of a row already retained in MEA_heat_of_absorption_observations.csv; no new independent count.,Reported pCO2 is negative after the paper's vapor-pressure subtraction; the authors state the constant solvent-vapor-pressure assumption fails at low loading.
kim2014_heat_30wt_t40_0.39,Kim et al. 2014,10.1016/j.egypro.2014.11.154,kim2014_30wt_reaction_calorimeter,Table A1-1,Table A1-1; 40 C; row 05,10,1455,0.30,30 wt% MEA in aqueous solvent before CO2 loading,40,0.39,85.76,32.83,"Temperature-differential; semi-differential over the unreported CO2 loading dose, reported at this loading endpoint.","Integral in loading to the reported endpoint, represented per mole MEA; inferred from the source column basis and paired values.",not_tabulated,not_reported,,Table A1-1 has no per-row heat uncertainty; method reports calorimeter sensitivity of 0.1 W.,reported positive heat-of-absorption magnitude,kim2014_30wt_t40_0.39,kim2014_vle_30wt_t40_0.39,Duplicate source/property extraction of a row already retained in MEA_heat_of_absorption_observations.csv; no new independent count.,Reported pCO2 is negative after the paper's vapor-pressure subtraction; the authors state the constant solvent-vapor-pressure assumption fails at low loading.
kim2014_heat_30wt_t40_0.44,Kim et al. 2014,10.1016/j.egypro.2014.11.154,kim2014_30wt_reaction_calorimeter,Table A1-1,Table A1-1; 40 C; row 06,10,1455,0.30,30 wt% MEA in aqueous solvent before CO2 loading,40,0.44,81.55,37.44,"Temperature-differential; semi-differential over the unreported CO2 loading dose, reported at this loading endpoint.","Integral in loading to the reported endpoint, represented per mole MEA; inferred from the source column basis and paired values.",not_tabulated,not_reported,,Table A1-1 has no per-row heat uncertainty; method reports calorimeter sensitivity of 0.1 W.,reported positive heat-of-absorption magnitude,kim2014_30wt_t40_0.44,kim2014_vle_30wt_t40_0.44,Duplicate source/property extraction of a row already retained in MEA_heat_of_absorption_observations.csv; no new independent count.,Reported pCO2 is negative after the paper's vapor-pressure subtraction; the authors state the constant solvent-vapor-pressure assumption fails at low loading.
kim2014_heat_30wt_t40_0.51,Kim et al. 2014,10.1016/j.egypro.2014.11.154,kim2014_30wt_reaction_calorimeter,Table A1-1,Table A1-1; 40 C; row 07,10,1455,0.30,30 wt% MEA in aqueous solvent before CO2 loading,40,0.51,71.30,42.05,"Temperature-differential; semi-differential over the unreported CO2 loading dose, reported at this loading endpoint.","Integral in loading to the reported endpoint, represented per mole MEA; inferred from the source column basis and paired values.",not_tabulated,not_reported,,Table A1-1 has no per-row heat uncertainty; method reports calorimeter sensitivity of 0.1 W.,reported positive heat-of-absorption magnitude,kim2014_30wt_t40_0.51,kim2014_vle_30wt_t40_0.51,Duplicate source/property extraction of a row already retained in MEA_heat_of_absorption_observations.csv; no new independent count.,
kim2014_heat_30wt_t40_0.56,Kim et al. 2014,10.1016/j.egypro.2014.11.154,kim2014_30wt_reaction_calorimeter,Table A1-1,Table A1-1; 40 C; row 08,10,1455,0.30,30 wt% MEA in aqueous solvent before CO2 loading,40,0.56,48.60,44.60,"Temperature-differential; semi-differential over the unreported CO2 loading dose, reported at this loading endpoint.","Integral in loading to the reported endpoint, represented per mole MEA; inferred from the source column basis and paired values.",not_tabulated,not_reported,,Table A1-1 has no per-row heat uncertainty; method reports calorimeter sensitivity of 0.1 W.,reported positive heat-of-absorption magnitude,kim2014_30wt_t40_0.56,kim2014_vle_30wt_t40_0.56,Duplicate source/property extraction of a row already retained in MEA_heat_of_absorption_observations.csv; no new independent count.,
kim2014_heat_30wt_t40_0.61,Kim et al. 2014,10.1016/j.egypro.2014.11.154,kim2014_30wt_reaction_calorimeter,Table A1-1,Table A1-1; 40 C; row 09,10,1455,0.30,30 wt% MEA in aqueous solvent before CO2 loading,40,0.61,40.24,46.60,"Temperature-differential; semi-differential over the unreported CO2 loading dose, reported at this loading endpoint.","Integral in loading to the reported endpoint, represented per mole MEA; inferred from the source column basis and paired values.",not_tabulated,not_reported,,Table A1-1 has no per-row heat uncertainty; method reports calorimeter sensitivity of 0.1 W.,reported positive heat-of-absorption magnitude,kim2014_30wt_t40_0.61,kim2014_vle_30wt_t40_0.61,Duplicate source/property extraction of a row already retained in MEA_heat_of_absorption_observations.csv; no new independent count.,
kim2014_heat_30wt_t40_0.65,Kim et al. 2014,10.1016/j.egypro.2014.11.154,kim2014_30wt_reaction_calorimeter,Table A1-1,Table A1-1; 40 C; row 10,10,1455,0.30,30 wt% MEA in aqueous solvent before CO2 loading,40,0.65,36.67,48.23,"Temperature-differential; semi-differential over the unreported CO2 loading dose, reported at this loading endpoint.","Integral in loading to the reported endpoint, represented per mole MEA; inferred from the source column basis and paired values.",not_tabulated,not_reported,,Table A1-1 has no per-row heat uncertainty; method reports calorimeter sensitivity of 0.1 W.,reported positive heat-of-absorption magnitude,kim2014_30wt_t40_0.65,kim2014_vle_30wt_t40_0.65,Duplicate source/property extraction of a row already retained in MEA_heat_of_absorption_observations.csv; no new independent count.,
kim2014_heat_30wt_t40_0.69,Kim et al. 2014,10.1016/j.egypro.2014.11.154,kim2014_30wt_reaction_calorimeter,Table A1-1,Table A1-1; 40 C; row 11,10,1455,0.30,30 wt% MEA in aqueous solvent before CO2 loading,40,0.69,35.51,49.45,"Temperature-differential; semi-differential over the unreported CO2 loading dose, reported at this loading endpoint.","Integral in loading to the reported endpoint, represented per mole MEA; inferred from the source column basis and paired values.",not_tabulated,not_reported,,Table A1-1 has no per-row heat uncertainty; method reports calorimeter sensitivity of 0.1 W.,reported positive heat-of-absorption magnitude,kim2014_30wt_t40_0.69,kim2014_vle_30wt_t40_0.69,Duplicate source/property extraction of a row already retained in MEA_heat_of_absorption_observations.csv; no new independent count.,
kim2014_heat_30wt_t80_0.06,Kim et al. 2014,10.1016/j.egypro.2014.11.154,kim2014_30wt_reaction_calorimeter,Table A1-1,Table A1-1; 80 C; row 01,10,1455,0.30,30 wt% MEA in aqueous solvent before CO2 loading,80,0.06,88.55,5.67,"Temperature-differential; semi-differential over the unreported CO2 loading dose, reported at this loading endpoint.","Integral in loading to the reported endpoint, represented per mole MEA; inferred from the source column basis and paired values.",not_tabulated,not_reported,,Table A1-1 has no per-row heat uncertainty; method reports calorimeter sensitivity of 0.1 W.,reported positive heat-of-absorption magnitude,kim2014_30wt_t80_0.06,kim2014_vle_30wt_t80_0.06,Duplicate source/property extraction of a row already retained in MEA_heat_of_absorption_observations.csv; no new independent count.,Reported pCO2 is negative after the paper's vapor-pressure subtraction; the authors state the constant solvent-vapor-pressure assumption fails at low loading.
kim2014_heat_30wt_t80_0.14,Kim et al. 2014,10.1016/j.egypro.2014.11.154,kim2014_30wt_reaction_calorimeter,Table A1-1,Table A1-1; 80 C; row 02,10,1455,0.30,30 wt% MEA in aqueous solvent before CO2 loading,80,0.14,88.25,11.93,"Temperature-differential; semi-differential over the unreported CO2 loading dose, reported at this loading endpoint.","Integral in loading to the reported endpoint, represented per mole MEA; inferred from the source column basis and paired values.",not_tabulated,not_reported,,Table A1-1 has no per-row heat uncertainty; method reports calorimeter sensitivity of 0.1 W.,reported positive heat-of-absorption magnitude,kim2014_30wt_t80_0.14,kim2014_vle_30wt_t80_0.14,Duplicate source/property extraction of a row already retained in MEA_heat_of_absorption_observations.csv; no new independent count.,Reported pCO2 is negative after the paper's vapor-pressure subtraction; the authors state the constant solvent-vapor-pressure assumption fails at low loading.
kim2014_heat_30wt_t80_0.20,Kim et al. 2014,10.1016/j.egypro.2014.11.154,kim2014_30wt_reaction_calorimeter,Table A1-1,Table A1-1; 80 C; row 03,10,1455,0.30,30 wt% MEA in aqueous solvent before CO2 loading,80,0.20,88.52,18.12,"Temperature-differential; semi-differential over the unreported CO2 loading dose, reported at this loading endpoint.","Integral in loading to the reported endpoint, represented per mole MEA; inferred from the source column basis and paired values.",not_tabulated,not_reported,,Table A1-1 has no per-row heat uncertainty; method reports calorimeter sensitivity of 0.1 W.,reported positive heat-of-absorption magnitude,kim2014_30wt_t80_0.20,kim2014_vle_30wt_t80_0.20,Duplicate source/property extraction of a row already retained in MEA_heat_of_absorption_observations.csv; no new independent count.,Reported pCO2 is negative after the paper's vapor-pressure subtraction; the authors state the constant solvent-vapor-pressure assumption fails at low loading.
kim2014_heat_30wt_t80_0.28,Kim et al. 2014,10.1016/j.egypro.2014.11.154,kim2014_30wt_reaction_calorimeter,Table A1-1,Table A1-1; 80 C; row 04,10,1455,0.30,30 wt% MEA in aqueous solvent before CO2 loading,80,0.28,88.05,24.79,"Temperature-differential; semi-differential over the unreported CO2 loading dose, reported at this loading endpoint.","Integral in loading to the reported endpoint, represented per mole MEA; inferred from the source column basis and paired values.",not_tabulated,not_reported,,Table A1-1 has no per-row heat uncertainty; method reports calorimeter sensitivity of 0.1 W.,reported positive heat-of-absorption magnitude,kim2014_30wt_t80_0.28,kim2014_vle_30wt_t80_0.28,Duplicate source/property extraction of a row already retained in MEA_heat_of_absorption_observations.csv; no new independent count.,Reported pCO2 is negative after the paper's vapor-pressure subtraction; the authors state the constant solvent-vapor-pressure assumption fails at low loading.
kim2014_heat_30wt_t80_0.36,Kim et al. 2014,10.1016/j.egypro.2014.11.154,kim2014_30wt_reaction_calorimeter,Table A1-1,Table A1-1; 80 C; row 05,10,1455,0.30,30 wt% MEA in aqueous solvent before CO2 loading,80,0.36,88.27,31.43,"Temperature-differential; semi-differential over the unreported CO2 loading dose, reported at this loading endpoint.","Integral in loading to the reported endpoint, represented per mole MEA; inferred from the source column basis and paired values.",not_tabulated,not_reported,,Table A1-1 has no per-row heat uncertainty; method reports calorimeter sensitivity of 0.1 W.,reported positive heat-of-absorption magnitude,kim2014_30wt_t80_0.36,kim2014_vle_30wt_t80_0.36,Duplicate source/property extraction of a row already retained in MEA_heat_of_absorption_observations.csv; no new independent count.,
kim2014_heat_30wt_t80_0.45,Kim et al. 2014,10.1016/j.egypro.2014.11.154,kim2014_30wt_reaction_calorimeter,Table A1-1,Table A1-1; 80 C; row 06,10,1455,0.30,30 wt% MEA in aqueous solvent before CO2 loading,80,0.45,85.55,39.28,"Temperature-differential; semi-differential over the unreported CO2 loading dose, reported at this loading endpoint.","Integral in loading to the reported endpoint, represented per mole MEA; inferred from the source column basis and paired values.",not_tabulated,not_reported,,Table A1-1 has no per-row heat uncertainty; method reports calorimeter sensitivity of 0.1 W.,reported positive heat-of-absorption magnitude,kim2014_30wt_t80_0.45,kim2014_vle_30wt_t80_0.45,Duplicate source/property extraction of a row already retained in MEA_heat_of_absorption_observations.csv; no new independent count.,
kim2014_heat_30wt_t80_0.50,Kim et al. 2014,10.1016/j.egypro.2014.11.154,kim2014_30wt_reaction_calorimeter,Table A1-1,Table A1-1; 80 C; row 07,10,1455,0.30,30 wt% MEA in aqueous solvent before CO2 loading,80,0.50,73.71,43.02,"Temperature-differential; semi-differential over the unreported CO2 loading dose, reported at this loading endpoint.","Integral in loading to the reported endpoint, represented per mole MEA; inferred from the source column basis and paired values.",not_tabulated,not_reported,,Table A1-1 has no per-row heat uncertainty; method reports calorimeter sensitivity of 0.1 W.,reported positive heat-of-absorption magnitude,kim2014_30wt_t80_0.50,kim2014_vle_30wt_t80_0.50,Duplicate source/property extraction of a row already retained in MEA_heat_of_absorption_observations.csv; no new independent count.,
kim2014_heat_30wt_t80_0.55,Kim et al. 2014,10.1016/j.egypro.2014.11.154,kim2014_30wt_reaction_calorimeter,Table A1-1,Table A1-1; 80 C; row 08,10,1455,0.30,30 wt% MEA in aqueous solvent before CO2 loading,80,0.55,58.94,46.30,"Temperature-differential; semi-differential over the unreported CO2 loading dose, reported at this loading endpoint.","Integral in loading to the reported endpoint, represented per mole MEA; inferred from the source column basis and paired values.",not_tabulated,not_reported,,Table A1-1 has no per-row heat uncertainty; method reports calorimeter sensitivity of 0.1 W.,reported positive heat-of-absorption magnitude,kim2014_30wt_t80_0.55,kim2014_vle_30wt_t80_0.55,Duplicate source/property extraction of a row already retained in MEA_heat_of_absorption_observations.csv; no new independent count.,
kim2014_heat_30wt_t80_0.58,Kim et al. 2014,10.1016/j.egypro.2014.11.154,kim2014_30wt_reaction_calorimeter,Table A1-1,Table A1-1; 80 C; row 09,10,1455,0.30,30 wt% MEA in aqueous solvent before CO2 loading,80,0.58,51.05,47.80,"Temperature-differential; semi-differential over the unreported CO2 loading dose, reported at this loading endpoint.","Integral in loading to the reported endpoint, represented per mole MEA; inferred from the source column basis and paired values.",not_tabulated,not_reported,,Table A1-1 has no per-row heat uncertainty; method reports calorimeter sensitivity of 0.1 W.,reported positive heat-of-absorption magnitude,kim2014_30wt_t80_0.58,kim2014_vle_30wt_t80_0.58,Duplicate source/property extraction of a row already retained in MEA_heat_of_absorption_observations.csv; no new independent count.,
kim2014_heat_30wt_t120_0.07,Kim et al. 2014,10.1016/j.egypro.2014.11.154,kim2014_30wt_reaction_calorimeter,Table A1-1,Table A1-1; 120 C; row 01,10,1455,0.30,30 wt% MEA in aqueous solvent before CO2 loading,120,0.07,99.08,6.98,"Temperature-differential; semi-differential over the unreported CO2 loading dose, reported at this loading endpoint.","Integral in loading to the reported endpoint, represented per mole MEA; inferred from the source column basis and paired values.",not_tabulated,not_reported,,Table A1-1 has no per-row heat uncertainty; method reports calorimeter sensitivity of 0.1 W.,reported positive heat-of-absorption magnitude,kim2014_30wt_t120_0.07,kim2014_vle_30wt_t120_0.07,Duplicate source/property extraction of a row already retained in MEA_heat_of_absorption_observations.csv; no new independent count.,
kim2014_heat_30wt_t120_0.16,Kim et al. 2014,10.1016/j.egypro.2014.11.154,kim2014_30wt_reaction_calorimeter,Table A1-1,Table A1-1; 120 C; row 02,10,1455,0.30,30 wt% MEA in aqueous solvent before CO2 loading,120,0.16,96.95,16.06,"Temperature-differential; semi-differential over the unreported CO2 loading dose, reported at this loading endpoint.","Integral in loading to the reported endpoint, represented per mole MEA; inferred from the source column basis and paired values.",not_tabulated,not_reported,,Table A1-1 has no per-row heat uncertainty; method reports calorimeter sensitivity of 0.1 W.,reported positive heat-of-absorption magnitude,kim2014_30wt_t120_0.16,kim2014_vle_30wt_t120_0.16,Duplicate source/property extraction of a row already retained in MEA_heat_of_absorption_observations.csv; no new independent count.,
kim2014_heat_30wt_t120_0.25,Kim et al. 2014,10.1016/j.egypro.2014.11.154,kim2014_30wt_reaction_calorimeter,Table A1-1,Table A1-1; 120 C; row 03,10,1455,0.30,30 wt% MEA in aqueous solvent before CO2 loading,120,0.25,100.77,24.27,"Temperature-differential; semi-differential over the unreported CO2 loading dose, reported at this loading endpoint.","Integral in loading to the reported endpoint, represented per mole MEA; inferred from the source column basis and paired values.",not_tabulated,not_reported,,Table A1-1 has no per-row heat uncertainty; method reports calorimeter sensitivity of 0.1 W.,reported positive heat-of-absorption magnitude,kim2014_30wt_t120_0.25,kim2014_vle_30wt_t120_0.25,Duplicate source/property extraction of a row already retained in MEA_heat_of_absorption_observations.csv; no new independent count.,
kim2014_heat_30wt_t120_0.33,Kim et al. 2014,10.1016/j.egypro.2014.11.154,kim2014_30wt_reaction_calorimeter,Table A1-1,Table A1-1; 120 C; row 04,10,1455,0.30,30 wt% MEA in aqueous solvent before CO2 loading,120,0.33,99.28,32.30,"Temperature-differential; semi-differential over the unreported CO2 loading dose, reported at this loading endpoint.","Integral in loading to the reported endpoint, represented per mole MEA; inferred from the source column basis and paired values.",not_tabulated,not_reported,,Table A1-1 has no per-row heat uncertainty; method reports calorimeter sensitivity of 0.1 W.,reported positive heat-of-absorption magnitude,kim2014_30wt_t120_0.33,kim2014_vle_30wt_t120_0.33,Duplicate source/property extraction of a row already retained in MEA_heat_of_absorption_observations.csv; no new independent count.,
kim2014_heat_30wt_t120_0.40,Kim et al. 2014,10.1016/j.egypro.2014.11.154,kim2014_30wt_reaction_calorimeter,Table A1-1,Table A1-1; 120 C; row 05,10,1455,0.30,30 wt% MEA in aqueous solvent before CO2 loading,120,0.40,95.55,39.60,"Temperature-differential; semi-differential over the unreported CO2 loading dose, reported at this loading endpoint.","Integral in loading to the reported endpoint, represented per mole MEA; inferred from the source column basis and paired values.",not_tabulated,not_reported,,Table A1-1 has no per-row heat uncertainty; method reports calorimeter sensitivity of 0.1 W.,reported positive heat-of-absorption magnitude,kim2014_30wt_t120_0.40,kim2014_vle_30wt_t120_0.40,Duplicate source/property extraction of a row already retained in MEA_heat_of_absorption_observations.csv; no new independent count.,
kim2014_heat_30wt_t120_0.46,Kim et al. 2014,10.1016/j.egypro.2014.11.154,kim2014_30wt_reaction_calorimeter,Table A1-1,Table A1-1; 120 C; row 06,10,1455,0.30,30 wt% MEA in aqueous solvent before CO2 loading,120,0.46,86.05,44.91,"Temperature-differential; semi-differential over the unreported CO2 loading dose, reported at this loading endpoint.","Integral in loading to the reported endpoint, represented per mole MEA; inferred from the source column basis and paired values.",not_tabulated,not_reported,,Table A1-1 has no per-row heat uncertainty; method reports calorimeter sensitivity of 0.1 W.,reported positive heat-of-absorption magnitude,kim2014_30wt_t120_0.46,kim2014_vle_30wt_t120_0.46,Duplicate source/property extraction of a row already retained in MEA_heat_of_absorption_observations.csv; no new independent count.,
kim2014_heat_30wt_t120_0.48,Kim et al. 2014,10.1016/j.egypro.2014.11.154,kim2014_30wt_reaction_calorimeter,Table A1-1,Table A1-1; 120 C; row 07,10,1455,0.30,30 wt% MEA in aqueous solvent before CO2 loading,120,0.48,79.74,45.88,"Temperature-differential; semi-differential over the unreported CO2 loading dose, reported at this loading endpoint.","Integral in loading to the reported endpoint, represented per mole MEA; inferred from the source column basis and paired values.",not_tabulated,not_reported,,Table A1-1 has no per-row heat uncertainty; method reports calorimeter sensitivity of 0.1 W.,reported positive heat-of-absorption magnitude,kim2014_30wt_t120_0.48,kim2014_vle_30wt_t120_0.48,Duplicate source/property extraction of a row already retained in MEA_heat_of_absorption_observations.csv; no new independent count.,
