observation_id,source_key,source_file,source_row,source_table_or_figure,doi,MEA_weight_fraction,temperature_reported_C,temperature_canonical_C,temperature_normalized,CO2_loading,CO2_pressure,MEA_pressure,H2O_pressure,pressure_MEA_raoult,total_pressure,CO2_loading_uncertainty,CO2_pressure_uncertainty,replicate_group,normalization_group,active_view_member,active_row_id,lifecycle_status,disposition_reason,notes,issue_137_role,source_sha256,source_locator,measured_quantity,observed_pa,sigma_ln_pressure,uncertainty,covariance,conserved_loading
vle_obs_0001,Aronu2011,Aronu_2011_VLE.csv,1,,,0.15,40,,no,0.111,0.0017,,,,,,,Aronu2011|w=0.15|T=40,,no,,validation_reserved_candidate,Non-30-wt% composition-transfer evidence reserved for grouped validation review.,,multi-concentration calibration,d70c79407d3b6e96b480f4d8cd2af4c12c55c2baab906d71b4540750659d241d,"Aronu et al. (2011), Tables 3-6; corrected columns per 2012 corrigendum",equilibrium_gas_CO2_partial_pressure,1.7,0.3,source_numeric_uncertainty_not_transcribed,source_covariance_not_reported,0.11099999999999977
vle_obs_0002,Aronu2011,Aronu_2011_VLE.csv,2,,,0.15,40,,no,0.148,0.0035,,,,,,,Aronu2011|w=0.15|T=40,,no,,validation_reserved_candidate,Non-30-wt% composition-transfer evidence reserved for grouped validation review.,,multi-concentration calibration,d70c79407d3b6e96b480f4d8cd2af4c12c55c2baab906d71b4540750659d241d,"Aronu et al. (2011), Tables 3-6; corrected columns per 2012 corrigendum",equilibrium_gas_CO2_partial_pressure,3.5,0.3,source_numeric_uncertainty_not_transcribed,source_covariance_not_reported,0.14800000000000013
vle_obs_0003,Aronu2011,Aronu_2011_VLE.csv,3,,,0.15,40,,no,0.186,0.0068,,,,,,,Aronu2011|w=0.15|T=40,,no,,validation_reserved_candidate,Non-30-wt% composition-transfer evidence reserved for grouped validation review.,,multi-concentration calibration,d70c79407d3b6e96b480f4d8cd2af4c12c55c2baab906d71b4540750659d241d,"Aronu et al. (2011), Tables 3-6; corrected columns per 2012 corrigendum",equilibrium_gas_CO2_partial_pressure,6.8,0.3,source_numeric_uncertainty_not_transcribed,source_covariance_not_reported,0.18599999999999994
vle_obs_0004,Aronu2011,Aronu_2011_VLE.csv,4,,,0.15,40,,no,0.22,0.017,,,,,,,Aronu2011|w=0.15|T=40,,no,,validation_reserved_candidate,Non-30-wt% composition-transfer evidence reserved for grouped validation review.,,multi-concentration calibration,d70c79407d3b6e96b480f4d8cd2af4c12c55c2baab906d71b4540750659d241d,"Aronu et al. (2011), Tables 3-6; corrected columns per 2012 corrigendum",equilibrium_gas_CO2_partial_pressure,17.0,0.3,source_numeric_uncertainty_not_transcribed,source_covariance_not_reported,0.2200000000000002
vle_obs_0005,Aronu2011,Aronu_2011_VLE.csv,5,,,0.15,40,,no,0.236,0.0215,,,,,,,Aronu2011|w=0.15|T=40,,no,,validation_reserved_candidate,Non-30-wt% composition-transfer evidence reserved for grouped validation review.,,multi-concentration calibration,d70c79407d3b6e96b480f4d8cd2af4c12c55c2baab906d71b4540750659d241d,"Aronu et al. (2011), Tables 3-6; corrected columns per 2012 corrigendum",equilibrium_gas_CO2_partial_pressure,21.5,0.3,source_numeric_uncertainty_not_transcribed,source_covariance_not_reported,0.2360000000000002
vle_obs_0006,Aronu2011,Aronu_2011_VLE.csv,6,,,0.15,40,,no,0.295,0.0427,,,,,,,Aronu2011|w=0.15|T=40,,no,,validation_reserved_candidate,Non-30-wt% composition-transfer evidence reserved for grouped validation review.,,multi-concentration calibration,d70c79407d3b6e96b480f4d8cd2af4c12c55c2baab906d71b4540750659d241d,"Aronu et al. (2011), Tables 3-6; corrected columns per 2012 corrigendum",equilibrium_gas_CO2_partial_pressure,42.7,0.3,source_numeric_uncertainty_not_transcribed,source_covariance_not_reported,0.2950000000000004
vle_obs_0007,Aronu2011,Aronu_2011_VLE.csv,7,,,0.15,40,,no,0.298,0.045,,,,,,,Aronu2011|w=0.15|T=40,,no,,validation_reserved_candidate,Non-30-wt% composition-transfer evidence reserved for grouped validation review.,,multi-concentration calibration,d70c79407d3b6e96b480f4d8cd2af4c12c55c2baab906d71b4540750659d241d,"Aronu et al. (2011), Tables 3-6; corrected columns per 2012 corrigendum",equilibrium_gas_CO2_partial_pressure,45.0,0.3,source_numeric_uncertainty_not_transcribed,source_covariance_not_reported,0.29800000000000004
vle_obs_0008,Aronu2011,Aronu_2011_VLE.csv,8,,,0.15,40,,no,0.342,0.0845,,,,,,,Aronu2011|w=0.15|T=40,,no,,validation_reserved_candidate,Non-30-wt% composition-transfer evidence reserved for grouped validation review.,,multi-concentration calibration,d70c79407d3b6e96b480f4d8cd2af4c12c55c2baab906d71b4540750659d241d,"Aronu et al. (2011), Tables 3-6; corrected columns per 2012 corrigendum",equilibrium_gas_CO2_partial_pressure,84.5,0.3,source_numeric_uncertainty_not_transcribed,source_covariance_not_reported,0.3420000000000001
vle_obs_0009,Aronu2011,Aronu_2011_VLE.csv,9,,,0.15,40,,no,0.398,0.222,,,,,,,Aronu2011|w=0.15|T=40,,no,,validation_reserved_candidate,Non-30-wt% composition-transfer evidence reserved for grouped validation review.,,multi-concentration calibration,d70c79407d3b6e96b480f4d8cd2af4c12c55c2baab906d71b4540750659d241d,"Aronu et al. (2011), Tables 3-6; corrected columns per 2012 corrigendum",equilibrium_gas_CO2_partial_pressure,222.0,0.3,source_numeric_uncertainty_not_transcribed,source_covariance_not_reported,0.39800000000000013
vle_obs_0010,Aronu2011,Aronu_2011_VLE.csv,10,,,0.15,40,,no,0.442,0.6634,,,,,,,Aronu2011|w=0.15|T=40,,no,,validation_reserved_candidate,Non-30-wt% composition-transfer evidence reserved for grouped validation review.,,multi-concentration calibration,d70c79407d3b6e96b480f4d8cd2af4c12c55c2baab906d71b4540750659d241d,"Aronu et al. (2011), Tables 3-6; corrected columns per 2012 corrigendum",equilibrium_gas_CO2_partial_pressure,663.4,0.3,source_numeric_uncertainty_not_transcribed,source_covariance_not_reported,0.44200000000000017
vle_obs_0011,Aronu2011,Aronu_2011_VLE.csv,11,,,0.15,40,,no,0.45,0.7013,,,,,,,Aronu2011|w=0.15|T=40,,no,,validation_reserved_candidate,Non-30-wt% composition-transfer evidence reserved for grouped validation review.,,multi-concentration calibration,d70c79407d3b6e96b480f4d8cd2af4c12c55c2baab906d71b4540750659d241d,"Aronu et al. (2011), Tables 3-6; corrected columns per 2012 corrigendum",equilibrium_gas_CO2_partial_pressure,701.3000000000001,0.3,source_numeric_uncertainty_not_transcribed,source_covariance_not_reported,0.4500000000000002
vle_obs_0012,Aronu2011,Aronu_2011_VLE.csv,12,,,0.15,40,,no,0.516,4.8405,,,,,,,Aronu2011|w=0.15|T=40,,no,,validation_reserved_candidate,Non-30-wt% composition-transfer evidence reserved for grouped validation review.,,multi-concentration calibration,d70c79407d3b6e96b480f4d8cd2af4c12c55c2baab906d71b4540750659d241d,"Aronu et al. (2011), Tables 3-6; corrected columns per 2012 corrigendum",equilibrium_gas_CO2_partial_pressure,4840.5,0.3,source_numeric_uncertainty_not_transcribed,source_covariance_not_reported,0.516
vle_obs_0013,Aronu2011,Aronu_2011_VLE.csv,13,,,0.15,40,,no,0.529,7.8861,,,,,,,Aronu2011|w=0.15|T=40,,no,,validation_reserved_candidate,Non-30-wt% composition-transfer evidence reserved for grouped validation review.,,multi-concentration calibration,d70c79407d3b6e96b480f4d8cd2af4c12c55c2baab906d71b4540750659d241d,"Aronu et al. (2011), Tables 3-6; corrected columns per 2012 corrigendum",equilibrium_gas_CO2_partial_pressure,7886.099999999999,0.3,source_numeric_uncertainty_not_transcribed,source_covariance_not_reported,0.5290000000000004
vle_obs_0014,Aronu2011,Aronu_2011_VLE.csv,14,,,0.15,40,,no,0.565,16.0024,,,,,,,Aronu2011|w=0.15|T=40,,no,,validation_reserved_candidate,Non-30-wt% composition-transfer evidence reserved for grouped validation review.,,multi-concentration calibration,d70c79407d3b6e96b480f4d8cd2af4c12c55c2baab906d71b4540750659d241d,"Aronu et al. (2011), Tables 3-6; corrected columns per 2012 corrigendum",equilibrium_gas_CO2_partial_pressure,16002.400000000001,0.3,source_numeric_uncertainty_not_transcribed,source_covariance_not_reported,0.565
vle_obs_0015,Aronu2011,Aronu_2011_VLE.csv,15,,,0.15,60,,no,0.048,0.0042,,,,,,,Aronu2011|w=0.15|T=60,,no,,validation_reserved_candidate,Non-30-wt% composition-transfer evidence reserved for grouped validation review.,,multi-concentration calibration,d70c79407d3b6e96b480f4d8cd2af4c12c55c2baab906d71b4540750659d241d,"Aronu et al. (2011), Tables 3-6; corrected columns per 2012 corrigendum",equilibrium_gas_CO2_partial_pressure,4.2,0.3,source_numeric_uncertainty_not_transcribed,source_covariance_not_reported,0.04800000000000004
vle_obs_0016,Aronu2011,Aronu_2011_VLE.csv,16,,,0.15,60,,no,0.06,0.0056,,,,,,,Aronu2011|w=0.15|T=60,,no,,validation_reserved_candidate,Non-30-wt% composition-transfer evidence reserved for grouped validation review.,,multi-concentration calibration,d70c79407d3b6e96b480f4d8cd2af4c12c55c2baab906d71b4540750659d241d,"Aronu et al. (2011), Tables 3-6; corrected columns per 2012 corrigendum",equilibrium_gas_CO2_partial_pressure,5.6,0.3,source_numeric_uncertainty_not_transcribed,source_covariance_not_reported,0.06000000000000005
vle_obs_0017,Aronu2011,Aronu_2011_VLE.csv,17,,,0.15,60,,no,0.075,0.0068,,,,,,,Aronu2011|w=0.15|T=60,,no,,validation_reserved_candidate,Non-30-wt% composition-transfer evidence reserved for grouped validation review.,,multi-concentration calibration,d70c79407d3b6e96b480f4d8cd2af4c12c55c2baab906d71b4540750659d241d,"Aronu et al. (2011), Tables 3-6; corrected columns per 2012 corrigendum",equilibrium_gas_CO2_partial_pressure,6.8,0.3,source_numeric_uncertainty_not_transcribed,source_covariance_not_reported,0.07499999999999973
vle_obs_0018,Aronu2011,Aronu_2011_VLE.csv,18,,,0.15,60,,no,0.069,0.0078,,,,,,,Aronu2011|w=0.15|T=60,,no,,validation_reserved_candidate,Non-30-wt% composition-transfer evidence reserved for grouped validation review.,,multi-concentration calibration,d70c79407d3b6e96b480f4d8cd2af4c12c55c2baab906d71b4540750659d241d,"Aronu et al. (2011), Tables 3-6; corrected columns per 2012 corrigendum",equilibrium_gas_CO2_partial_pressure,7.8,0.3,source_numeric_uncertainty_not_transcribed,source_covariance_not_reported,0.06899999999999995
vle_obs_0019,Aronu2011,Aronu_2011_VLE.csv,19,,,0.15,60,,no,0.098,0.0094,,,,,,,Aronu2011|w=0.15|T=60,,no,,validation_reserved_candidate,Non-30-wt% composition-transfer evidence reserved for grouped validation review.,,multi-concentration calibration,d70c79407d3b6e96b480f4d8cd2af4c12c55c2baab906d71b4540750659d241d,"Aronu et al. (2011), Tables 3-6; corrected columns per 2012 corrigendum",equilibrium_gas_CO2_partial_pressure,9.4,0.3,source_numeric_uncertainty_not_transcribed,source_covariance_not_reported,0.09799999999999986
vle_obs_0020,Aronu2011,Aronu_2011_VLE.csv,20,,,0.15,60,,no,0.135,0.0151,,,,,,,Aronu2011|w=0.15|T=60,,no,,validation_reserved_candidate,Non-30-wt% composition-transfer evidence reserved for grouped validation review.,,multi-concentration calibration,d70c79407d3b6e96b480f4d8cd2af4c12c55c2baab906d71b4540750659d241d,"Aronu et al. (2011), Tables 3-6; corrected columns per 2012 corrigendum",equilibrium_gas_CO2_partial_pressure,15.100000000000001,0.3,source_numeric_uncertainty_not_transcribed,source_covariance_not_reported,0.13500000000000023
vle_obs_0021,Aronu2011,Aronu_2011_VLE.csv,21,,,0.15,60,,no,0.144,0.0234,,,,,,,Aronu2011|w=0.15|T=60,,no,,validation_reserved_candidate,Non-30-wt% composition-transfer evidence reserved for grouped validation review.,,multi-concentration calibration,d70c79407d3b6e96b480f4d8cd2af4c12c55c2baab906d71b4540750659d241d,"Aronu et al. (2011), Tables 3-6; corrected columns per 2012 corrigendum",equilibrium_gas_CO2_partial_pressure,23.400000000000002,0.3,source_numeric_uncertainty_not_transcribed,source_covariance_not_reported,0.14400000000000013
vle_obs_0022,Aronu2011,Aronu_2011_VLE.csv,22,,,0.15,60,,no,0.175,0.0417,,,,,,,Aronu2011|w=0.15|T=60,,no,,validation_reserved_candidate,Non-30-wt% composition-transfer evidence reserved for grouped validation review.,,multi-concentration calibration,d70c79407d3b6e96b480f4d8cd2af4c12c55c2baab906d71b4540750659d241d,"Aronu et al. (2011), Tables 3-6; corrected columns per 2012 corrigendum",equilibrium_gas_CO2_partial_pressure,41.7,0.3,source_numeric_uncertainty_not_transcribed,source_covariance_not_reported,0.17500000000000027
vle_obs_0023,Aronu2011,Aronu_2011_VLE.csv,23,,,0.15,60,,no,0.23,0.0965,,,,,,,Aronu2011|w=0.15|T=60,,no,,validation_reserved_candidate,Non-30-wt% composition-transfer evidence reserved for grouped validation review.,,multi-concentration calibration,d70c79407d3b6e96b480f4d8cd2af4c12c55c2baab906d71b4540750659d241d,"Aronu et al. (2011), Tables 3-6; corrected columns per 2012 corrigendum",equilibrium_gas_CO2_partial_pressure,96.5,0.3,source_numeric_uncertainty_not_transcribed,source_covariance_not_reported,0.22999999999999998
vle_obs_0024,Aronu2011,Aronu_2011_VLE.csv,24,,,0.15,60,,no,0.253,0.1462,,,,,,,Aronu2011|w=0.15|T=60,,no,,validation_reserved_candidate,Non-30-wt% composition-transfer evidence reserved for grouped validation review.,,multi-concentration calibration,d70c79407d3b6e96b480f4d8cd2af4c12c55c2baab906d71b4540750659d241d,"Aronu et al. (2011), Tables 3-6; corrected columns per 2012 corrigendum",equilibrium_gas_CO2_partial_pressure,146.2,0.3,source_numeric_uncertainty_not_transcribed,source_covariance_not_reported,0.2530000000000001
vle_obs_0025,Aronu2011,Aronu_2011_VLE.csv,25,,,0.15,60,,no,0.415,1.7998,,,,,,,Aronu2011|w=0.15|T=60,,no,,validation_reserved_candidate,Non-30-wt% composition-transfer evidence reserved for grouped validation review.,,multi-concentration calibration,d70c79407d3b6e96b480f4d8cd2af4c12c55c2baab906d71b4540750659d241d,"Aronu et al. (2011), Tables 3-6; corrected columns per 2012 corrigendum",equilibrium_gas_CO2_partial_pressure,1799.8,0.3,source_numeric_uncertainty_not_transcribed,source_covariance_not_reported,0.4149999999999996
vle_obs_0026,Aronu2011,Aronu_2011_VLE.csv,26,,,0.15,60,,no,0.48,5.409,,,,,,,Aronu2011|w=0.15|T=60,,no,,validation_reserved_candidate,Non-30-wt% composition-transfer evidence reserved for grouped validation review.,,multi-concentration calibration,d70c79407d3b6e96b480f4d8cd2af4c12c55c2baab906d71b4540750659d241d,"Aronu et al. (2011), Tables 3-6; corrected columns per 2012 corrigendum",equilibrium_gas_CO2_partial_pressure,5409.0,0.3,source_numeric_uncertainty_not_transcribed,source_covariance_not_reported,0.48
vle_obs_0027,Aronu2011,Aronu_2011_VLE.csv,27,,,0.15,60,,no,0.492,8.2297,,,,,,,Aronu2011|w=0.15|T=60,,no,,validation_reserved_candidate,Non-30-wt% composition-transfer evidence reserved for grouped validation review.,,multi-concentration calibration,d70c79407d3b6e96b480f4d8cd2af4c12c55c2baab906d71b4540750659d241d,"Aronu et al. (2011), Tables 3-6; corrected columns per 2012 corrigendum",equilibrium_gas_CO2_partial_pressure,8229.699999999999,0.3,source_numeric_uncertainty_not_transcribed,source_covariance_not_reported,0.492
vle_obs_0028,Aronu2011,Aronu_2011_VLE.csv,28,,,0.15,80,,no,0.103,0.0603,,,,,,,Aronu2011|w=0.15|T=80,,no,,validation_reserved_candidate,Non-30-wt% composition-transfer evidence reserved for grouped validation review.,,out-of-fit assessment,d70c79407d3b6e96b480f4d8cd2af4c12c55c2baab906d71b4540750659d241d,"Aronu et al. (2011), Tables 3-6; corrected columns per 2012 corrigendum",equilibrium_gas_CO2_partial_pressure,60.3,0.3,source_numeric_uncertainty_not_transcribed,source_covariance_not_reported,0.1030000000000002
vle_obs_0029,Aronu2011,Aronu_2011_VLE.csv,29,,,0.15,80,,no,0.147,0.1315,,,,,,,Aronu2011|w=0.15|T=80,,no,,validation_reserved_candidate,Non-30-wt% composition-transfer evidence reserved for grouped validation review.,,out-of-fit assessment,d70c79407d3b6e96b480f4d8cd2af4c12c55c2baab906d71b4540750659d241d,"Aronu et al. (2011), Tables 3-6; corrected columns per 2012 corrigendum",equilibrium_gas_CO2_partial_pressure,131.5,0.3,source_numeric_uncertainty_not_transcribed,source_covariance_not_reported,0.14700000000000024
vle_obs_0030,Aronu2011,Aronu_2011_VLE.csv,30,,,0.15,80,,no,0.211,0.3544,,,,,,,Aronu2011|w=0.15|T=80,,no,,validation_reserved_candidate,Non-30-wt% composition-transfer evidence reserved for grouped validation review.,,out-of-fit assessment,d70c79407d3b6e96b480f4d8cd2af4c12c55c2baab906d71b4540750659d241d,"Aronu et al. (2011), Tables 3-6; corrected columns per 2012 corrigendum",equilibrium_gas_CO2_partial_pressure,354.4,0.3,source_numeric_uncertainty_not_transcribed,source_covariance_not_reported,0.2110000000000003
vle_obs_0031,Aronu2011,Aronu_2011_VLE.csv,31,,,0.15,80,,no,0.242,0.525,,,,,,,Aronu2011|w=0.15|T=80,,no,,validation_reserved_candidate,Non-30-wt% composition-transfer evidence reserved for grouped validation review.,,out-of-fit assessment,d70c79407d3b6e96b480f4d8cd2af4c12c55c2baab906d71b4540750659d241d,"Aronu et al. (2011), Tables 3-6; corrected columns per 2012 corrigendum",equilibrium_gas_CO2_partial_pressure,525.0,0.3,source_numeric_uncertainty_not_transcribed,source_covariance_not_reported,0.242
vle_obs_0032,Aronu2011,Aronu_2011_VLE.csv,32,,,0.15,80,,no,0.373,3.6374,,,,,,,Aronu2011|w=0.15|T=80,,no,,validation_reserved_candidate,Non-30-wt% composition-transfer evidence reserved for grouped validation review.,,out-of-fit assessment,d70c79407d3b6e96b480f4d8cd2af4c12c55c2baab906d71b4540750659d241d,"Aronu et al. (2011), Tables 3-6; corrected columns per 2012 corrigendum",equilibrium_gas_CO2_partial_pressure,3637.4,0.3,source_numeric_uncertainty_not_transcribed,source_covariance_not_reported,0.3730000000000002
vle_obs_0033,Aronu2011,Aronu_2011_VLE.csv,33,,,0.15,80,,no,0.409,6.3092,,,,,,,Aronu2011|w=0.15|T=80,,no,,validation_reserved_candidate,Non-30-wt% composition-transfer evidence reserved for grouped validation review.,,out-of-fit assessment,d70c79407d3b6e96b480f4d8cd2af4c12c55c2baab906d71b4540750659d241d,"Aronu et al. (2011), Tables 3-6; corrected columns per 2012 corrigendum",equilibrium_gas_CO2_partial_pressure,6309.2,0.3,source_numeric_uncertainty_not_transcribed,source_covariance_not_reported,0.4089999999999998
vle_obs_0070,Aronu2011,Aronu_2011_VLE.csv,70,,,0.45,40,,no,0.141,0.0035,,,,,,,Aronu2011|w=0.45|T=40,,no,,validation_reserved_candidate,Non-30-wt% composition-transfer evidence reserved for grouped validation review.,,multi-concentration calibration,d70c79407d3b6e96b480f4d8cd2af4c12c55c2baab906d71b4540750659d241d,"Aronu et al. (2011), Tables 3-6; corrected columns per 2012 corrigendum",equilibrium_gas_CO2_partial_pressure,3.5,0.3,source_numeric_uncertainty_not_transcribed,source_covariance_not_reported,0.14100000000000001
vle_obs_0071,Aronu2011,Aronu_2011_VLE.csv,71,,,0.45,40,,no,0.148,0.0035,,,,,,,Aronu2011|w=0.45|T=40,,no,,validation_reserved_candidate,Non-30-wt% composition-transfer evidence reserved for grouped validation review.,,multi-concentration calibration,d70c79407d3b6e96b480f4d8cd2af4c12c55c2baab906d71b4540750659d241d,"Aronu et al. (2011), Tables 3-6; corrected columns per 2012 corrigendum",equilibrium_gas_CO2_partial_pressure,3.5,0.3,source_numeric_uncertainty_not_transcribed,source_covariance_not_reported,0.14800000000000013
vle_obs_0072,Aronu2011,Aronu_2011_VLE.csv,72,,,0.45,40,,no,0.195,0.0077,,,,,,,Aronu2011|w=0.45|T=40,,no,,validation_reserved_candidate,Non-30-wt% composition-transfer evidence reserved for grouped validation review.,,multi-concentration calibration,d70c79407d3b6e96b480f4d8cd2af4c12c55c2baab906d71b4540750659d241d,"Aronu et al. (2011), Tables 3-6; corrected columns per 2012 corrigendum",equilibrium_gas_CO2_partial_pressure,7.7,0.3,source_numeric_uncertainty_not_transcribed,source_covariance_not_reported,0.19499999999999984
vle_obs_0073,Aronu2011,Aronu_2011_VLE.csv,73,,,0.45,40,,no,0.217,0.0099,,,,,,,Aronu2011|w=0.45|T=40,,no,,validation_reserved_candidate,Non-30-wt% composition-transfer evidence reserved for grouped validation review.,,multi-concentration calibration,d70c79407d3b6e96b480f4d8cd2af4c12c55c2baab906d71b4540750659d241d,"Aronu et al. (2011), Tables 3-6; corrected columns per 2012 corrigendum",equilibrium_gas_CO2_partial_pressure,9.9,0.3,source_numeric_uncertainty_not_transcribed,source_covariance_not_reported,0.21700000000000008
vle_obs_0074,Aronu2011,Aronu_2011_VLE.csv,74,,,0.45,40,,no,0.234,0.0123,,,,,,,Aronu2011|w=0.45|T=40,,no,,validation_reserved_candidate,Non-30-wt% composition-transfer evidence reserved for grouped validation review.,,multi-concentration calibration,d70c79407d3b6e96b480f4d8cd2af4c12c55c2baab906d71b4540750659d241d,"Aronu et al. (2011), Tables 3-6; corrected columns per 2012 corrigendum",equilibrium_gas_CO2_partial_pressure,12.3,0.3,source_numeric_uncertainty_not_transcribed,source_covariance_not_reported,0.23400000000000043
vle_obs_0075,Aronu2011,Aronu_2011_VLE.csv,75,,,0.45,40,,no,0.276,0.0164,,,,,,,Aronu2011|w=0.45|T=40,,no,,validation_reserved_candidate,Non-30-wt% composition-transfer evidence reserved for grouped validation review.,,multi-concentration calibration,d70c79407d3b6e96b480f4d8cd2af4c12c55c2baab906d71b4540750659d241d,"Aronu et al. (2011), Tables 3-6; corrected columns per 2012 corrigendum",equilibrium_gas_CO2_partial_pressure,16.400000000000002,0.3,source_numeric_uncertainty_not_transcribed,source_covariance_not_reported,0.27600000000000025
vle_obs_0076,Aronu2011,Aronu_2011_VLE.csv,76,,,0.45,40,,no,0.271,0.0178,,,,,,,Aronu2011|w=0.45|T=40,,no,,validation_reserved_candidate,Non-30-wt% composition-transfer evidence reserved for grouped validation review.,,multi-concentration calibration,d70c79407d3b6e96b480f4d8cd2af4c12c55c2baab906d71b4540750659d241d,"Aronu et al. (2011), Tables 3-6; corrected columns per 2012 corrigendum",equilibrium_gas_CO2_partial_pressure,17.8,0.3,source_numeric_uncertainty_not_transcribed,source_covariance_not_reported,0.27100000000000035
vle_obs_0077,Aronu2011,Aronu_2011_VLE.csv,77,,,0.45,40,,no,0.3,0.0364,,,,,,,Aronu2011|w=0.45|T=40,,no,,validation_reserved_candidate,Non-30-wt% composition-transfer evidence reserved for grouped validation review.,,multi-concentration calibration,d70c79407d3b6e96b480f4d8cd2af4c12c55c2baab906d71b4540750659d241d,"Aronu et al. (2011), Tables 3-6; corrected columns per 2012 corrigendum",equilibrium_gas_CO2_partial_pressure,36.4,0.3,source_numeric_uncertainty_not_transcribed,source_covariance_not_reported,0.2999999999999998
vle_obs_0078,Aronu2011,Aronu_2011_VLE.csv,78,,,0.45,40,,no,0.354,0.0598,,,,,,,Aronu2011|w=0.45|T=40,,no,,validation_reserved_candidate,Non-30-wt% composition-transfer evidence reserved for grouped validation review.,,multi-concentration calibration,d70c79407d3b6e96b480f4d8cd2af4c12c55c2baab906d71b4540750659d241d,"Aronu et al. (2011), Tables 3-6; corrected columns per 2012 corrigendum",equilibrium_gas_CO2_partial_pressure,59.8,0.3,source_numeric_uncertainty_not_transcribed,source_covariance_not_reported,0.35399999999999965
vle_obs_0079,Aronu2011,Aronu_2011_VLE.csv,79,,,0.45,40,,no,0.39,0.1087,,,,,,,Aronu2011|w=0.45|T=40,,no,,validation_reserved_candidate,Non-30-wt% composition-transfer evidence reserved for grouped validation review.,,multi-concentration calibration,d70c79407d3b6e96b480f4d8cd2af4c12c55c2baab906d71b4540750659d241d,"Aronu et al. (2011), Tables 3-6; corrected columns per 2012 corrigendum",equilibrium_gas_CO2_partial_pressure,108.7,0.3,source_numeric_uncertainty_not_transcribed,source_covariance_not_reported,0.3900000000000001
vle_obs_0080,Aronu2011,Aronu_2011_VLE.csv,80,,,0.45,40,,no,0.404,0.1781,,,,,,,Aronu2011|w=0.45|T=40,,no,,validation_reserved_candidate,Non-30-wt% composition-transfer evidence reserved for grouped validation review.,,multi-concentration calibration,d70c79407d3b6e96b480f4d8cd2af4c12c55c2baab906d71b4540750659d241d,"Aronu et al. (2011), Tables 3-6; corrected columns per 2012 corrigendum",equilibrium_gas_CO2_partial_pressure,178.1,0.3,source_numeric_uncertainty_not_transcribed,source_covariance_not_reported,0.4039999999999999
vle_obs_0081,Aronu2011,Aronu_2011_VLE.csv,81,,,0.45,40,,no,0.428,0.2787,,,,,,,Aronu2011|w=0.45|T=40,,no,,validation_reserved_candidate,Non-30-wt% composition-transfer evidence reserved for grouped validation review.,,multi-concentration calibration,d70c79407d3b6e96b480f4d8cd2af4c12c55c2baab906d71b4540750659d241d,"Aronu et al. (2011), Tables 3-6; corrected columns per 2012 corrigendum",equilibrium_gas_CO2_partial_pressure,278.7,0.3,source_numeric_uncertainty_not_transcribed,source_covariance_not_reported,0.42799999999999994
vle_obs_0082,Aronu2011,Aronu_2011_VLE.csv,82,,,0.45,40,,no,0.464,0.9173,,,,,,,Aronu2011|w=0.45|T=40,,no,,validation_reserved_candidate,Non-30-wt% composition-transfer evidence reserved for grouped validation review.,,multi-concentration calibration,d70c79407d3b6e96b480f4d8cd2af4c12c55c2baab906d71b4540750659d241d,"Aronu et al. (2011), Tables 3-6; corrected columns per 2012 corrigendum",equilibrium_gas_CO2_partial_pressure,917.3,0.3,source_numeric_uncertainty_not_transcribed,source_covariance_not_reported,0.46399999999999997
vle_obs_0083,Aronu2011,Aronu_2011_VLE.csv,83,,,0.45,40,,no,0.475,2.1609,,,,,,,Aronu2011|w=0.45|T=40,,no,,validation_reserved_candidate,Non-30-wt% composition-transfer evidence reserved for grouped validation review.,,multi-concentration calibration,d70c79407d3b6e96b480f4d8cd2af4c12c55c2baab906d71b4540750659d241d,"Aronu et al. (2011), Tables 3-6; corrected columns per 2012 corrigendum",equilibrium_gas_CO2_partial_pressure,2160.8999999999996,0.3,source_numeric_uncertainty_not_transcribed,source_covariance_not_reported,0.4750000000000001
vle_obs_0084,Aronu2011,Aronu_2011_VLE.csv,84,,,0.45,40,,no,0.497,5.4871,,,,,,,Aronu2011|w=0.45|T=40,,no,,validation_reserved_candidate,Non-30-wt% composition-transfer evidence reserved for grouped validation review.,,multi-concentration calibration,d70c79407d3b6e96b480f4d8cd2af4c12c55c2baab906d71b4540750659d241d,"Aronu et al. (2011), Tables 3-6; corrected columns per 2012 corrigendum",equilibrium_gas_CO2_partial_pressure,5487.099999999999,0.3,source_numeric_uncertainty_not_transcribed,source_covariance_not_reported,0.4969999999999999
vle_obs_0085,Aronu2011,Aronu_2011_VLE.csv,85,,,0.45,60,,no,0.045,0.0019,,,,,,,Aronu2011|w=0.45|T=60,,no,,validation_reserved_candidate,Non-30-wt% composition-transfer evidence reserved for grouped validation review.,,multi-concentration calibration,d70c79407d3b6e96b480f4d8cd2af4c12c55c2baab906d71b4540750659d241d,"Aronu et al. (2011), Tables 3-6; corrected columns per 2012 corrigendum",equilibrium_gas_CO2_partial_pressure,1.9,0.3,source_numeric_uncertainty_not_transcribed,source_covariance_not_reported,0.04499999999999993
vle_obs_0086,Aronu2011,Aronu_2011_VLE.csv,86,,,0.45,60,,no,0.087,0.0059,,,,,,,Aronu2011|w=0.45|T=60,,no,,validation_reserved_candidate,Non-30-wt% composition-transfer evidence reserved for grouped validation review.,,multi-concentration calibration,d70c79407d3b6e96b480f4d8cd2af4c12c55c2baab906d71b4540750659d241d,"Aronu et al. (2011), Tables 3-6; corrected columns per 2012 corrigendum",equilibrium_gas_CO2_partial_pressure,5.8999999999999995,0.3,source_numeric_uncertainty_not_transcribed,source_covariance_not_reported,0.08700000000000019
vle_obs_0087,Aronu2011,Aronu_2011_VLE.csv,87,,,0.45,60,,no,0.12,0.0099,,,,,,,Aronu2011|w=0.45|T=60,,no,,validation_reserved_candidate,Non-30-wt% composition-transfer evidence reserved for grouped validation review.,,multi-concentration calibration,d70c79407d3b6e96b480f4d8cd2af4c12c55c2baab906d71b4540750659d241d,"Aronu et al. (2011), Tables 3-6; corrected columns per 2012 corrigendum",equilibrium_gas_CO2_partial_pressure,9.9,0.3,source_numeric_uncertainty_not_transcribed,source_covariance_not_reported,0.1200000000000001
vle_obs_0088,Aronu2011,Aronu_2011_VLE.csv,88,,,0.45,60,,no,0.169,0.0205,,,,,,,Aronu2011|w=0.45|T=60,,no,,validation_reserved_candidate,Non-30-wt% composition-transfer evidence reserved for grouped validation review.,,multi-concentration calibration,d70c79407d3b6e96b480f4d8cd2af4c12c55c2baab906d71b4540750659d241d,"Aronu et al. (2011), Tables 3-6; corrected columns per 2012 corrigendum",equilibrium_gas_CO2_partial_pressure,20.5,0.3,source_numeric_uncertainty_not_transcribed,source_covariance_not_reported,0.16900000000000004
vle_obs_0089,Aronu2011,Aronu_2011_VLE.csv,89,,,0.45,60,,no,0.232,0.0787,,,,,,,Aronu2011|w=0.45|T=60,,no,,validation_reserved_candidate,Non-30-wt% composition-transfer evidence reserved for grouped validation review.,,multi-concentration calibration,d70c79407d3b6e96b480f4d8cd2af4c12c55c2baab906d71b4540750659d241d,"Aronu et al. (2011), Tables 3-6; corrected columns per 2012 corrigendum",equilibrium_gas_CO2_partial_pressure,78.7,0.3,source_numeric_uncertainty_not_transcribed,source_covariance_not_reported,0.2320000000000002
vle_obs_0090,Aronu2011,Aronu_2011_VLE.csv,90,,,0.45,60,,no,0.269,0.1284,,,,,,,Aronu2011|w=0.45|T=60,,no,,validation_reserved_candidate,Non-30-wt% composition-transfer evidence reserved for grouped validation review.,,multi-concentration calibration,d70c79407d3b6e96b480f4d8cd2af4c12c55c2baab906d71b4540750659d241d,"Aronu et al. (2011), Tables 3-6; corrected columns per 2012 corrigendum",equilibrium_gas_CO2_partial_pressure,128.39999999999998,0.3,source_numeric_uncertainty_not_transcribed,source_covariance_not_reported,0.26900000000000013
vle_obs_0091,Aronu2011,Aronu_2011_VLE.csv,91,,,0.45,60,,no,0.352,0.4279,,,,,,,Aronu2011|w=0.45|T=60,,no,,validation_reserved_candidate,Non-30-wt% composition-transfer evidence reserved for grouped validation review.,,multi-concentration calibration,d70c79407d3b6e96b480f4d8cd2af4c12c55c2baab906d71b4540750659d241d,"Aronu et al. (2011), Tables 3-6; corrected columns per 2012 corrigendum",equilibrium_gas_CO2_partial_pressure,427.9,0.3,source_numeric_uncertainty_not_transcribed,source_covariance_not_reported,0.35199999999999987
vle_obs_0092,Aronu2011,Aronu_2011_VLE.csv,92,,,0.45,60,,no,0.392,1.4259,,,,,,,Aronu2011|w=0.45|T=60,,no,,validation_reserved_candidate,Non-30-wt% composition-transfer evidence reserved for grouped validation review.,,multi-concentration calibration,d70c79407d3b6e96b480f4d8cd2af4c12c55c2baab906d71b4540750659d241d,"Aronu et al. (2011), Tables 3-6; corrected columns per 2012 corrigendum",equilibrium_gas_CO2_partial_pressure,1425.8999999999999,0.3,source_numeric_uncertainty_not_transcribed,source_covariance_not_reported,0.39200000000000035
vle_obs_0093,Aronu2011,Aronu_2011_VLE.csv,93,,,0.45,60,,no,0.454,4.6349,,,,,,,Aronu2011|w=0.45|T=60,,no,,validation_reserved_candidate,Non-30-wt% composition-transfer evidence reserved for grouped validation review.,,multi-concentration calibration,d70c79407d3b6e96b480f4d8cd2af4c12c55c2baab906d71b4540750659d241d,"Aronu et al. (2011), Tables 3-6; corrected columns per 2012 corrigendum",equilibrium_gas_CO2_partial_pressure,4634.9,0.3,source_numeric_uncertainty_not_transcribed,source_covariance_not_reported,0.45399999999999974
vle_obs_0094,Aronu2011,Aronu_2011_VLE.csv,94,,,0.45,60,,no,0.46,6.2928,,,,,,,Aronu2011|w=0.45|T=60,,no,,validation_reserved_candidate,Non-30-wt% composition-transfer evidence reserved for grouped validation review.,,multi-concentration calibration,d70c79407d3b6e96b480f4d8cd2af4c12c55c2baab906d71b4540750659d241d,"Aronu et al. (2011), Tables 3-6; corrected columns per 2012 corrigendum",equilibrium_gas_CO2_partial_pressure,6292.799999999999,0.3,source_numeric_uncertainty_not_transcribed,source_covariance_not_reported,0.45999999999999996
vle_obs_0095,Aronu2011,Aronu_2011_VLE.csv,95,,,0.45,60,,no,0.471,8.29,,,,,,,Aronu2011|w=0.45|T=60,,no,,validation_reserved_candidate,Non-30-wt% composition-transfer evidence reserved for grouped validation review.,,multi-concentration calibration,d70c79407d3b6e96b480f4d8cd2af4c12c55c2baab906d71b4540750659d241d,"Aronu et al. (2011), Tables 3-6; corrected columns per 2012 corrigendum",equilibrium_gas_CO2_partial_pressure,8290.0,0.3,source_numeric_uncertainty_not_transcribed,source_covariance_not_reported,0.4710000000000001
vle_obs_0096,Aronu2011,Aronu_2011_VLE.csv,96,,,0.45,80,,no,0.017,0.0008,,,,,,,Aronu2011|w=0.45|T=80,,no,,validation_reserved_candidate,Non-30-wt% composition-transfer evidence reserved for grouped validation review.,,out-of-fit assessment,d70c79407d3b6e96b480f4d8cd2af4c12c55c2baab906d71b4540750659d241d,"Aronu et al. (2011), Tables 3-6; corrected columns per 2012 corrigendum",equilibrium_gas_CO2_partial_pressure,0.8,0.3,source_numeric_uncertainty_not_transcribed,source_covariance_not_reported,0.016999999999999904
vle_obs_0097,Aronu2011,Aronu_2011_VLE.csv,97,,,0.45,80,,no,0.027,0.0023,,,,,,,Aronu2011|w=0.45|T=80,,no,,validation_reserved_candidate,Non-30-wt% composition-transfer evidence reserved for grouped validation review.,,out-of-fit assessment,d70c79407d3b6e96b480f4d8cd2af4c12c55c2baab906d71b4540750659d241d,"Aronu et al. (2011), Tables 3-6; corrected columns per 2012 corrigendum",equilibrium_gas_CO2_partial_pressure,2.3,0.3,source_numeric_uncertainty_not_transcribed,source_covariance_not_reported,0.02699999999999969
vle_obs_0098,Aronu2011,Aronu_2011_VLE.csv,98,,,0.45,80,,no,0.038,0.0056,,,,,,,Aronu2011|w=0.45|T=80,,no,,validation_reserved_candidate,Non-30-wt% composition-transfer evidence reserved for grouped validation review.,,out-of-fit assessment,d70c79407d3b6e96b480f4d8cd2af4c12c55c2baab906d71b4540750659d241d,"Aronu et al. (2011), Tables 3-6; corrected columns per 2012 corrigendum",equilibrium_gas_CO2_partial_pressure,5.6,0.3,source_numeric_uncertainty_not_transcribed,source_covariance_not_reported,0.03799999999999981
vle_obs_0099,Aronu2011,Aronu_2011_VLE.csv,99,,,0.45,80,,no,0.045,0.006,,,,,,,Aronu2011|w=0.45|T=80,,no,,validation_reserved_candidate,Non-30-wt% composition-transfer evidence reserved for grouped validation review.,,out-of-fit assessment,d70c79407d3b6e96b480f4d8cd2af4c12c55c2baab906d71b4540750659d241d,"Aronu et al. (2011), Tables 3-6; corrected columns per 2012 corrigendum",equilibrium_gas_CO2_partial_pressure,6.0,0.3,source_numeric_uncertainty_not_transcribed,source_covariance_not_reported,0.04499999999999993
vle_obs_0100,Aronu2011,Aronu_2011_VLE.csv,100,,,0.45,80,,no,0.061,0.0099,,,,,,,Aronu2011|w=0.45|T=80,,no,,validation_reserved_candidate,Non-30-wt% composition-transfer evidence reserved for grouped validation review.,,out-of-fit assessment,d70c79407d3b6e96b480f4d8cd2af4c12c55c2baab906d71b4540750659d241d,"Aronu et al. (2011), Tables 3-6; corrected columns per 2012 corrigendum",equilibrium_gas_CO2_partial_pressure,9.9,0.3,source_numeric_uncertainty_not_transcribed,source_covariance_not_reported,0.06099999999999994
vle_obs_0101,Aronu2011,Aronu_2011_VLE.csv,101,,,0.45,80,,no,0.086,0.0288,,,,,,,Aronu2011|w=0.45|T=80,,no,,validation_reserved_candidate,Non-30-wt% composition-transfer evidence reserved for grouped validation review.,,out-of-fit assessment,d70c79407d3b6e96b480f4d8cd2af4c12c55c2baab906d71b4540750659d241d,"Aronu et al. (2011), Tables 3-6; corrected columns per 2012 corrigendum",equilibrium_gas_CO2_partial_pressure,28.8,0.3,source_numeric_uncertainty_not_transcribed,source_covariance_not_reported,0.08599999999999985
vle_obs_0102,Aronu2011,Aronu_2011_VLE.csv,102,,,0.45,80,,no,0.109,0.0529,,,,,,,Aronu2011|w=0.45|T=80,,no,,validation_reserved_candidate,Non-30-wt% composition-transfer evidence reserved for grouped validation review.,,out-of-fit assessment,d70c79407d3b6e96b480f4d8cd2af4c12c55c2baab906d71b4540750659d241d,"Aronu et al. (2011), Tables 3-6; corrected columns per 2012 corrigendum",equilibrium_gas_CO2_partial_pressure,52.900000000000006,0.3,source_numeric_uncertainty_not_transcribed,source_covariance_not_reported,0.10899999999999999
vle_obs_0103,Aronu2011,Aronu_2011_VLE.csv,103,,,0.45,80,,no,0.135,0.1236,,,,,,,Aronu2011|w=0.45|T=80,,no,,validation_reserved_candidate,Non-30-wt% composition-transfer evidence reserved for grouped validation review.,,out-of-fit assessment,d70c79407d3b6e96b480f4d8cd2af4c12c55c2baab906d71b4540750659d241d,"Aronu et al. (2011), Tables 3-6; corrected columns per 2012 corrigendum",equilibrium_gas_CO2_partial_pressure,123.60000000000001,0.3,source_numeric_uncertainty_not_transcribed,source_covariance_not_reported,0.13500000000000023
vle_obs_0104,Aronu2011,Aronu_2011_VLE.csv,104,,,0.45,80,,no,0.236,0.3981,,,,,,,Aronu2011|w=0.45|T=80,,no,,validation_reserved_candidate,Non-30-wt% composition-transfer evidence reserved for grouped validation review.,,out-of-fit assessment,d70c79407d3b6e96b480f4d8cd2af4c12c55c2baab906d71b4540750659d241d,"Aronu et al. (2011), Tables 3-6; corrected columns per 2012 corrigendum",equilibrium_gas_CO2_partial_pressure,398.1,0.3,source_numeric_uncertainty_not_transcribed,source_covariance_not_reported,0.2360000000000002
vle_obs_0105,Aronu2011,Aronu_2011_VLE.csv,105,,,0.45,80,,no,0.389,4.5002,,,,,,,Aronu2011|w=0.45|T=80,,no,,validation_reserved_candidate,Non-30-wt% composition-transfer evidence reserved for grouped validation review.,,out-of-fit assessment,d70c79407d3b6e96b480f4d8cd2af4c12c55c2baab906d71b4540750659d241d,"Aronu et al. (2011), Tables 3-6; corrected columns per 2012 corrigendum",equilibrium_gas_CO2_partial_pressure,4500.200000000001,0.3,source_numeric_uncertainty_not_transcribed,source_covariance_not_reported,0.38900000000000023
vle_obs_0106,Aronu2011,Aronu_2011_VLE.csv,106,,,0.45,80,,no,0.435,11.249,,,,,,,Aronu2011|w=0.45|T=80,,no,,validation_reserved_candidate,Non-30-wt% composition-transfer evidence reserved for grouped validation review.,,out-of-fit assessment,d70c79407d3b6e96b480f4d8cd2af4c12c55c2baab906d71b4540750659d241d,"Aronu et al. (2011), Tables 3-6; corrected columns per 2012 corrigendum",equilibrium_gas_CO2_partial_pressure,11249.0,0.3,source_numeric_uncertainty_not_transcribed,source_covariance_not_reported,0.43500000000000005
