variant_id,observation_id,family,temperature_k,loading_mol_co2_per_mol_mea,target_id,observed,predicted,log10_predicted_over_observed
current_ion_specific,vle_obs_0119,pressure,313.15,0.1529,vle_obs_0119-pco2,5.7,22.589070777644714,0.598023510509422
current_ion_specific,vle_obs_0120,pressure,313.15,0.16290000000000002,vle_obs_0120-pco2,6.64,28.624832934829076,0.6345748812832079
current_ion_specific,vle_obs_0121,pressure,313.15,0.16990000000000002,vle_obs_0121-pco2,7.21,33.67791619975858,0.669409947236945
current_ion_specific,vle_obs_0122,pressure,313.15,0.19090000000000001,vle_obs_0122-pco2,9.950000000000001,54.15186878898951,0.7357903680409419
current_ion_specific,vle_obs_0123,pressure,313.15,0.19390000000000002,vle_obs_0123-pco2,9.85,57.87844993027199,0.7690806610623145
current_ion_specific,vle_obs_0124,pressure,313.15,0.23190000000000002,vle_obs_0124-pco2,14.6,131.98754496888404,0.956180095069175
current_ion_specific,vle_obs_0125,pressure,313.15,0.2459,vle_obs_0125-pco2,19.099999999999998,177.8657496114044,0.9690589597746855
current_ion_specific,vle_obs_0126,pressure,313.15,0.26890000000000003,vle_obs_0126-pco2,23.099999999999998,289.91359709093337,1.098656604566279
current_ion_specific,vle_obs_0127,pressure,313.15,0.27190000000000003,vle_obs_0127-pco2,22.4,309.01367447541577,1.1397296799185466
current_ion_specific,vle_obs_0128,pressure,313.15,0.3259,vle_obs_0128-pco2,48.5,995.0104187472588,1.3120858896618066
current_ion_specific,vle_obs_0129,pressure,313.15,0.3479,vle_obs_0129-pco2,66.19999999999999,1637.909349503894,1.3934318725148194
current_ion_specific,vle_obs_0130,pressure,313.15,0.3499,vle_obs_0130-pco2,72.1,1715.5030373938655,1.376456226616061
current_ion_specific,vle_obs_0131,pressure,313.15,0.3599,vle_obs_0131-pco2,96.60000000000001,2168.4439897809243,1.3511710825257204
current_ion_specific,vle_obs_0132,pressure,313.15,0.3819,vle_obs_0132-pco2,131.0,3703.2934599930322,1.451316832544318
current_ion_specific,vle_obs_0133,pressure,313.15,0.3859,vle_obs_0133-pco2,120.0,4095.68646113695,1.5331454564587181
current_ion_specific,vle_obs_0134,pressure,313.15,0.3889,vle_obs_0134-pco2,113.0,4420.43730150948,1.5923867915304175
current_ion_specific,vle_obs_0135,pressure,313.15,0.39990000000000003,vle_obs_0135-pco2,128.0,5883.023783519693,1.6623906344816288
current_ion_specific,vle_obs_0136,pressure,313.15,0.46390000000000003,vle_obs_0136-pco2,750.0,39133.282124455094,1.7174850104932198
current_ion_specific,vle_obs_0137,pressure,313.15,0.46590000000000004,vle_obs_0137-pco2,574.0,41790.08402492814,1.862161351957568
current_ion_specific,vle_obs_0138,pressure,313.15,0.4809,vle_obs_0138-pco2,883.0,68854.67719805903,1.8919727430097857
current_ion_specific,vle_obs_0139,pressure,313.15,0.4909,vle_obs_0139-pco2,1100.0,96204.26694715295,1.9418016495667705
current_ion_specific,vle_obs_0140,pressure,313.15,0.5009,vle_obs_0140-pco2,1870.0,133754.42390765523,1.8544665486196439
current_ion_specific,vle_obs_0141,pressure,313.15,0.5179,vle_obs_0141-pco2,3030.0,228013.76313395315,1.8765184337294185
current_ion_specific,vle_obs_0142,pressure,313.15,0.5909,vle_obs_0142-pco2,28300.0,1216102.6323168804,1.6331837930045239
current_ion_specific,vle_obs_0143,pressure,333.15,0.1139,vle_obs_0143-pco2,19.400000000000002,37.39383434393163,0.2849982698330382
current_ion_specific,vle_obs_0144,pressure,333.15,0.19090000000000001,vle_obs_0144-pco2,58.9,243.0325026227721,0.6155490642670687
current_ion_specific,vle_obs_0145,pressure,333.15,0.2909,vle_obs_0145-pco2,209.0,2077.2564486482083,0.9973438297584925
current_ion_specific,vle_obs_0146,pressure,333.15,0.3859,vle_obs_0146-pco2,763.0,17809.34730667669,1.3681234653768135
current_ion_specific,vle_obs_0147,pressure,333.15,0.4849,vle_obs_0147-pco2,4860.0,261786.6656619923,1.7313112523378535
current_ion_specific,vle_obs_0148,pressure,333.15,0.5439,vle_obs_0148-pco2,25800.0,1073830.7851796069,1.6193161444387876
current_ion_specific,vle_obs_0149,pressure,333.15,0.5649,vle_obs_0149-pco2,50200.0,1564799.8232823007,1.4937550712522862
current_ion_specific,vle_obs_0186,pressure,313.15,0.0887,vle_obs_0186-pco2,1.47,3.9863487624757625,0.4332579573565642
current_ion_specific,vle_obs_0187,pressure,313.15,0.20290000000000002,vle_obs_0187-pco2,8.959999999999999,70.55764693194503,0.8962360791635655
current_ion_specific,vle_obs_0188,pressure,313.15,0.3649,vle_obs_0188-pco2,67.7,2442.706515830407,1.5572826221884304
current_ion_specific,vle_obs_0189,pressure,313.15,0.4734,vle_obs_0189-pco2,604.0,53581.107331747706,1.9479747460728256
current_ion_specific,vle_obs_0190,pressure,313.15,0.5129,vle_obs_0190-pco2,2570.0,195800.34458378094,1.881880328439721
current_ion_specific,vle_obs_0191,pressure,313.15,0.5569000000000001,vle_obs_0191-pco2,8090.0,631767.9755409127,1.8926090860309912
current_ion_specific,vle_obs_0192,pressure,313.15,0.6089,vle_obs_0192-pco2,36100.0,1609306.9963170283,1.6491316974380745
current_ion_specific,vle_obs_0193,pressure,313.15,0.6419,vle_obs_0193-pco2,103000.0,2474869.6492238804,1.3807151049831676
current_ion_specific,vle_obs_0194,pressure,333.15,0.056299999999999996,vle_obs_0194-pco2,4.28,5.510357133174067,0.1097359779221972
current_ion_specific,vle_obs_0195,pressure,333.15,0.11889999999999999,vle_obs_0195-pco2,19.3,42.83839054534096,0.3462758368493469
current_ion_specific,vle_obs_0196,pressure,333.15,0.2059,vle_obs_0196-pco2,57.9,338.2045857818119,0.7665009282576278
current_ion_specific,vle_obs_0197,pressure,333.15,0.3889,vle_obs_0197-pco2,528.0,19176.51521135514,1.5601357667459965
current_ion_specific,vle_obs_0198,pressure,333.15,0.4379,vle_obs_0198-pco2,2009.9999999999998,69428.99673470219,1.538344832224214
current_ion_specific,vle_obs_0199,pressure,333.15,0.5039,vle_obs_0199-pco2,11000.0,435220.637260721,1.597316795364514
current_ion_specific,vle_obs_0200,pressure,333.15,0.5609000000000001,vle_obs_0200-pco2,34000.0,1463274.3084495254,1.633846830463118
current_ion_specific,vle_obs_0201,pressure,333.15,0.5789,vle_obs_0201-pco2,82000.0,1948983.8531310908,1.3759943887220445
current_ion_specific,vle_obs_0202,pressure,333.15,0.6679,vle_obs_0202-pco2,282000.0,5482199.516976877,1.2887057287114347
current_ion_specific,vle_obs_0203,pressure,353.15,0.0173,vle_obs_0203-pco2,2.96,1.8372608439299782,-0.20712089169520936
current_ion_specific,vle_obs_0204,pressure,353.15,0.0235,vle_obs_0204-pco2,4.84,3.3690171904513355,-0.15734213466474387
current_ion_specific,vle_obs_0205,pressure,353.15,0.078,vle_obs_0205-pco2,46.5,51.54099084710649,0.044699810476938336
current_ion_specific,vle_obs_0206,pressure,353.15,0.11789999999999999,vle_obs_0206-pco2,99.2,171.57081579205027,0.23793174411852963
current_ion_specific,vle_obs_0207,pressure,353.15,0.1869,vle_obs_0207-pco2,278.0,918.6828335361922,0.5191208053269263
current_ion_specific,vle_obs_0208,pressure,353.15,0.3479,vle_obs_0208-pco2,2670.0,29650.88512169539,1.045526400846012
current_ion_specific,vle_obs_0209,pressure,353.15,0.45990000000000003,vle_obs_0209-pco2,16000.0,420134.8670994037,1.4192687425871613
current_ion_specific,vle_obs_0210,pressure,353.15,0.5169,vle_obs_0210-pco2,56000.0,1391227.7289943742,1.3952101981336775
current_ion_specific,vle_obs_0211,pressure,353.15,0.5784,vle_obs_0211-pco2,235000.0,3434706.2227239837,1.1648217346388074
current_ion_specific,vle_obs_0212,pressure,353.15,0.6399,vle_obs_0212-pco2,558000.0,6555970.81851739,1.070002812863708
current_ion_specific,vle_obs_0214,pressure,373.15,0.011600000000000001,vle_obs_0214-pco2,7.24,3.255012250294236,-0.34718593881515525
current_ion_specific,vle_obs_0215,pressure,373.15,0.056499999999999995,vle_obs_0215-pco2,136.0,86.58596002607871,-0.19609143179777788
current_ion_specific,vle_obs_0216,pressure,373.15,0.1879,vle_obs_0216-pco2,1430.0,3609.288484334508,0.4020855584064331
current_ion_specific,vle_obs_0217,pressure,373.15,0.3809,vle_obs_0217-pco2,19000.0,225315.83154061617,1.0740381070123375
current_ion_specific,vle_obs_0218,pressure,373.15,0.4219,vle_obs_0218-pco2,39000.0,536497.5155867856,1.1385031081488202
current_ion_specific,vle_obs_0219,pressure,373.15,0.4769,vle_obs_0219-pco2,69000.0,1508497.5706483137,1.3396955243671351
current_ion_specific,vle_obs_0220,pressure,373.15,0.4809,vle_obs_0220-pco2,109000.0,1611246.3227826967,1.1697354412667593
current_ion_specific,vle_obs_0221,pressure,373.15,0.5709,vle_obs_0221-pco2,509000.0,5129763.2601261325,1.003379540437183
current_ion_specific,vle_obs_0222,pressure,373.15,0.5889,vle_obs_0222-pco2,376000.0,6119388.432515007,1.2115201762937888
current_ion_specific,vle_obs_0223,pressure,373.15,0.6134000000000001,vle_obs_0223-pco2,909000.0,7653675.928044673,0.9253061861583397
current_ion_specific,vle_obs_0224,pressure,393.15,0.0032300000000000002,vle_obs_0224-pco2,2.02,1.2003585416590479,-0.2260403822269927
current_ion_specific,vle_obs_0225,pressure,393.15,0.0111,vle_obs_0225-pco2,22.1,10.625770842866523,-0.31803182807710856
current_ion_specific,vle_obs_0226,pressure,393.15,0.0246,vle_obs_0226-pco2,98.4,49.69468116446982,-0.2966851898697057
current_ion_specific,vle_obs_0228,pressure,393.15,0.3489,vle_obs_0228-pco2,46800.0,372620.67112672876,0.9010210906349432
current_ion_specific,vle_obs_0229,pressure,393.15,0.4114,vle_obs_0229-pco2,122000.0,1164579.678809649,0.9798093769950486
current_ion_specific,vle_obs_0230,pressure,393.15,0.4439,vle_obs_0230-pco2,222000.0,1928575.6372192374,0.938883701773346
current_ion_specific,vle_obs_0231,pressure,393.15,0.4729,vle_obs_0231-pco2,422000.0,2848498.403055419,0.829303529353962
current_ion_specific,vle_obs_0232,pressure,393.15,0.5359,vle_obs_0232-pco2,822000.0,5624704.111599289,0.8352278637180909
current_ion_specific,Bottinger2008_state_030,speciation,293.15,0.0749,Bottinger2008_state_030::MEA + MEAH+,0.1054,0.10396088865157621,-0.005970627707937576
current_ion_specific,Bottinger2008_state_030,speciation,293.15,0.0749,Bottinger2008_state_030::MEACOO-,0.0086,0.008257979778540387,-0.017624636168081086
current_ion_specific,Bottinger2008_state_031,speciation,293.15,0.1499,Bottinger2008_state_031::MEA + MEAH+,0.0966,0.09567302035649598,-0.004187641744665572
current_ion_specific,Bottinger2008_state_031,speciation,293.15,0.1499,Bottinger2008_state_031::MEACOO-,0.0171,0.01654584517325638,-0.014307154266082537
current_ion_specific,Bottinger2008_state_032,speciation,293.15,0.2349,Bottinger2008_state_032::MEA + MEAH+,0.0871,0.08633741895486702,-0.0038190936664936666
current_ion_specific,Bottinger2008_state_032,speciation,293.15,0.2349,Bottinger2008_state_032::MEACOO-,0.0267,0.025881430575446753,-0.013522983423110629
current_ion_specific,Bottinger2008_state_033,speciation,293.15,0.3089,Bottinger2008_state_033::MEA + MEAH+,0.078,0.07834074072167542,0.0018930708503868536
current_ion_specific,Bottinger2008_state_033,speciation,293.15,0.3089,Bottinger2008_state_033::MEACOO-,0.0349,0.03387804566701104,-0.012907077854042411
current_ion_specific,Bottinger2008_state_034,speciation,293.15,0.3879,Bottinger2008_state_034::MEA + MEAH+,0.0678,0.07019441686204082,0.015072876632628017
current_ion_specific,Bottinger2008_state_034,speciation,293.15,0.3879,Bottinger2008_state_034::MEACOO-,0.043,0.042023993780911394,-0.009971132055333495
current_ion_specific,Bottinger2008_state_035,speciation,293.15,0.4739,Bottinger2008_state_035::MEA + MEAH+,0.062,0.06344188961783394,0.009984420472966242
current_ion_specific,Bottinger2008_state_035,speciation,293.15,0.4739,Bottinger2008_state_035::MEACOO-,0.0493,0.048771005775258176,-0.004685207398178134
current_ion_specific,Bottinger2008_state_042,speciation,313.15,0.1249,Bottinger2008_state_042::MEA + MEAH+,0.1009,0.09845173977213502,-0.01066777113847713
current_ion_specific,Bottinger2008_state_042,speciation,313.15,0.1249,Bottinger2008_state_042::MEACOO-,0.0144,0.013767121832589603,-0.019519336360868274
current_ion_specific,Bottinger2008_state_043,speciation,313.15,0.2049,Bottinger2008_state_043::MEA + MEAH+,0.0934,0.08969070134716062,-0.017599456184301258
current_ion_specific,Bottinger2008_state_043,speciation,313.15,0.2049,Bottinger2008_state_043::MEACOO-,0.0241,0.022528125770212203,-0.02929198052315395
current_ion_specific,Bottinger2008_state_044,speciation,313.15,0.2359,Bottinger2008_state_044::MEA + MEAH+,0.0876,0.08632722703864867,-0.006356315229758497
current_ion_specific,Bottinger2008_state_044,speciation,313.15,0.2359,Bottinger2008_state_044::MEACOO-,0.0271,0.025891564709904717,-0.0198109938445761
current_ion_specific,Bottinger2008_state_045,speciation,313.15,0.27990000000000004,Bottinger2008_state_045::MEA + MEAH+,0.084,0.08160505095494182,-0.01256224576425166
current_ion_specific,Bottinger2008_state_045,speciation,313.15,0.27990000000000004,Bottinger2008_state_045::MEACOO-,0.0327,0.030613636265777646,-0.028632834811741822
current_ion_specific,Bottinger2008_state_046,speciation,313.15,0.34290000000000004,Bottinger2008_state_046::MEA + MEAH+,0.0758,0.07503333305676921,-0.004414966951954879
current_ion_specific,Bottinger2008_state_046,speciation,313.15,0.34290000000000004,Bottinger2008_state_046::MEACOO-,0.0396,0.03718489164376012,-0.027328665628044986
current_ion_specific,Bottinger2008_state_047,speciation,313.15,0.3539,Bottinger2008_state_047::MEA + MEAH+,0.0749,0.0739245400292481,-0.00569318674521874
current_ion_specific,Bottinger2008_state_047,speciation,313.15,0.3539,Bottinger2008_state_047::MEACOO-,0.041,0.038293515066090876,-0.029658623468405622
current_ion_specific,Bottinger2008_state_048,speciation,313.15,0.45990000000000003,Bottinger2008_state_048::MEA + MEAH+,0.065,0.06503234150040373,0.0002160344924865513
current_ion_specific,Bottinger2008_state_048,speciation,313.15,0.45990000000000003,Bottinger2008_state_048::MEACOO-,0.0492,0.04717425292426937,-0.01826007158670186
current_ion_specific,Bottinger2008_state_049,speciation,313.15,0.46590000000000004,Bottinger2008_state_049::MEA + MEAH+,0.0663,0.06473391405910742,-0.010381661493727868
current_ion_specific,Bottinger2008_state_049,speciation,313.15,0.46590000000000004,Bottinger2008_state_049::MEACOO-,0.0502,0.04747015454969176,-0.024283071481661464
current_ion_specific,Bottinger2008_state_049,speciation,313.15,0.46590000000000004,Bottinger2008_state_049::HCO3-,0.004,0.004624586511784455,0.06301291684371389
current_ion_specific,Bottinger2008_state_050,speciation,313.15,0.4869,Bottinger2008_state_050::MEA + MEAH+,0.0646,0.0640145719461348,-0.003953672207338073
current_ion_specific,Bottinger2008_state_050,speciation,313.15,0.4869,Bottinger2008_state_050::MEACOO-,0.0511,0.0481753165294507,-0.025596323324249798
current_ion_specific,Bottinger2008_state_050,speciation,313.15,0.4869,Bottinger2008_state_050::HCO3-,0.0052,0.006146373175686806,0.07261558117939283
current_ion_specific,Bottinger2008_state_055,speciation,333.15,0.13090000000000002,Bottinger2008_state_055::MEA + MEAH+,0.0974,0.09783420171185682,0.0019317488098245111
current_ion_specific,Bottinger2008_state_055,speciation,333.15,0.13090000000000002,Bottinger2008_state_055::MEACOO-,0.0147,0.014384635802831334,-0.00941846406044486
current_ion_specific,Bottinger2008_state_056,speciation,333.15,0.20290000000000002,Bottinger2008_state_056::MEA + MEAH+,0.0905,0.09000788727195645,-0.002368011448078455
current_ion_specific,Bottinger2008_state_056,speciation,333.15,0.20290000000000002,Bottinger2008_state_056::MEACOO-,0.0231,0.022210831360245497,-0.017047165224364173
current_ion_specific,Bottinger2008_state_057,speciation,333.15,0.27690000000000003,Bottinger2008_state_057::MEA + MEAH+,0.0791,0.08212013888621111,0.016273191704824268
current_ion_specific,Bottinger2008_state_057,speciation,333.15,0.27690000000000003,Bottinger2008_state_057::MEACOO-,0.0302,0.030098086534537074,-0.001468056463196701
current_ion_specific,Bottinger2008_state_058,speciation,333.15,0.4149,Bottinger2008_state_058::MEA + MEAH+,0.0687,0.06888291078769586,0.001154753771712009
current_ion_specific,Bottinger2008_state_058,speciation,333.15,0.4149,Bottinger2008_state_058::MEACOO-,0.0417,0.04332382440700818,0.016590731981125227
current_ion_specific,Bottinger2008_state_058,speciation,333.15,0.4149,Bottinger2008_state_058::HCO3-,0.0042,0.0030989855364903997,-0.1320297410824853
current_ion_specific,Bottinger2008_state_059,speciation,333.15,0.4889,Bottinger2008_state_059::MEA + MEAH+,0.068,0.0650444693527173,-0.019298537738067487
current_ion_specific,Bottinger2008_state_059,speciation,333.15,0.4889,Bottinger2008_state_059::MEACOO-,0.0424,0.04708926266339156,0.04555603360094767
current_ion_specific,Bottinger2008_state_059,speciation,333.15,0.4889,Bottinger2008_state_059::HCO3-,0.0072,0.0069565574284325415,-0.01493812172152528
current_ion_specific,Bottinger2008_state_063,speciation,353.15,0.0639,Bottinger2008_state_063::MEA + MEAH+,0.1084,0.10520276188245926,-0.0130021407252679
current_ion_specific,Bottinger2008_state_063,speciation,353.15,0.0639,Bottinger2008_state_063::MEACOO-,0.0068,0.007016091173416391,0.013586311302597314
current_ion_specific,Bottinger2008_state_064,speciation,353.15,0.1409,Bottinger2008_state_064::MEA + MEAH+,0.1005,0.09680994773195557,-0.01624607611005427
current_ion_specific,Bottinger2008_state_064,speciation,353.15,0.1409,Bottinger2008_state_064::MEACOO-,0.014,0.015408779244772549,0.041640197572326544
current_ion_specific,Bottinger2008_state_065,speciation,353.15,0.2449,Bottinger2008_state_065::MEA + MEAH+,0.0906,0.08568848227533986,-0.024205747053775855
current_ion_specific,Bottinger2008_state_065,speciation,353.15,0.2449,Bottinger2008_state_065::MEACOO-,0.0224,0.02652914162052128,0.073475179801128
current_ion_specific,Bottinger2008_state_066,speciation,353.15,0.33590000000000003,Bottinger2008_state_066::MEA + MEAH+,0.0858,0.07647467261107978,-0.04996966140749532
current_ion_specific,Bottinger2008_state_066,speciation,353.15,0.33590000000000003,Bottinger2008_state_066::MEACOO-,0.0337,0.035736736514684654,0.025484989257522152
current_ion_specific,Bottinger2008_state_067,speciation,353.15,0.39790000000000003,Bottinger2008_state_067::MEA + MEAH+,0.0872,0.07098246577479997,-0.08936540322348477
current_ion_specific,Bottinger2008_state_067,speciation,353.15,0.39790000000000003,Bottinger2008_state_067::MEACOO-,0.0336,0.04120872365637782,0.08864988608945801
current_ion_specific,Bottinger2008_state_067,speciation,353.15,0.39790000000000003,Bottinger2008_state_067::HCO3-,0.0046,0.003178298321553264,-0.16056317313246932
current_ion_specific,Matin2012_state_001,speciation,293.15,0.1059,Matin2012_state_001::MEA,0.0915,0.08854377120584853,-0.014263078806596061
current_ion_specific,Matin2012_state_001,speciation,293.15,0.1059,Matin2012_state_001::MEAH+,0.0115,0.011989054514656282,0.018087094600260374
current_ion_specific,Matin2012_state_001,speciation,293.15,0.1059,Matin2012_state_001::MEACOO-,0.0097,0.011686042017108015,0.08089570921453743
current_ion_specific,Matin2012_state_001,speciation,293.15,0.1059,Matin2012_state_001::HCO3-,0.0024,0.00011616693697882379,-1.3151287034238544
current_ion_specific,Matin2012_state_002,speciation,293.15,0.1279,Matin2012_state_002::MEA,0.0867,0.08363857602315715,-0.01561246728741051
current_ion_specific,Matin2012_state_002,speciation,293.15,0.1279,Matin2012_state_002::MEAH+,0.0139,0.014463042401287981,0.017244859171170114
current_ion_specific,Matin2012_state_002,speciation,293.15,0.1279,Matin2012_state_002::MEACOO-,0.0124,0.014117248450650642,0.05632837280378068
current_ion_specific,Matin2012_state_002,speciation,293.15,0.1279,Matin2012_state_002::HCO3-,0.0022,0.00014832830771002636,-1.1711986389706794
current_ion_specific,Matin2012_state_003,speciation,293.15,0.1499,Matin2012_state_003::MEA,0.0817,0.07873723554889286,-0.016041893816803373
current_ion_specific,Matin2012_state_003,speciation,293.15,0.1499,Matin2012_state_003::MEAH+,0.0162,0.016935784807603094,0.019290312196153216
current_ion_specific,Matin2012_state_003,speciation,293.15,0.1499,Matin2012_state_003::MEACOO-,0.0151,0.01654584517325635,0.03971200883290106
current_ion_specific,Matin2012_state_003,speciation,293.15,0.1499,Matin2012_state_003::HCO3-,0.002,0.00018442208357876864,-1.0352170713424969
current_ion_specific,Matin2012_state_004,speciation,293.15,0.1729,Matin2012_state_004::MEA,0.0768,0.07361812381250579,-0.0183764749493705
current_ion_specific,Matin2012_state_004,speciation,293.15,0.1729,Matin2012_state_004::MEAH+,0.0186,0.019519933285177097,0.020965384792625556
current_ion_specific,Matin2012_state_004,speciation,293.15,0.1729,Matin2012_state_004::MEACOO-,0.0177,0.019080806250872884,0.03262345531168356
current_ion_specific,Matin2012_state_004,speciation,293.15,0.1729,Matin2012_state_004::HCO3-,0.002,0.0002272164981288209,-0.944590133474576
current_ion_specific,Matin2012_state_005,speciation,293.15,0.19490000000000002,Matin2012_state_005::MEA,0.0718,0.06872745479358867,-0.018994183405657696
current_ion_specific,Matin2012_state_005,speciation,293.15,0.19490000000000002,Matin2012_state_005::MEAH+,0.021,0.02199102332585889,0.020026144469215704
current_ion_specific,Matin2012_state_005,speciation,293.15,0.19490000000000002,Matin2012_state_005::MEACOO-,0.0203,0.021500382028800037,0.02495013881754432
current_ion_specific,Matin2012_state_005,speciation,293.15,0.19490000000000002,Matin2012_state_005::HCO3-,0.002,0.00027403851987416086,-0.8632183825042008
current_ion_specific,Matin2012_state_006,speciation,293.15,0.2179,Matin2012_state_006::MEA,0.0668,0.06362209601223223,-0.021168489757773454
current_ion_specific,Matin2012_state_006,speciation,293.15,0.2179,Matin2012_state_006::MEAH+,0.0234,0.024573892688204067,0.02125810001011013
current_ion_specific,Matin2012_state_006,speciation,293.15,0.2179,Matin2012_state_006::MEACOO-,0.0228,0.024022866329601315,0.022689977750930932
current_ion_specific,Matin2012_state_006,speciation,293.15,0.2179,Matin2012_state_006::HCO3-,0.0021,0.00033059571696770747,-0.8029220719635228
current_ion_specific,Matin2012_state_007,speciation,293.15,0.2409,Matin2012_state_007::MEA,0.0618,0.058526520230998164,-0.02363577174007855
current_ion_specific,Matin2012_state_007,speciation,293.15,0.2409,Matin2012_state_007::MEAH+,0.0257,0.027156351232487497,0.023938293748122348
current_ion_specific,Matin2012_state_007,speciation,293.15,0.2409,Matin2012_state_007::MEACOO-,0.0252,0.02653597566075691,0.022434519387862888
current_ion_specific,Matin2012_state_007,speciation,293.15,0.2409,Matin2012_state_007::HCO3-,0.0023,0.00039690440101909245,-0.7630419214699413
current_ion_specific,Matin2012_state_008,speciation,293.15,0.2639,Matin2012_state_008::MEA,0.0568,0.05344348610532066,-0.026453556398390785
current_ion_specific,Matin2012_state_008,speciation,293.15,0.2639,Matin2012_state_008::MEAH+,0.0281,0.029738499751185525,0.024612735531156997
current_ion_specific,Matin2012_state_008,speciation,293.15,0.2639,Matin2012_state_008::MEACOO-,0.0276,0.029036848984390816,0.0220404038285273
current_ion_specific,Matin2012_state_008,speciation,293.15,0.2639,Matin2012_state_008::HCO3-,0.0026,0.00047569011944717987,-0.7376492171818443
current_ion_specific,Matin2012_state_009,speciation,293.15,0.2869,Matin2012_state_009::MEA,0.0518,0.048376849568416334,-0.029692177232443006
current_ion_specific,Matin2012_state_009,speciation,293.15,0.2869,Matin2012_state_009::MEAH+,0.0304,0.03232039549500844,0.02660308285793112
current_ion_specific,Matin2012_state_009,speciation,293.15,0.2869,Matin2012_state_009::MEACOO-,0.0299,0.03152157048098515,0.022936658635054497
current_ion_specific,Matin2012_state_009,speciation,293.15,0.2869,Matin2012_state_009::HCO3-,0.003,0.0005707589153183799,-0.720668550775809
current_ion_specific,Matin2012_state_010,speciation,293.15,0.3099,Matin2012_state_010::MEA,0.0469,0.043332154723292216,-0.034362557530946886
current_ion_specific,Matin2012_state_010,speciation,293.15,0.3099,Matin2012_state_010::MEAH+,0.0327,0.03490204705010049,0.028303146977723466
current_ion_specific,Matin2012_state_010,speciation,293.15,0.3099,Matin2012_state_010::MEACOO-,0.0321,0.03398458294375352,0.024776912256884637
current_ion_specific,Matin2012_state_010,speciation,293.15,0.3099,Matin2012_state_010::HCO3-,0.0034,0.0006875727685438466,-0.6941602490059101
current_ion_specific,Matin2012_state_011,speciation,293.15,0.33390000000000003,Matin2012_state_011::MEA,0.0419,0.038100470023725096,-0.04128368961479524
current_ion_specific,Matin2012_state_011,speciation,293.15,0.33390000000000003,Matin2012_state_011::MEAH+,0.0349,0.03759562073379838,0.03231183281126748
current_ion_specific,Matin2012_state_011,speciation,293.15,0.33390000000000003,Matin2012_state_011::MEACOO-,0.0342,0.03652264070371244,0.028536064821171325
current_ion_specific,Matin2012_state_011,speciation,293.15,0.33390000000000003,Matin2012_state_011::HCO3-,0.004,0.0008414432237547886,-0.6770351739773366
current_ion_specific,Matin2012_state_012,speciation,293.15,0.3579,Matin2012_state_012::MEA,0.0371,0.03291627246428734,-0.051963261077523734
current_ion_specific,Matin2012_state_012,speciation,293.15,0.3579,Matin2012_state_012::MEAH+,0.0372,0.04028867358974846,0.034640029612822545
current_ion_specific,Matin2012_state_012,speciation,293.15,0.3579,Matin2012_state_012::MEACOO-,0.0362,0.0390136932211064,0.03250849409869787
current_ion_specific,Matin2012_state_012,speciation,293.15,0.3579,Matin2012_state_012::HCO3-,0.0046,0.0010421166389308655,-0.6448415015768716
current_ion_specific,Matin2012_state_013,speciation,293.15,0.3819,Matin2012_state_013::MEA,0.0322,0.027803574156341715,-0.06375524352587675
current_ion_specific,Matin2012_state_013,speciation,293.15,0.3819,Matin2012_state_013::MEAH+,0.0394,0.04298076736037549,0.03777794310839261
current_ion_specific,Matin2012_state_013,speciation,293.15,0.3819,Matin2012_state_013::MEACOO-,0.0381,0.041434130474044324,0.03643325360795336
current_ion_specific,Matin2012_state_013,speciation,293.15,0.3819,Matin2012_state_013::HCO3-,0.0053,0.0013129625144327147,-0.6060235426030215
current_ion_specific,Matin2012_state_014,speciation,293.15,0.40590000000000004,Matin2012_state_014::MEA,0.0274,0.022803918596226855,-0.07974108079844026
current_ion_specific,Matin2012_state_014,speciation,293.15,0.40590000000000004,Matin2012_state_014::MEAH+,0.0415,0.04567092436344574,0.041591704951425654
current_ion_specific,Matin2012_state_014,speciation,293.15,0.40590000000000004,Matin2012_state_014::MEACOO-,0.04,0.04374330584673542,0.03885160988720856
current_ion_specific,Matin2012_state_014,speciation,293.15,0.40590000000000004,Matin2012_state_014::HCO3-,0.0061,0.0016940879771158617,-0.5563938747162973
current_ion_specific,Matin2012_state_015,speciation,293.15,0.4309,Matin2012_state_015::MEA,0.0227,0.017798088835783443,-0.10565248705473027
current_ion_specific,Matin2012_state_015,speciation,293.15,0.4309,Matin2012_state_015::MEAH+,0.0436,0.04846860784655207,0.0459740564858778
current_ion_specific,Matin2012_state_015,speciation,293.15,0.4309,Matin2012_state_015::MEACOO-,0.0417,0.04595073328322994,0.042156391288512236
current_ion_specific,Matin2012_state_015,speciation,293.15,0.4309,Matin2012_state_015::HCO3-,0.007,0.002286448386442531,-0.48593663781218466
current_ion_specific,Matin2012_state_016,speciation,293.15,0.4549,Matin2012_state_016::MEA,0.0181,0.013333550045786464,-0.13273277954155707
current_ion_specific,Matin2012_state_016,speciation,293.15,0.4549,Matin2012_state_016::MEAH+,0.0457,0.05114383778859098,0.048877113919082345
current_ion_specific,Matin2012_state_016,speciation,293.15,0.4549,Matin2012_state_016::MEACOO-,0.0433,0.04773841869307753,0.042380132807428125
current_ion_specific,Matin2012_state_016,speciation,293.15,0.4549,Matin2012_state_016::HCO3-,0.008,0.0031795553581232825,-0.40072359625756754
current_ion_specific,Matin2012_state_017,speciation,293.15,0.4799,Matin2012_state_017::MEA,0.0135,0.009308590687459569,-0.1614498343439182
current_ion_specific,Matin2012_state_017,speciation,293.15,0.4799,Matin2012_state_017::MEAH+,0.0477,0.053901837650129486,0.05308519259757922
current_ion_specific,Matin2012_state_017,speciation,293.15,0.4799,Matin2012_state_017::MEACOO-,0.0448,0.04900098063616149,0.038926757471433586
current_ion_specific,Matin2012_state_017,speciation,293.15,0.4799,Matin2012_state_017::HCO3-,0.0091,0.0046871850552224455,-0.2881292920384732
current_ion_specific,Matin2012_state_018,speciation,293.15,0.5049,Matin2012_state_018::MEA,0.009,0.00625827000111852,-0.157788213418162
current_ion_specific,Matin2012_state_018,speciation,293.15,0.5049,Matin2012_state_018::MEAH+,0.0496,0.05658551837268692,0.05722362226778091
current_ion_specific,Matin2012_state_018,speciation,293.15,0.5049,Matin2012_state_018::MEACOO-,0.0462,0.0493558096215468,0.028696304814857982
current_ion_specific,Matin2012_state_018,speciation,293.15,0.5049,Matin2012_state_018::HCO3-,0.0102,0.00703681611441462,-0.16122396953919427
current_ion_specific,Matin2012_state_019,speciation,293.15,0.5309,Matin2012_state_019::MEA,0.0046,0.0042251693627252855,-0.03691370968039601
current_ion_specific,Matin2012_state_019,speciation,293.15,0.5309,Matin2012_state_019::MEAH+,0.0515,0.059210598527784,0.060592222110055424
current_ion_specific,Matin2012_state_019,speciation,293.15,0.5309,Matin2012_state_019::MEACOO-,0.0475,0.048734375881353896,0.011141799002540783
current_ion_specific,Matin2012_state_019,speciation,293.15,0.5309,Matin2012_state_019::HCO3-,0.0114,0.010311325050635931,-0.043590373715115864
schick_temperature_mixing,vle_obs_0119,pressure,313.15,0.1529,vle_obs_0119-pco2,5.7,9.751298764549281,0.23318760707353578
schick_temperature_mixing,vle_obs_0120,pressure,313.15,0.16290000000000002,vle_obs_0120-pco2,6.64,11.843087488021457,0.2512968581719382
schick_temperature_mixing,vle_obs_0121,pressure,313.15,0.16990000000000002,vle_obs_0121-pco2,7.21,13.533762857250586,0.27348329765339446
schick_temperature_mixing,vle_obs_0122,pressure,313.15,0.19090000000000001,vle_obs_0122-pco2,9.950000000000001,19.99748794250855,0.30315236285689806
schick_temperature_mixing,vle_obs_0123,pressure,313.15,0.19390000000000002,vle_obs_0123-pco2,9.85,21.124214038418266,0.3313443287748687
schick_temperature_mixing,vle_obs_0125,pressure,313.15,0.2459,vle_obs_0125-pco2,19.099999999999998,53.622497359367905,0.4483136692573231
schick_temperature_mixing,vle_obs_0126,pressure,313.15,0.26890000000000003,vle_obs_0126-pco2,23.099999999999998,80.86683184606237,0.5441584490138853
schick_temperature_mixing,vle_obs_0127,pressure,313.15,0.27190000000000003,vle_obs_0127-pco2,22.4,85.34884350900262,0.5809496223941368
schick_temperature_mixing,vle_obs_0128,pressure,313.15,0.3259,vle_obs_0128-pco2,48.5,232.26595715597824,0.6802438220256394
schick_temperature_mixing,vle_obs_0129,pressure,313.15,0.3479,vle_obs_0129-pco2,66.19999999999999,358.3144966780278,0.7334063897560326
schick_temperature_mixing,vle_obs_0130,pressure,313.15,0.3499,vle_obs_0130-pco2,72.1,373.10000696731726,0.7138899924314709
schick_temperature_mixing,vle_obs_0131,pressure,313.15,0.3599,vle_obs_0131-pco2,96.60000000000001,458.0288106643719,0.6759156701888721
schick_temperature_mixing,vle_obs_0132,pressure,313.15,0.3819,vle_obs_0132-pco2,131.0,733.1609358204472,0.7479280212323625
schick_temperature_mixing,vle_obs_0133,pressure,313.15,0.3859,vle_obs_0133-pco2,120.0,801.1857551279443,0.8245519730008661
schick_temperature_mixing,vle_obs_0134,pressure,313.15,0.3889,vle_obs_0134-pco2,113.0,856.9172537340801,0.8798604438053768
schick_temperature_mixing,vle_obs_0135,pressure,313.15,0.39990000000000003,vle_obs_0135-pco2,128.0,1102.4948862418423,0.9351666140864746
schick_temperature_mixing,vle_obs_0136,pressure,313.15,0.46390000000000003,vle_obs_0136-pco2,750.0,5767.896784406655,0.8859562167586964
schick_temperature_mixing,vle_obs_0138,pressure,313.15,0.4809,vle_obs_0138-pco2,883.0,9375.672679127007,1.0260417333931258
schick_temperature_mixing,vle_obs_0139,pressure,313.15,0.4909,vle_obs_0139-pco2,1100.0,12508.147685597398,1.0558003152237798
schick_temperature_mixing,vle_obs_0140,pressure,313.15,0.5009,vle_obs_0140-pco2,1870.0,16658.68423871246,0.9497990897880048
schick_temperature_mixing,vle_obs_0141,pressure,313.15,0.5179,vle_obs_0141-pco2,3030.0,26783.664821389266,0.946427372956772
schick_temperature_mixing,vle_obs_0142,pressure,313.15,0.5909,vle_obs_0142-pco2,28300.0,145221.52526520623,0.7102445583263305
schick_temperature_mixing,vle_obs_0143,pressure,333.15,0.1139,vle_obs_0143-pco2,19.400000000000002,19.028283928146287,-0.008402106863504535
schick_temperature_mixing,vle_obs_0144,pressure,333.15,0.19090000000000001,vle_obs_0144-pco2,58.9,87.80379799188202,0.17339800712403947
schick_temperature_mixing,vle_obs_0145,pressure,333.15,0.2909,vle_obs_0145-pco2,209.0,519.2179574916286,0.3952034182988582
schick_temperature_mixing,vle_obs_0146,pressure,333.15,0.3859,vle_obs_0146-pco2,763.0,3283.3047830538953,0.6337866613917817
schick_temperature_mixing,vle_obs_0147,pressure,333.15,0.4849,vle_obs_0147-pco2,4860.0,34985.63912418456,0.8572535428309784
schick_temperature_mixing,vle_obs_0148,pressure,333.15,0.5439,vle_obs_0148-pco2,25800.0,143130.40631072025,0.744112198168382
schick_temperature_mixing,vle_obs_0149,pressure,333.15,0.5649,vle_obs_0149-pco2,50200.0,219985.14015723998,0.6416896283786685
schick_temperature_mixing,vle_obs_0186,pressure,313.15,0.0887,vle_obs_0186-pco2,1.47,2.321900311835636,0.19852623511214335
schick_temperature_mixing,vle_obs_0187,pressure,313.15,0.20290000000000002,vle_obs_0187-pco2,8.959999999999999,24.872788886057677,0.44341647403642326
schick_temperature_mixing,vle_obs_0188,pressure,313.15,0.3649,vle_obs_0188-pco2,67.7,508.4704121818015,0.8756770177770947
schick_temperature_mixing,vle_obs_0189,pressure,313.15,0.4734,vle_obs_0189-pco2,604.0,7557.812149605591,1.0973591546487265
schick_temperature_mixing,vle_obs_0190,pressure,313.15,0.5129,vle_obs_0190-pco2,2570.0,23343.818333795927,0.9582387714658127
schick_temperature_mixing,vle_obs_0191,pressure,313.15,0.5569000000000001,vle_obs_0191-pco2,8090.0,71444.38058141108,0.9460195536636382
schick_temperature_mixing,vle_obs_0192,pressure,313.15,0.6089,vle_obs_0192-pco2,36100.0,201148.50973664084,0.7460096174249332
schick_temperature_mixing,vle_obs_0193,pressure,313.15,0.6419,vle_obs_0193-pco2,103000.0,339646.7892806639,0.5181902888063482
schick_temperature_mixing,vle_obs_0194,pressure,333.15,0.056299999999999996,vle_obs_0194-pco2,4.28,3.7965909319353264,-0.05204996291202176
schick_temperature_mixing,vle_obs_0195,pressure,333.15,0.11889999999999999,vle_obs_0195-pco2,19.3,21.278320039876544,0.042380027669176396
schick_temperature_mixing,vle_obs_0196,pressure,333.15,0.2059,vle_obs_0196-pco2,57.9,115.05632401872087,0.298231930732705
schick_temperature_mixing,vle_obs_0197,pressure,333.15,0.3889,vle_obs_0197-pco2,528.0,3501.4533754547206,0.821614425223581
schick_temperature_mixing,vle_obs_0198,pressure,333.15,0.4379,vle_obs_0198-pco2,2009.9999999999998,10754.761530644577,0.7284047276355488
schick_temperature_mixing,vle_obs_0200,pressure,333.15,0.5609000000000001,vle_obs_0200-pco2,34000.0,203384.8860027533,0.7768397593247662
schick_temperature_mixing,vle_obs_0201,pressure,333.15,0.5789,vle_obs_0201-pco2,82000.0,285923.5537257868,0.5424360806300774
schick_temperature_mixing,vle_obs_0202,pressure,333.15,0.6679,vle_obs_0202-pco2,282000.0,1032684.9449781054,0.5637187373753295
schick_temperature_mixing,vle_obs_0203,pressure,353.15,0.0173,vle_obs_0203-pco2,2.96,1.6091006753152532,-0.2647084939542737
schick_temperature_mixing,vle_obs_0204,pressure,353.15,0.0235,vle_obs_0204-pco2,4.84,2.8285175980798765,-0.23328647652619294
schick_temperature_mixing,vle_obs_0205,pressure,353.15,0.078,vle_obs_0205-pco2,46.5,31.188948237241355,-0.17345222329036095
schick_temperature_mixing,vle_obs_0206,pressure,353.15,0.11789999999999999,vle_obs_0206-pco2,99.2,84.31679302490411,-0.07059759228943505
schick_temperature_mixing,vle_obs_0207,pressure,353.15,0.1869,vle_obs_0207-pco2,278.0,328.54675776728527,0.07255238983544071
schick_temperature_mixing,vle_obs_0208,pressure,353.15,0.3479,vle_obs_0208-pco2,2670.0,5829.210980652055,0.3390985129589498
schick_temperature_mixing,vle_obs_0209,pressure,353.15,0.45990000000000003,vle_obs_0209-pco2,16000.0,61561.08992345849,0.5851863176450602
schick_temperature_mixing,vle_obs_0210,pressure,353.15,0.5169,vle_obs_0210-pco2,56000.0,216295.40576862072,0.5868592678812196
schick_temperature_mixing,vle_obs_0211,pressure,353.15,0.5784,vle_obs_0211-pco2,235000.0,662105.1615845717,0.4498591112597242
schick_temperature_mixing,vle_obs_0212,pressure,353.15,0.6399,vle_obs_0212-pco2,558000.0,1500359.306458501,0.42956107753538264
schick_temperature_mixing,vle_obs_0213,pressure,353.15,0.6889,vle_obs_0213-pco2,958000.0,2458876.7783609647,0.40937125641546085
schick_temperature_mixing,vle_obs_0214,pressure,373.15,0.011600000000000001,vle_obs_0214-pco2,7.24,2.9636912567021905,-0.38790560727262186
schick_temperature_mixing,vle_obs_0215,pressure,373.15,0.056499999999999995,vle_obs_0215-pco2,136.0,58.710580597098094,-0.36482253317277646
schick_temperature_mixing,vle_obs_0216,pressure,373.15,0.1879,vle_obs_0216-pco2,1430.0,1247.8154984000628,-0.05918566201474259
schick_temperature_mixing,vle_obs_0219,pressure,373.15,0.4769,vle_obs_0219-pco2,69000.0,262961.7128763512,0.5810434292468873
schick_temperature_mixing,vle_obs_0220,pressure,373.15,0.4809,vle_obs_0220-pco2,109000.0,284307.22971969546,0.4163614056733056
schick_temperature_mixing,vle_obs_0221,pressure,373.15,0.5709,vle_obs_0221-pco2,509000.0,1272298.7832709462,0.39787132951685156
schick_temperature_mixing,vle_obs_0222,pressure,373.15,0.5889,vle_obs_0222-pco2,376000.0,1603290.51562181,0.6298243785492855
schick_temperature_mixing,vle_obs_0223,pressure,373.15,0.6134000000000001,vle_obs_0223-pco2,909000.0,2126274.248579735,0.3690553962331428
schick_temperature_mixing,vle_obs_0224,pressure,393.15,0.0032300000000000002,vle_obs_0224-pco2,2.02,1.1646290868406293,-0.23916373694901763
schick_temperature_mixing,vle_obs_0225,pressure,393.15,0.0111,vle_obs_0225-pco2,22.1,9.69477498594366,-0.35785454005347783
schick_temperature_mixing,vle_obs_0226,pressure,393.15,0.0246,vle_obs_0226-pco2,98.4,41.126951460373405,-0.37886857985350525
schick_temperature_mixing,vle_obs_0232,pressure,393.15,0.5359,vle_obs_0232-pco2,822000.0,1620284.5523371834,0.29471947395182563
schick_temperature_mixing,vle_obs_0233,pressure,393.15,0.6389,vle_obs_0233-pco2,2804000.0,4630632.265492256,0.21786228424327653
schick_temperature_mixing,Bottinger2008_state_030,speciation,293.15,0.0749,Bottinger2008_state_030::MEA + MEAH+,0.1054,0.10403299678951786,-0.005669501859006084
schick_temperature_mixing,Bottinger2008_state_030,speciation,293.15,0.0749,Bottinger2008_state_030::MEACOO-,0.0086,0.008185871810371736,-0.02143351187300477
schick_temperature_mixing,Bottinger2008_state_031,speciation,293.15,0.1499,Bottinger2008_state_031::MEA + MEAH+,0.0966,0.09588843080507509,-0.0032109148716249272
schick_temperature_mixing,Bottinger2008_state_031,speciation,293.15,0.1499,Bottinger2008_state_031::MEACOO-,0.0171,0.016330436590571776,-0.019998314734384945
schick_temperature_mixing,Bottinger2008_state_032,speciation,293.15,0.2349,Bottinger2008_state_032::MEA + MEAH+,0.0871,0.08678915340765114,-0.001552702982669771
schick_temperature_mixing,Bottinger2008_state_032,speciation,293.15,0.2349,Bottinger2008_state_032::MEACOO-,0.0267,0.025429709197408425,-0.021169867554692613
schick_temperature_mixing,Bottinger2008_state_033,speciation,293.15,0.3089,Bottinger2008_state_033::MEA + MEAH+,0.078,0.07908130381775319,0.00597921824690252
schick_temperature_mixing,Bottinger2008_state_033,speciation,293.15,0.3089,Bottinger2008_state_033::MEACOO-,0.0349,0.033137543551012096,-0.022505115446191336
schick_temperature_mixing,Bottinger2008_state_034,speciation,293.15,0.3879,Bottinger2008_state_034::MEA + MEAH+,0.0678,0.07139153886845256,0.0224170495549616
schick_temperature_mixing,Bottinger2008_state_034,speciation,293.15,0.3879,Bottinger2008_state_034::MEACOO-,0.043,0.04082723162455495,-0.022518522899807457
schick_temperature_mixing,Bottinger2008_state_035,speciation,293.15,0.4739,Bottinger2008_state_035::MEA + MEAH+,0.062,0.06542604328980363,0.023358967169295954
schick_temperature_mixing,Bottinger2008_state_035,speciation,293.15,0.4739,Bottinger2008_state_035::MEACOO-,0.0493,0.046791854848605,-0.022676658129770235
schick_temperature_mixing,Bottinger2008_state_042,speciation,313.15,0.1249,Bottinger2008_state_042::MEA + MEAH+,0.1009,0.09856572939798666,-0.010165226148593168
schick_temperature_mixing,Bottinger2008_state_042,speciation,313.15,0.1249,Bottinger2008_state_042::MEACOO-,0.0144,0.013653135913090432,-0.023130078569450874
schick_temperature_mixing,Bottinger2008_state_043,speciation,313.15,0.2049,Bottinger2008_state_043::MEA + MEAH+,0.0934,0.08995271375738377,-0.0163326062463681
schick_temperature_mixing,Bottinger2008_state_043,speciation,313.15,0.2049,Bottinger2008_state_043::MEACOO-,0.0241,0.022266140324828147,-0.03437210083954468
schick_temperature_mixing,Bottinger2008_state_044,speciation,313.15,0.2359,Bottinger2008_state_044::MEA + MEAH+,0.0876,0.08666493561152747,-0.00466068747695891
schick_temperature_mixing,Bottinger2008_state_044,speciation,313.15,0.2359,Bottinger2008_state_044::MEACOO-,0.0271,0.02555390875395837,-0.025511951161441657
schick_temperature_mixing,Bottinger2008_state_045,speciation,313.15,0.27990000000000004,Bottinger2008_state_045::MEA + MEAH+,0.084,0.08207427295693914,-0.010072241778237151
schick_temperature_mixing,Bottinger2008_state_045,speciation,313.15,0.27990000000000004,Bottinger2008_state_045::MEACOO-,0.0327,0.03014454572109201,-0.03533900923614359
schick_temperature_mixing,Bottinger2008_state_046,speciation,313.15,0.34290000000000004,Bottinger2008_state_046::MEA + MEAH+,0.0758,0.07576353068330031,-0.00020900045328482334
schick_temperature_mixing,Bottinger2008_state_046,speciation,313.15,0.34290000000000004,Bottinger2008_state_046::MEACOO-,0.0396,0.036455188882565666,-0.03593583317053962
schick_temperature_mixing,Bottinger2008_state_047,speciation,313.15,0.3539,Bottinger2008_state_047::MEA + MEAH+,0.0749,0.07471286703314353,-0.0010864153448975377
schick_temperature_mixing,Bottinger2008_state_047,speciation,313.15,0.3539,Bottinger2008_state_047::MEACOO-,0.041,0.03750581855471159,-0.03868520845387553
schick_temperature_mixing,Bottinger2008_state_048,speciation,313.15,0.45990000000000003,Bottinger2008_state_048::MEA + MEAH+,0.065,0.06667251818751596,0.011033501876878085
schick_temperature_mixing,Bottinger2008_state_048,speciation,313.15,0.45990000000000003,Bottinger2008_state_048::MEACOO-,0.0492,0.045544331463119904,-0.033530771238414706
schick_temperature_mixing,Bottinger2008_state_049,speciation,313.15,0.46590000000000004,Bottinger2008_state_049::MEA + MEAH+,0.0663,0.06643202673752195,0.0008639738861687797
schick_temperature_mixing,Bottinger2008_state_049,speciation,313.15,0.46590000000000004,Bottinger2008_state_049::MEACOO-,0.0502,0.04578446501393866,-0.039985573272251225
schick_temperature_mixing,Bottinger2008_state_049,speciation,313.15,0.46590000000000004,Bottinger2008_state_049::HCO3-,0.004,0.005797827417688449,0.1612052923607126
schick_temperature_mixing,Bottinger2008_state_050,speciation,313.15,0.4869,Bottinger2008_state_050::MEA + MEAH+,0.0646,0.0658999691907187,0.008652693559411482
schick_temperature_mixing,Bottinger2008_state_050,speciation,313.15,0.4869,Bottinger2008_state_050::MEACOO-,0.0511,0.04631463071897744,-0.04270269449911851
schick_temperature_mixing,Bottinger2008_state_050,speciation,313.15,0.4869,Bottinger2008_state_050::HCO3-,0.0052,0.0076066481298327415,0.16518998338577617
schick_temperature_mixing,Bottinger2008_state_055,speciation,333.15,0.13090000000000002,Bottinger2008_state_055::MEA + MEAH+,0.0974,0.09792466886764074,0.0023331547765746996
schick_temperature_mixing,Bottinger2008_state_055,speciation,333.15,0.13090000000000002,Bottinger2008_state_055::MEACOO-,0.0147,0.014294185216524901,-0.012157929587366714
schick_temperature_mixing,Bottinger2008_state_056,speciation,333.15,0.20290000000000002,Bottinger2008_state_056::MEA + MEAH+,0.0905,0.09020754324244146,-0.0014057240181008985
schick_temperature_mixing,Bottinger2008_state_056,speciation,333.15,0.20290000000000002,Bottinger2008_state_056::MEACOO-,0.0231,0.022011273168520543,-0.02096681629965501
schick_temperature_mixing,Bottinger2008_state_057,speciation,333.15,0.27690000000000003,Bottinger2008_state_057::MEA + MEAH+,0.0791,0.0824987792536316,0.018271038781532908
schick_temperature_mixing,Bottinger2008_state_057,speciation,333.15,0.27690000000000003,Bottinger2008_state_057::MEACOO-,0.0302,0.029719916000514133,-0.006959365343873693
schick_temperature_mixing,Bottinger2008_state_058,speciation,333.15,0.4149,Bottinger2008_state_058::MEA + MEAH+,0.0687,0.06999745474458448,0.008125511376436191
schick_temperature_mixing,Bottinger2008_state_058,speciation,333.15,0.4149,Bottinger2008_state_058::MEACOO-,0.0417,0.042219215743655274,0.005374106698819507
schick_temperature_mixing,Bottinger2008_state_058,speciation,333.15,0.4149,Bottinger2008_state_058::HCO3-,0.0042,0.0039666134870757815,-0.02482940618495386
schick_temperature_mixing,Bottinger2008_state_059,speciation,333.15,0.4889,Bottinger2008_state_059::MEA + MEAH+,0.068,0.06684248072766615,-0.0074563531972690065
schick_temperature_mixing,Bottinger2008_state_059,speciation,333.15,0.4889,Bottinger2008_state_059::MEACOO-,0.0424,0.0453637120984075,0.029342728928189975
schick_temperature_mixing,Bottinger2008_state_059,speciation,333.15,0.4889,Bottinger2008_state_059::HCO3-,0.0072,0.009006280134333326,0.09721295484577289
schick_temperature_mixing,Bottinger2008_state_063,speciation,353.15,0.0639,Bottinger2008_state_063::MEA + MEAH+,0.1084,0.10522315235704445,-0.012917973614430287
schick_temperature_mixing,Bottinger2008_state_063,speciation,353.15,0.0639,Bottinger2008_state_063::MEACOO-,0.0068,0.006995706150495684,0.012322646262433692
schick_temperature_mixing,Bottinger2008_state_064,speciation,353.15,0.1409,Bottinger2008_state_064::MEA + MEAH+,0.1005,0.09689338998513991,-0.015871911030772037
schick_temperature_mixing,Bottinger2008_state_064,speciation,353.15,0.1409,Bottinger2008_state_064::MEACOO-,0.014,0.015325416067968965,0.03928423828351302
schick_temperature_mixing,Bottinger2008_state_065,speciation,353.15,0.2449,Bottinger2008_state_065::MEA + MEAH+,0.0906,0.08594636676388752,-0.02290067532443447
schick_temperature_mixing,Bottinger2008_state_065,speciation,353.15,0.2449,Bottinger2008_state_065::MEACOO-,0.0224,0.026272141545471594,0.06924745694423902
schick_temperature_mixing,Bottinger2008_state_066,speciation,353.15,0.33590000000000003,Bottinger2008_state_066::MEA + MEAH+,0.0858,0.07703976295601768,-0.04677235001275526
schick_temperature_mixing,Bottinger2008_state_066,speciation,353.15,0.33590000000000003,Bottinger2008_state_066::MEACOO-,0.0337,0.03517750143076953,0.01863508850351427
schick_temperature_mixing,Bottinger2008_state_067,speciation,353.15,0.39790000000000003,Bottinger2008_state_067::MEA + MEAH+,0.0872,0.07188974214907731,-0.08384955902632783
schick_temperature_mixing,Bottinger2008_state_067,speciation,353.15,0.39790000000000003,Bottinger2008_state_067::MEACOO-,0.0336,0.04032411195112455,0.0792255344064793
schick_temperature_mixing,Bottinger2008_state_067,speciation,353.15,0.39790000000000003,Bottinger2008_state_067::HCO3-,0.0046,0.004096574676941571,-0.05033695560881383
schick_temperature_mixing,Matin2012_state_001,speciation,293.15,0.1059,Matin2012_state_001::MEA,0.0915,0.08855026984044738,-0.01423120510682862
schick_temperature_mixing,Matin2012_state_001,speciation,293.15,0.1059,Matin2012_state_001::MEAH+,0.0115,0.012106644609792373,0.02232595354332402
schick_temperature_mixing,Matin2012_state_001,speciation,293.15,0.1059,Matin2012_state_001::MEACOO-,0.0097,0.011561953816762715,0.07625949602409135
schick_temperature_mixing,Matin2012_state_001,speciation,293.15,0.1059,Matin2012_state_001::HCO3-,0.0024,0.00012402023734468413,-1.2867186835654703
schick_temperature_mixing,Matin2012_state_002,speciation,293.15,0.1279,Matin2012_state_002::MEA,0.0867,0.08364948797152948,-0.015555810537867575
schick_temperature_mixing,Matin2012_state_002,speciation,293.15,0.1279,Matin2012_state_002::MEAH+,0.0139,0.014619363972219305,0.021913678430395583
schick_temperature_mixing,Matin2012_state_002,speciation,293.15,0.1279,Matin2012_state_002::MEACOO-,0.0124,0.0139500159613871,0.05115301936052644
schick_temperature_mixing,Matin2012_state_002,speciation,293.15,0.1279,Matin2012_state_002::HCO3-,0.0022,0.00016047194655573134,-1.1370235600995595
schick_temperature_mixing,Matin2012_state_003,speciation,293.15,0.1499,Matin2012_state_003::MEA,0.0817,0.07875386001191126,-0.015950207203606577
schick_temperature_mixing,Matin2012_state_003,speciation,293.15,0.1499,Matin2012_state_003::MEAH+,0.0162,0.01713457079316384,0.024358215641688958
schick_temperature_mixing,Matin2012_state_003,speciation,293.15,0.1499,Matin2012_state_003::MEACOO-,0.0151,0.016330436590571783,0.03402084836459964
schick_temperature_mixing,Matin2012_state_003,speciation,293.15,0.1499,Matin2012_state_003::HCO3-,0.002,0.00020216603487652172,-0.9953218023949137
schick_temperature_mixing,Matin2012_state_004,speciation,293.15,0.1729,Matin2012_state_004::MEA,0.0768,0.07364239536802619,-0.018233313662369386
schick_temperature_mixing,Matin2012_state_004,speciation,293.15,0.1729,Matin2012_state_004::MEAH+,0.0186,0.019766875544880234,0.0264250836767469
schick_temperature_mixing,Matin2012_state_004,speciation,293.15,0.1729,Matin2012_state_004::MEACOO-,0.0177,0.018809595730878394,0.02640619512501774
schick_temperature_mixing,Matin2012_state_004,speciation,293.15,0.1729,Matin2012_state_004::HCO3-,0.002,0.00025250755193502737,-0.8987556242403331
schick_temperature_mixing,Matin2012_state_005,speciation,293.15,0.19490000000000002,Matin2012_state_005::MEA,0.0718,0.06876099473744697,-0.018782293419558695
schick_temperature_mixing,Matin2012_state_005,speciation,293.15,0.19490000000000002,Matin2012_state_005::MEAH+,0.021,0.022287487025207504,0.02584180862246199
schick_temperature_mixing,Matin2012_state_005,speciation,293.15,0.19490000000000002,Matin2012_state_005::MEACOO-,0.0203,0.021170383866904098,0.01823269491804601
schick_temperature_mixing,Matin2012_state_005,speciation,293.15,0.19490000000000002,Matin2012_state_005::HCO3-,0.002,0.0003085248255718924,-0.8117398802117447
schick_temperature_mixing,Matin2012_state_006,speciation,293.15,0.2179,Matin2012_state_006::MEA,0.0668,0.0636678532480199,-0.020856255901429255
schick_temperature_mixing,Matin2012_state_006,speciation,293.15,0.2179,Matin2012_state_006::MEAH+,0.0234,0.024925653401213686,0.027430694320679308
schick_temperature_mixing,Matin2012_state_006,speciation,293.15,0.2179,Matin2012_state_006::MEACOO-,0.0228,0.02362535747695899,0.015443541571159562
schick_temperature_mixing,Matin2012_state_006,speciation,293.15,0.2179,Matin2012_state_006::HCO3-,0.0021,0.00037725489965586683,-0.7455844057834742
schick_temperature_mixing,Matin2012_state_007,speciation,293.15,0.2409,Matin2012_state_007::MEA,0.0618,0.05858773231713888,-0.023181786455126946
schick_temperature_mixing,Matin2012_state_007,speciation,293.15,0.2409,Matin2012_state_007::MEAH+,0.0257,0.02756694934356804,0.030455584865156687
schick_temperature_mixing,Matin2012_state_007,speciation,293.15,0.2409,Matin2012_state_007::MEACOO-,0.0252,0.02606418029968244,0.01464353043727697
schick_temperature_mixing,Matin2012_state_007,speciation,293.15,0.2409,Matin2012_state_007::HCO3-,0.0023,0.0004590200520317542,-0.6998961781567448
schick_temperature_mixing,Matin2012_state_008,speciation,293.15,0.2639,Matin2012_state_008::MEA,0.0568,0.053524277864373436,-0.02579751909313573
schick_temperature_mixing,Matin2012_state_008,speciation,293.15,0.2639,Matin2012_state_008::MEAH+,0.0281,0.030211415813529166,0.031464758416700135
schick_temperature_mixing,Matin2012_state_008,speciation,293.15,0.2639,Matin2012_state_008::MEACOO-,0.0276,0.028483165122141912,0.013679165494534094
schick_temperature_mixing,Matin2012_state_008,speciation,293.15,0.2639,Matin2012_state_008::HCO3-,0.0026,0.000557454834132644,-0.668763662047162
schick_temperature_mixing,Matin2012_state_009,speciation,293.15,0.2869,Matin2012_state_009::MEA,0.0518,0.048482554782833996,-0.028744262884579066
schick_temperature_mixing,Matin2012_state_009,speciation,293.15,0.2869,Matin2012_state_009::MEAH+,0.0304,0.03285902045557347,0.03378102913971053
schick_temperature_mixing,Matin2012_state_009,speciation,293.15,0.2869,Matin2012_state_009::MEACOO-,0.0299,0.030877278870491562,0.013967831849577717
schick_temperature_mixing,Matin2012_state_009,speciation,293.15,0.2869,Matin2012_state_009::HCO3-,0.003,0.0006776107667297325,-0.6461409567267606
schick_temperature_mixing,Matin2012_state_010,speciation,293.15,0.3099,Matin2012_state_010::MEA,0.0469,0.043469781445643944,-0.032985386034470245
schick_temperature_mixing,Matin2012_state_010,speciation,293.15,0.3099,Matin2012_state_010::MEAH+,0.0327,0.035509606731618494,0.03579810986285109
schick_temperature_mixing,Matin2012_state_010,speciation,293.15,0.3099,Matin2012_state_010::MEACOO-,0.0321,0.033239458813743766,0.015148911825188684
schick_temperature_mixing,Matin2012_state_010,speciation,293.15,0.3099,Matin2012_state_010::HCO3-,0.0034,0.0008266875340053556,-0.6141375282877202
schick_temperature_mixing,Matin2012_state_011,speciation,293.15,0.33390000000000003,Matin2012_state_011::MEA,0.0419,0.03828143395762174,-0.03922582562171677
schick_temperature_mixing,Matin2012_state_011,speciation,293.15,0.33390000000000003,Matin2012_state_011::MEAH+,0.0349,0.03827821511580097,0.04012625179476709
schick_temperature_mixing,Matin2012_state_011,speciation,293.15,0.33390000000000003,Matin2012_state_011::MEACOO-,0.0342,0.03565918620515953,0.018145321660333613
schick_temperature_mixing,Matin2012_state_011,speciation,293.15,0.33390000000000003,Matin2012_state_011::HCO3-,0.004,0.0010245552461680672,-0.5915246098898731
schick_temperature_mixing,Matin2012_state_012,speciation,293.15,0.3579,Matin2012_state_012::MEA,0.0371,0.03315460163707538,-0.04883009551991585
schick_temperature_mixing,Matin2012_state_012,speciation,293.15,0.3579,Matin2012_state_012::MEAH+,0.0372,0.04104883260916804,0.04275787081581163
schick_temperature_mixing,Matin2012_state_012,speciation,293.15,0.3579,Matin2012_state_012::MEACOO-,0.0362,0.038015381687262685,0.021250784774673598
schick_temperature_mixing,Matin2012_state_012,speciation,293.15,0.3579,Matin2012_state_012::HCO3-,0.0046,0.0012838141029011033,-0.5542556895134935
schick_temperature_mixing,Matin2012_state_013,speciation,293.15,0.3819,Matin2012_state_013::MEA,0.0322,0.02811876326139049,-0.05885965636387794
schick_temperature_mixing,Matin2012_state_013,speciation,293.15,0.3819,Matin2012_state_013::MEAH+,0.0394,0.04381986961726282,0.04617485919035999
schick_temperature_mixing,Matin2012_state_013,speciation,293.15,0.3819,Matin2012_state_013::MEACOO-,0.0381,0.04028014955698793,0.024166098709784496
schick_temperature_mixing,Matin2012_state_013,speciation,293.15,0.3819,Matin2012_state_013::HCO3-,0.0053,0.0016338257882228386,-0.5110701229411491
schick_temperature_mixing,Matin2012_state_014,speciation,293.15,0.40590000000000004,Matin2012_state_014::MEA,0.0274,0.023222809068318504,-0.07183581128162686
schick_temperature_mixing,Matin2012_state_014,speciation,293.15,0.40590000000000004,Matin2012_state_014::MEAH+,0.0415,0.046588378315597874,0.05022949674010334
schick_temperature_mixing,Matin2012_state_014,speciation,293.15,0.40590000000000004,Matin2012_state_014::MEACOO-,0.04,0.04240753355837203,0.025383023099726558
schick_temperature_mixing,Matin2012_state_014,speciation,293.15,0.40590000000000004,Matin2012_state_014::HCO3-,0.0061,0.002123233472617669,-0.4583320828162542
schick_temperature_mixing,Matin2012_state_015,speciation,293.15,0.4309,Matin2012_state_015::MEA,0.0227,0.018361754566806953,-0.09211167911468318
schick_temperature_mixing,Matin2012_state_015,speciation,293.15,0.4309,Matin2012_state_015::MEAH+,0.0436,0.04946370269495795,0.0548001338727415
schick_temperature_mixing,Matin2012_state_015,speciation,293.15,0.4309,Matin2012_state_015::MEACOO-,0.0417,0.044393135460556586,0.027179765093923218
schick_temperature_mixing,Matin2012_state_015,speciation,293.15,0.4309,Matin2012_state_015::HCO3-,0.007,0.0028707986508245587,-0.38709530655722035
schick_temperature_mixing,Matin2012_state_016,speciation,293.15,0.4549,Matin2012_state_016::MEA,0.0181,0.014070054528097559,-0.10938279433522134
schick_temperature_mixing,Matin2012_state_016,speciation,293.15,0.4549,Matin2012_state_016::MEAH+,0.0457,0.052205897690463486,0.05780336786999972
schick_temperature_mixing,Matin2012_state_016,speciation,293.15,0.4549,Matin2012_state_016::MEACOO-,0.0433,0.04594237529092689,0.025725548773708543
schick_temperature_mixing,Matin2012_state_016,speciation,293.15,0.4549,Matin2012_state_016::HCO3-,0.008,0.003960849561134738,-0.3053016394146606
schick_temperature_mixing,Matin2012_state_017,speciation,293.15,0.4799,Matin2012_state_017::MEA,0.0135,0.010219070132805106,-0.12092238879849297
schick_temperature_mixing,Matin2012_state_017,speciation,293.15,0.4799,Matin2012_state_017::MEAH+,0.0477,0.05502723260377344,0.06205929304540824
schick_temperature_mixing,Matin2012_state_017,speciation,293.15,0.4799,Matin2012_state_017::MEACOO-,0.0448,0.04697139015000443,0.020555399613716482
schick_temperature_mixing,Matin2012_state_017,speciation,293.15,0.4799,Matin2012_state_017::HCO3-,0.0091,0.005709465107880349,-0.20244596911503568
schick_temperature_mixing,Matin2012_state_018,speciation,293.15,0.5049,Matin2012_state_018::MEA,0.009,0.007234895161606843,-0.09481026715158343
schick_temperature_mixing,Matin2012_state_018,speciation,293.15,0.5049,Matin2012_state_018::MEAH+,0.0496,0.05779482687248732,0.06640729062795199
schick_temperature_mixing,Matin2012_state_018,speciation,293.15,0.5049,Matin2012_state_018::MEACOO-,0.0462,0.04718649475637871,0.009175741466770946
schick_temperature_mixing,Matin2012_state_018,speciation,293.15,0.5049,Matin2012_state_018::HCO3-,0.0102,0.008309830364318036,-0.08900801351241171
schick_temperature_mixing,Matin2012_state_019,speciation,293.15,0.5309,Matin2012_state_019::MEA,0.0046,0.005098983371498862,0.04472576399288873
schick_temperature_mixing,Matin2012_state_019,speciation,293.15,0.5309,Matin2012_state_019::MEAH+,0.0515,0.06060842495530534,0.07072576900763074
schick_temperature_mixing,Matin2012_state_019,speciation,293.15,0.5309,Matin2012_state_019::MEACOO-,0.0475,0.04650549025350731,-0.009189382626282206
schick_temperature_mixing,Matin2012_state_019,speciation,293.15,0.5309,Matin2012_state_019::HCO3-,0.0114,0.011949803239386462,0.02045590308975745
uyan_co2_excluding,vle_obs_0119,pressure,313.15,0.1529,vle_obs_0119-pco2,5.7,7.936668590404268,0.14376339027965465
uyan_co2_excluding,vle_obs_0120,pressure,313.15,0.16290000000000002,vle_obs_0120-pco2,6.64,9.525447276069333,0.15671729815214813
uyan_co2_excluding,vle_obs_0121,pressure,313.15,0.16990000000000002,vle_obs_0121-pco2,7.21,10.795800134030106,0.17531957101209295
uyan_co2_excluding,vle_obs_0122,pressure,313.15,0.19090000000000001,vle_obs_0122-pco2,9.950000000000001,15.565808071204952,0.19434859048263206
uyan_co2_excluding,vle_obs_0123,pressure,313.15,0.19390000000000002,vle_obs_0123-pco2,9.85,16.385879030168084,0.22103351382996364
uyan_co2_excluding,vle_obs_0124,pressure,313.15,0.23190000000000002,vle_obs_0124-pco2,14.6,31.047924848757106,0.32767972274262586
uyan_co2_excluding,vle_obs_0125,pressure,313.15,0.2459,vle_obs_0125-pco2,19.099999999999998,39.206983725839876,0.31233006516696576
uyan_co2_excluding,vle_obs_0126,pressure,313.15,0.26890000000000003,vle_obs_0126-pco2,23.099999999999998,57.6324578762652,0.3970551616280808
uyan_co2_excluding,vle_obs_0127,pressure,313.15,0.27190000000000003,vle_obs_0127-pco2,22.4,60.62518583086558,0.4324050644958818
uyan_co2_excluding,vle_obs_0128,pressure,313.15,0.3259,vle_obs_0128-pco2,48.5,155.52074561982585,0.5060465911417137
uyan_co2_excluding,vle_obs_0129,pressure,313.15,0.3479,vle_obs_0129-pco2,66.19999999999999,234.2741382171445,0.5488663595520578
uyan_co2_excluding,vle_obs_0130,pressure,313.15,0.3499,vle_obs_0130-pco2,72.1,243.4143611603333,0.5284109327929238
uyan_co2_excluding,vle_obs_0131,pressure,313.15,0.3599,vle_obs_0131-pco2,96.60000000000001,295.60969596188477,0.4857415483468211
uyan_co2_excluding,vle_obs_0132,pressure,313.15,0.3819,vle_obs_0132-pco2,131.0,462.03341734888943,0.5474020921197817
uyan_co2_excluding,vle_obs_0133,pressure,313.15,0.3859,vle_obs_0133-pco2,120.0,502.7098065370968,0.6221361111983683
uyan_co2_excluding,vle_obs_0134,pressure,313.15,0.3889,vle_obs_0134-pco2,113.0,535.9238947050014,0.6760246774474534
uyan_co2_excluding,vle_obs_0135,pressure,313.15,0.39990000000000003,vle_obs_0135-pco2,128.0,681.2579236299288,0.7261015968937004
uyan_co2_excluding,vle_obs_0136,pressure,313.15,0.46390000000000003,vle_obs_0136-pco2,750.0,3310.1650736243864,0.6447883886246808
uyan_co2_excluding,vle_obs_0137,pressure,313.15,0.46590000000000004,vle_obs_0137-pco2,574.0,3494.071495228216,0.7844198948160319
uyan_co2_excluding,vle_obs_0138,pressure,313.15,0.4809,vle_obs_0138-pco2,883.0,5265.596856212091,0.7754869020803131
uyan_co2_excluding,vle_obs_0139,pressure,313.15,0.4909,vle_obs_0139-pco2,1100.0,6932.757207223522,0.799513305836822
uyan_co2_excluding,vle_obs_0140,pressure,313.15,0.5009,vle_obs_0140-pco2,1870.0,9109.232990281696,0.6876402037941385
uyan_co2_excluding,vle_obs_0141,pressure,313.15,0.5179,vle_obs_0141-pco2,3030.0,14304.973432997836,0.6740444270739184
uyan_co2_excluding,vle_obs_0142,pressure,313.15,0.5909,vle_obs_0142-pco2,28300.0,70062.91062916724,0.3937017397629664
uyan_co2_excluding,vle_obs_0143,pressure,333.15,0.1139,vle_obs_0143-pco2,19.400000000000002,16.25448433387678,-0.07682853367446653
uyan_co2_excluding,vle_obs_0144,pressure,333.15,0.19090000000000001,vle_obs_0144-pco2,58.9,68.45161464314077,0.06526840198291987
uyan_co2_excluding,vle_obs_0145,pressure,333.15,0.2909,vle_obs_0145-pco2,209.0,361.9500147052273,0.23850231249783616
uyan_co2_excluding,vle_obs_0146,pressure,333.15,0.3859,vle_obs_0146-pco2,763.0,2062.631392984503,0.4318970854152426
uyan_co2_excluding,vle_obs_0147,pressure,333.15,0.4849,vle_obs_0147-pco2,4860.0,19430.70471339517,0.6018522826287298
uyan_co2_excluding,vle_obs_0149,pressure,333.15,0.5649,vle_obs_0149-pco2,50200.0,109225.64622325546,0.33762090570661374
uyan_co2_excluding,vle_obs_0186,pressure,313.15,0.0887,vle_obs_0186-pco2,1.47,2.045137218380922,0.14340511753963664
uyan_co2_excluding,vle_obs_0187,pressure,313.15,0.20290000000000002,vle_obs_0187-pco2,8.959999999999999,19.094611449506374,0.3286028158096003
uyan_co2_excluding,vle_obs_0188,pressure,313.15,0.3649,vle_obs_0188-pco2,67.7,326.3946012069453,0.6831542979241803
uyan_co2_excluding,vle_obs_0189,pressure,313.15,0.4734,vle_obs_0189-pco2,604.0,4285.870267398867,0.8510020822597784
uyan_co2_excluding,vle_obs_0190,pressure,313.15,0.5129,vle_obs_0190-pco2,2570.0,12555.102896859913,0.6888871530450337
uyan_co2_excluding,vle_obs_0192,pressure,313.15,0.6089,vle_obs_0192-pco2,36100.0,94733.86859664775,0.41899807081462204
uyan_co2_excluding,vle_obs_0193,pressure,313.15,0.6419,vle_obs_0193-pco2,103000.0,153262.59480730005,0.17259894938612294
uyan_co2_excluding,vle_obs_0194,pressure,333.15,0.056299999999999996,vle_obs_0194-pco2,4.28,3.491081147116512,-0.08848382528769595
uyan_co2_excluding,vle_obs_0195,pressure,333.15,0.11889999999999999,vle_obs_0195-pco2,19.3,18.065334693325685,-0.028711296930581387
uyan_co2_excluding,vle_obs_0196,pressure,333.15,0.2059,vle_obs_0196-pco2,57.9,88.1700267091962,0.18264240862494732
uyan_co2_excluding,vle_obs_0197,pressure,333.15,0.3889,vle_obs_0197-pco2,528.0,2192.273670641391,0.6182608454494174
uyan_co2_excluding,vle_obs_0198,pressure,333.15,0.4379,vle_obs_0198-pco2,2009.9999999999998,6356.556680683929,0.5000258664771235
uyan_co2_excluding,vle_obs_0199,pressure,333.15,0.5039,vle_obs_0199-pco2,11000.0,30491.97592556945,0.44279288304994663
uyan_co2_excluding,vle_obs_0200,pressure,333.15,0.5609000000000001,vle_obs_0200-pco2,34000.0,101524.33252565838,0.4750912258489375
uyan_co2_excluding,vle_obs_0201,pressure,333.15,0.5789,vle_obs_0201-pco2,82000.0,139381.4263110321,0.2303910520234462
uyan_co2_excluding,vle_obs_0202,pressure,333.15,0.6679,vle_obs_0202-pco2,282000.0,452133.04853575653,0.205017144506007
uyan_co2_excluding,vle_obs_0203,pressure,353.15,0.0173,vle_obs_0203-pco2,2.96,1.5636530355081126,-0.27715131878075755
uyan_co2_excluding,vle_obs_0204,pressure,353.15,0.0235,vle_obs_0204-pco2,4.84,2.723297540047248,-0.24975026788384716
uyan_co2_excluding,vle_obs_0205,pressure,353.15,0.078,vle_obs_0205-pco2,46.5,27.877148096132306,-0.22220461063273195
uyan_co2_excluding,vle_obs_0206,pressure,353.15,0.11789999999999999,vle_obs_0206-pco2,99.2,71.67651969936672,-0.14113476244284348
uyan_co2_excluding,vle_obs_0207,pressure,353.15,0.1869,vle_obs_0207-pco2,278.0,257.248280307026,-0.0336923157126262
uyan_co2_excluding,vle_obs_0208,pressure,353.15,0.3479,vle_obs_0208-pco2,2670.0,3808.588243127284,0.15425276107218636
uyan_co2_excluding,vle_obs_0209,pressure,353.15,0.45990000000000003,vle_obs_0209-pco2,16000.0,35132.458754992105,0.34158856242100205
uyan_co2_excluding,vle_obs_0211,pressure,353.15,0.5784,vle_obs_0211-pco2,235000.0,323836.277926965,0.1392576369355038
uyan_co2_excluding,vle_obs_0212,pressure,353.15,0.6399,vle_obs_0212-pco2,558000.0,684029.613871499,0.0884407052132033
uyan_co2_excluding,vle_obs_0213,pressure,353.15,0.6889,vle_obs_0213-pco2,958000.0,1059356.3757603618,0.0436765756654185
uyan_co2_excluding,vle_obs_0214,pressure,373.15,0.011600000000000001,vle_obs_0214-pco2,7.24,2.905496423163589,-0.39651822106399043
uyan_co2_excluding,vle_obs_0215,pressure,373.15,0.056499999999999995,vle_obs_0215-pco2,136.0,53.97443245104746,-0.40135082400914035
uyan_co2_excluding,vle_obs_0216,pressure,373.15,0.1879,vle_obs_0216-pco2,1430.0,974.6276608205083,-0.16649730457201165
uyan_co2_excluding,vle_obs_0218,pressure,373.15,0.4219,vle_obs_0218-pco2,39000.0,51865.404231006694,0.12381316004285366
uyan_co2_excluding,vle_obs_0219,pressure,373.15,0.4769,vle_obs_0219-pco2,69000.0,146095.47175124215,0.32578766438988666
uyan_co2_excluding,vle_obs_0220,pressure,373.15,0.4809,vle_obs_0220-pco2,109000.0,157172.16776367795,0.15894914518251735
uyan_co2_excluding,vle_obs_0221,pressure,373.15,0.5709,vle_obs_0221-pco2,509000.0,633934.5596058632,0.09532664609872667
uyan_co2_excluding,vle_obs_0222,pressure,373.15,0.5889,vle_obs_0222-pco2,376000.0,783390.4377557762,0.3187904212180051
uyan_co2_excluding,vle_obs_0223,pressure,373.15,0.6134000000000001,vle_obs_0223-pco2,909000.0,1011422.6672356203,0.04636879926126788
uyan_co2_excluding,vle_obs_0224,pressure,393.15,0.0032300000000000002,vle_obs_0224-pco2,2.02,1.157383572679848,-0.2418740555327335
uyan_co2_excluding,vle_obs_0225,pressure,393.15,0.0111,vle_obs_0225-pco2,22.1,9.51197129533609,-0.36612174266067726
uyan_co2_excluding,vle_obs_0226,pressure,393.15,0.0246,vle_obs_0226-pco2,98.4,39.532399859600396,-0.3960419189442831
uyan_co2_excluding,vle_obs_0233,pressure,393.15,0.6389,vle_obs_0233-pco2,2804000.0,2172895.0892835297,-0.11073925087338002
uyan_co2_excluding,Bottinger2008_state_030,speciation,293.15,0.0749,Bottinger2008_state_030::MEA + MEAH+,0.1054,0.10405763284681353,-0.005566668744338211
uyan_co2_excluding,Bottinger2008_state_030,speciation,293.15,0.0749,Bottinger2008_state_030::MEACOO-,0.0086,0.008161235766233437,-0.022742527070369906
uyan_co2_excluding,Bottinger2008_state_031,speciation,293.15,0.1499,Bottinger2008_state_031::MEA + MEAH+,0.0966,0.09598461077631736,-0.0027755182788110192
uyan_co2_excluding,Bottinger2008_state_031,speciation,293.15,0.1499,Bottinger2008_state_031::MEACOO-,0.0171,0.0162342567375581,-0.022563700532465633
uyan_co2_excluding,Bottinger2008_state_032,speciation,293.15,0.2349,Bottinger2008_state_032::MEA + MEAH+,0.0871,0.08704217050639292,-0.0002884428374241458
uyan_co2_excluding,Bottinger2008_state_032,speciation,293.15,0.2349,Bottinger2008_state_032::MEACOO-,0.0267,0.025176692783487,-0.025512580875283863
uyan_co2_excluding,Bottinger2008_state_033,speciation,293.15,0.3089,Bottinger2008_state_033::MEA + MEAH+,0.078,0.07955493884744688,0.008572543549977775
uyan_co2_excluding,Bottinger2008_state_033,speciation,293.15,0.3089,Bottinger2008_state_033::MEACOO-,0.0349,0.03266391129714685,-0.028757239422513705
uyan_co2_excluding,Bottinger2008_state_034,speciation,293.15,0.3879,Bottinger2008_state_034::MEA + MEAH+,0.0678,0.07219628032814943,0.027285128708484752
uyan_co2_excluding,Bottinger2008_state_034,speciation,293.15,0.3879,Bottinger2008_state_034::MEACOO-,0.043,0.04002250438085179,-0.031164194748792205
uyan_co2_excluding,Bottinger2008_state_035,speciation,293.15,0.4739,Bottinger2008_state_035::MEA + MEAH+,0.062,0.06662085564810794,0.031218516774426865
uyan_co2_excluding,Bottinger2008_state_035,speciation,293.15,0.4739,Bottinger2008_state_035::MEACOO-,0.0493,0.045597191922918855,-0.0339088215674536
uyan_co2_excluding,Bottinger2008_state_042,speciation,313.15,0.1249,Bottinger2008_state_042::MEA + MEAH+,0.1009,0.09860938803828379,-0.009972902622939052
uyan_co2_excluding,Bottinger2008_state_042,speciation,313.15,0.1249,Bottinger2008_state_042::MEACOO-,0.0144,0.013609477510505164,-0.02452103982800637
uyan_co2_excluding,Bottinger2008_state_043,speciation,313.15,0.2049,Bottinger2008_state_043::MEA + MEAH+,0.0934,0.09007580923401323,-0.015738703750360093
uyan_co2_excluding,Bottinger2008_state_043,speciation,313.15,0.2049,Bottinger2008_state_043::MEACOO-,0.0241,0.02214304625507025,-0.03677967532025784
uyan_co2_excluding,Bottinger2008_state_044,speciation,313.15,0.2359,Bottinger2008_state_044::MEA + MEAH+,0.0876,0.086833135930132,-0.003818620559898506
uyan_co2_excluding,Bottinger2008_state_044,speciation,313.15,0.2359,Bottinger2008_state_044::MEACOO-,0.0271,0.025385710988704697,-0.02837995948804389
uyan_co2_excluding,Bottinger2008_state_045,speciation,313.15,0.27990000000000004,Bottinger2008_state_045::MEA + MEAH+,0.084,0.0823227909794257,-0.0087592002256721
uyan_co2_excluding,Bottinger2008_state_045,speciation,313.15,0.27990000000000004,Bottinger2008_state_045::MEACOO-,0.0327,0.02989603348872712,-0.03893418133351461
uyan_co2_excluding,Bottinger2008_state_046,speciation,313.15,0.34290000000000004,Bottinger2008_state_046::MEA + MEAH+,0.0758,0.07616441585115416,0.002082909946487326
uyan_co2_excluding,Bottinger2008_state_046,speciation,313.15,0.34290000000000004,Bottinger2008_state_046::MEACOO-,0.0396,0.03605432284543964,-0.04073784265734826
uyan_co2_excluding,Bottinger2008_state_047,speciation,313.15,0.3539,Bottinger2008_state_047::MEA + MEAH+,0.0749,0.07514508848368011,0.0014187824710672255
uyan_co2_excluding,Bottinger2008_state_047,speciation,313.15,0.3539,Bottinger2008_state_047::MEACOO-,0.041,0.03707362093515809,-0.043718851608397745
uyan_co2_excluding,Bottinger2008_state_048,speciation,313.15,0.45990000000000003,Bottinger2008_state_048::MEA + MEAH+,0.065,0.06745041160274519,0.016071247569004563
uyan_co2_excluding,Bottinger2008_state_048,speciation,313.15,0.45990000000000003,Bottinger2008_state_048::MEACOO-,0.0492,0.04476673575822275,-0.04100967454150028
uyan_co2_excluding,Bottinger2008_state_049,speciation,313.15,0.46590000000000004,Bottinger2008_state_049::MEA + MEAH+,0.0663,0.06722784001877198,0.006035629510698683
uyan_co2_excluding,Bottinger2008_state_049,speciation,313.15,0.46590000000000004,Bottinger2008_state_049::MEACOO-,0.0502,0.04498900537545361,-0.047597325329240235
uyan_co2_excluding,Bottinger2008_state_049,speciation,313.15,0.46590000000000004,Bottinger2008_state_049::HCO3-,0.004,0.005889652346428541,0.16802966874203518
uyan_co2_excluding,Bottinger2008_state_050,speciation,313.15,0.4869,Bottinger2008_state_050::MEA + MEAH+,0.0646,0.06674992366880898,0.014218255408809471
uyan_co2_excluding,Bottinger2008_state_050,speciation,313.15,0.4869,Bottinger2008_state_050::MEACOO-,0.0511,0.04546533426399915,-0.05074051173930576
uyan_co2_excluding,Bottinger2008_state_050,speciation,313.15,0.4869,Bottinger2008_state_050::HCO3-,0.0052,0.007718402193681612,0.17152406158601533
uyan_co2_excluding,Bottinger2008_state_055,speciation,333.15,0.13090000000000002,Bottinger2008_state_055::MEA + MEAH+,0.0974,0.09795574047179102,0.0024709350312211785
uyan_co2_excluding,Bottinger2008_state_055,speciation,333.15,0.13090000000000002,Bottinger2008_state_055::MEACOO-,0.0147,0.014263114604044115,-0.013102962973508969
uyan_co2_excluding,Bottinger2008_state_056,speciation,333.15,0.20290000000000002,Bottinger2008_state_056::MEA + MEAH+,0.0905,0.09028607983821116,-0.0010277825513537232
uyan_co2_excluding,Bottinger2008_state_056,speciation,333.15,0.20290000000000002,Bottinger2008_state_056::MEACOO-,0.0231,0.021932741372897507,-0.02251906236350896
uyan_co2_excluding,Bottinger2008_state_057,speciation,333.15,0.27690000000000003,Bottinger2008_state_057::MEA + MEAH+,0.0791,0.08265846006127794,0.019110826556176217
uyan_co2_excluding,Bottinger2008_state_057,speciation,333.15,0.27690000000000003,Bottinger2008_state_057::MEACOO-,0.0302,0.029560254390273162,-0.009298775757485115
uyan_co2_excluding,Bottinger2008_state_058,speciation,333.15,0.4149,Bottinger2008_state_058::MEA + MEAH+,0.0687,0.07043066389513314,0.010805045108642967
uyan_co2_excluding,Bottinger2008_state_058,speciation,333.15,0.4149,Bottinger2008_state_058::MEACOO-,0.0417,0.04178630378131647,0.0008979022341812146
uyan_co2_excluding,Bottinger2008_state_058,speciation,333.15,0.4149,Bottinger2008_state_058::HCO3-,0.0042,0.004064749042246293,-0.014215552997227142
uyan_co2_excluding,Bottinger2008_state_059,speciation,333.15,0.4889,Bottinger2008_state_059::MEA + MEAH+,0.068,0.06745479448095791,-0.003496089274694983
uyan_co2_excluding,Bottinger2008_state_059,speciation,333.15,0.4889,Bottinger2008_state_059::MEACOO-,0.0424,0.04475335058977128,0.02345969899608499
uyan_co2_excluding,Bottinger2008_state_059,speciation,333.15,0.4889,Bottinger2008_state_059::HCO3-,0.0072,0.009202947966108621,0.10659447008124213
uyan_co2_excluding,Bottinger2008_state_063,speciation,353.15,0.0639,Bottinger2008_state_063::MEA + MEAH+,0.1084,0.10522821660074126,-0.01289707212917168
uyan_co2_excluding,Bottinger2008_state_063,speciation,353.15,0.0639,Bottinger2008_state_063::MEACOO-,0.0068,0.0069906422917061185,0.012008167321110527
uyan_co2_excluding,Bottinger2008_state_064,speciation,353.15,0.1409,Bottinger2008_state_064::MEA + MEAH+,0.1005,0.09691746898369806,-0.01576399781772502
uyan_co2_excluding,Bottinger2008_state_064,speciation,353.15,0.1409,Bottinger2008_state_064::MEACOO-,0.014,0.015301341422297953,0.038601470091320304
uyan_co2_excluding,Bottinger2008_state_065,speciation,353.15,0.2449,Bottinger2008_state_065::MEA + MEAH+,0.0906,0.08602850307931109,-0.022485831559212785
uyan_co2_excluding,Bottinger2008_state_065,speciation,353.15,0.2449,Bottinger2008_state_065::MEACOO-,0.0224,0.026190041550206617,0.06788816909493119
uyan_co2_excluding,Bottinger2008_state_066,speciation,353.15,0.33590000000000003,Bottinger2008_state_066::MEA + MEAH+,0.0858,0.07722094585057458,-0.04575217101691051
uyan_co2_excluding,Bottinger2008_state_066,speciation,353.15,0.33590000000000003,Bottinger2008_state_066::MEACOO-,0.0337,0.03499651028684782,0.01639483951534044
uyan_co2_excluding,Bottinger2008_state_067,speciation,353.15,0.39790000000000003,Bottinger2008_state_067::MEA + MEAH+,0.0872,0.07217635662957979,-0.08212152928727903
uyan_co2_excluding,Bottinger2008_state_067,speciation,353.15,0.39790000000000003,Bottinger2008_state_067::MEACOO-,0.0336,0.04003815016043065,0.07613472664031848
uyan_co2_excluding,Bottinger2008_state_067,speciation,353.15,0.39790000000000003,Bottinger2008_state_067::HCO3-,0.0046,0.004211868761936514,-0.03828300118492246
uyan_co2_excluding,Matin2012_state_001,speciation,293.15,0.1059,Matin2012_state_001::MEA,0.0915,0.08855043797996326,-0.014230380467956941
uyan_co2_excluding,Matin2012_state_001,speciation,293.15,0.1059,Matin2012_state_001::MEAH+,0.0115,0.01215424347197319,0.02403009146642199
uyan_co2_excluding,Matin2012_state_001,speciation,293.15,0.1059,Matin2012_state_001::MEACOO-,0.0097,0.011514186852647417,0.07446153865687012
uyan_co2_excluding,Matin2012_state_001,speciation,293.15,0.1059,Matin2012_state_001::HCO3-,0.0024,0.0001245540514861471,-1.2848533829064448
uyan_co2_excluding,Matin2012_state_002,speciation,293.15,0.1279,Matin2012_state_002::MEA,0.0867,0.083649942202922,-0.01555345224905479
uyan_co2_excluding,Matin2012_state_002,speciation,293.15,0.1279,Matin2012_state_002::MEAH+,0.0139,0.01468843917880151,0.023960849038707682
uyan_co2_excluding,Matin2012_state_002,speciation,293.15,0.1279,Matin2012_state_002::MEACOO-,0.0124,0.013880486592395623,0.048983005790047204
uyan_co2_excluding,Matin2012_state_002,speciation,293.15,0.1279,Matin2012_state_002::HCO3-,0.0022,0.00016128780772958268,-1.1348211419260752
uyan_co2_excluding,Matin2012_state_003,speciation,293.15,0.1499,Matin2012_state_003::MEA,0.0817,0.07875467303021469,-0.015945723772061025
uyan_co2_excluding,Matin2012_state_003,speciation,293.15,0.1499,Matin2012_state_003::MEAH+,0.0162,0.017229937746102656,0.02676869374852374
uyan_co2_excluding,Matin2012_state_003,speciation,293.15,0.1499,Matin2012_state_003::MEACOO-,0.0151,0.016234256737558125,0.03145546256651943
uyan_co2_excluding,Matin2012_state_003,speciation,293.15,0.1499,Matin2012_state_003::HCO3-,0.002,0.0002033325399253079,-0.9928231099961533
uyan_co2_excluding,Matin2012_state_004,speciation,293.15,0.1729,Matin2012_state_004::MEA,0.0768,0.07364366360892245,-0.018225834474905066
uyan_co2_excluding,Matin2012_state_004,speciation,293.15,0.1729,Matin2012_state_004::MEAH+,0.0186,0.019895333618260326,0.029238281865884147
uyan_co2_excluding,Matin2012_state_004,speciation,293.15,0.1729,Matin2012_state_004::MEACOO-,0.0177,0.01867986961421047,0.023400574160397675
uyan_co2_excluding,Matin2012_state_004,speciation,293.15,0.1729,Matin2012_state_004::HCO3-,0.002,0.00025411751102385316,-0.8959954027151433
uyan_co2_excluding,Matin2012_state_005,speciation,293.15,0.19490000000000002,Matin2012_state_005::MEA,0.0718,0.0687627761598664,-0.01877104210028948
uyan_co2_excluding,Matin2012_state_005,speciation,293.15,0.19490000000000002,Matin2012_state_005::MEAH+,0.021,0.022453413850766202,0.029063086410966863
uyan_co2_excluding,Matin2012_state_005,speciation,293.15,0.19490000000000002,Matin2012_state_005::MEACOO-,0.0203,0.021002675931557573,0.014778593405112148
uyan_co2_excluding,Matin2012_state_005,speciation,293.15,0.19490000000000002,Matin2012_state_005::HCO3-,0.002,0.00031063450771827433,-0.8087802967531248
uyan_co2_excluding,Matin2012_state_006,speciation,293.15,0.2179,Matin2012_state_006::MEA,0.0668,0.06367025140325011,-0.020839897787945434
uyan_co2_excluding,Matin2012_state_006,speciation,293.15,0.2179,Matin2012_state_006::MEAH+,0.0234,0.025137330088588348,0.031103290666544787
uyan_co2_excluding,Matin2012_state_006,speciation,293.15,0.2179,Matin2012_state_006::MEACOO-,0.0228,0.02341128312791063,0.011490370203211558
uyan_co2_excluding,Matin2012_state_006,speciation,293.15,0.2179,Matin2012_state_006::HCO3-,0.0021,0.00037996587079075223,-0.7424747054668538
uyan_co2_excluding,Matin2012_state_007,speciation,293.15,0.2409,Matin2012_state_007::MEA,0.0618,0.0585908245203003,-0.023158865422363187
uyan_co2_excluding,Matin2012_state_007,speciation,293.15,0.2409,Matin2012_state_007::MEAH+,0.0257,0.027831610214064648,0.03460521009053714
uyan_co2_excluding,Matin2012_state_007,speciation,293.15,0.2409,Matin2012_state_007::MEACOO-,0.0252,0.025796427993711478,0.010159033010401011
uyan_co2_excluding,Matin2012_state_007,speciation,293.15,0.2409,Matin2012_state_007::HCO3-,0.0023,0.00046240925906376826,-0.6967013144112557
uyan_co2_excluding,Matin2012_state_008,speciation,293.15,0.2639,Matin2012_state_008::MEA,0.0568,0.053528131243604414,-0.025766254008092626
uyan_co2_excluding,Matin2012_state_008,speciation,293.15,0.2639,Matin2012_state_008::MEAH+,0.0281,0.030536795269915453,0.036117137516656815
uyan_co2_excluding,Matin2012_state_008,speciation,293.15,0.2639,Matin2012_state_008::MEACOO-,0.0276,0.02815393347146888,0.00862999796098439
uyan_co2_excluding,Matin2012_state_008,speciation,293.15,0.2639,Matin2012_state_008::HCO3-,0.0026,0.000561590338944433,-0.665553719965899
uyan_co2_excluding,Matin2012_state_009,speciation,293.15,0.2869,Matin2012_state_009::MEA,0.0518,0.04848721845754098,-0.02870248887347197
uyan_co2_excluding,Matin2012_state_009,speciation,293.15,0.2869,Matin2012_state_009::MEAH+,0.0304,0.03325330398437947,0.038961218839313354
uyan_co2_excluding,Matin2012_state_009,speciation,293.15,0.2869,Matin2012_state_009::MEACOO-,0.0299,0.030478333493628412,0.008320028466894896
uyan_co2_excluding,Matin2012_state_009,speciation,293.15,0.2869,Matin2012_state_009::HCO3-,0.003,0.0006825444307361997,-0.6429903273651101
uyan_co2_excluding,Matin2012_state_010,speciation,293.15,0.3099,Matin2012_state_010::MEA,0.0469,0.043475275805938615,-0.03293049687949882
uyan_co2_excluding,Matin2012_state_010,speciation,293.15,0.3099,Matin2012_state_010::MEAH+,0.0327,0.035981331087629874,0.0415294728673031
uyan_co2_excluding,Matin2012_state_010,speciation,293.15,0.3099,Matin2012_state_010::MEACOO-,0.0321,0.03276224292712494,0.00886859381932774
uyan_co2_excluding,Matin2012_state_010,speciation,293.15,0.3099,Matin2012_state_010::HCO3-,0.0034,0.0008324452503174907,-0.6111232373466625
uyan_co2_excluding,Matin2012_state_011,speciation,293.15,0.33390000000000003,Matin2012_state_011::MEA,0.0419,0.03828777081872082,-0.0391539412702405
uyan_co2_excluding,Matin2012_state_011,speciation,293.15,0.33390000000000003,Matin2012_state_011::MEAH+,0.0349,0.03884002634842187,0.046454088894973274
uyan_co2_excluding,Matin2012_state_011,speciation,293.15,0.33390000000000003,Matin2012_state_011::MEACOO-,0.0342,0.03509104263400586,0.011170166219354183
uyan_co2_excluding,Matin2012_state_011,speciation,293.15,0.33390000000000003,Matin2012_state_011::HCO3-,0.004,0.0010311593805221746,-0.5887341943939102
uyan_co2_excluding,Matin2012_state_012,speciation,293.15,0.3579,Matin2012_state_012::MEA,0.0371,0.03316169183592522,-0.04873723043091415
uyan_co2_excluding,Matin2012_state_012,speciation,293.15,0.3579,Matin2012_state_012::MEAH+,0.0372,0.04171000933273954,0.04969734713863612
uyan_co2_excluding,Matin2012_state_012,speciation,293.15,0.3579,Matin2012_state_012::MEACOO-,0.0362,0.03734712214331797,0.013548571483584588
uyan_co2_excluding,Matin2012_state_012,speciation,293.15,0.3579,Matin2012_state_012::HCO3-,0.0046,0.0012911958447088831,-0.5517657119359414
uyan_co2_excluding,Matin2012_state_013,speciation,293.15,0.3819,Matin2012_state_013::MEA,0.0322,0.02812644557297396,-0.058741019217039885
uyan_co2_excluding,Matin2012_state_013,speciation,293.15,0.3819,Matin2012_state_013::MEAH+,0.0394,0.044588785509097284,0.053729421551606794
uyan_co2_excluding,Matin2012_state_013,speciation,293.15,0.3819,Matin2012_state_013::MEACOO-,0.0381,0.03950356376176209,0.015711301020540715
uyan_co2_excluding,Matin2012_state_013,speciation,293.15,0.3819,Matin2012_state_013::HCO3-,0.0053,0.0016418626068622436,-0.5089390576079282
uyan_co2_excluding,Matin2012_state_014,speciation,293.15,0.40590000000000004,Matin2012_state_014::MEA,0.0274,0.023230892556936233,-0.07168466661871228
uyan_co2_excluding,Matin2012_state_014,speciation,293.15,0.40590000000000004,Matin2012_state_014::MEAH+,0.0415,0.04747120709538924,0.05838217836420939
uyan_co2_excluding,Matin2012_state_014,speciation,293.15,0.40590000000000004,Matin2012_state_014::MEACOO-,0.04,0.041516643052412316,0.016162238802581535
uyan_co2_excluding,Matin2012_state_014,speciation,293.15,0.40590000000000004,Matin2012_state_014::HCO3-,0.0061,0.0021318118338608423,-0.45658096632711964
uyan_co2_excluding,Matin2012_state_015,speciation,293.15,0.4309,Matin2012_state_015::MEA,0.0227,0.018370247137363606,-0.09191085822692695
uyan_co2_excluding,Matin2012_state_015,speciation,293.15,0.4309,Matin2012_state_015::MEAH+,0.0436,0.05046680489471104,0.06351932070542313
uyan_co2_excluding,Matin2012_state_015,speciation,293.15,0.4309,Matin2012_state_015::MEACOO-,0.0417,0.043381582147688245,0.017169331927115023
uyan_co2_excluding,Matin2012_state_015,speciation,293.15,0.4309,Matin2012_state_015::HCO3-,0.007,0.0028801105929789073,-0.38568887551949904
uyan_co2_excluding,Matin2012_state_016,speciation,293.15,0.4549,Matin2012_state_016::MEA,0.0181,0.014079763610870873,-0.10908321149463739
uyan_co2_excluding,Matin2012_state_016,speciation,293.15,0.4549,Matin2012_state_016::MEAH+,0.0457,0.05331704001828701,0.06694983078061291
uyan_co2_excluding,Matin2012_state_016,speciation,293.15,0.4549,Matin2012_state_016::MEACOO-,0.0433,0.04482160637479709,0.014999520932884449
uyan_co2_excluding,Matin2012_state_016,speciation,293.15,0.4549,Matin2012_state_016::HCO3-,0.008,0.003972085970577602,-0.30407134733390584
uyan_co2_excluding,Matin2012_state_017,speciation,293.15,0.4799,Matin2012_state_017::MEA,0.0135,0.010232988972570732,-0.12033126237872152
uyan_co2_excluding,Matin2012_state_017,speciation,293.15,0.4799,Matin2012_state_017::MEAH+,0.0477,0.05622792908294288,0.07143370937036043
uyan_co2_excluding,Matin2012_state_017,speciation,293.15,0.4799,Matin2012_state_017::MEACOO-,0.0448,0.04575695647002931,0.00917911559298064
uyan_co2_excluding,Matin2012_state_017,speciation,293.15,0.4799,Matin2012_state_017::HCO3-,0.0091,0.005726659262994573,-0.20114004901980745
uyan_co2_excluding,Matin2012_state_018,speciation,293.15,0.5049,Matin2012_state_018::MEA,0.009,0.0072580234023416805,-0.09342414525907067
uyan_co2_excluding,Matin2012_state_018,speciation,293.15,0.5049,Matin2012_state_018::MEAH+,0.0496,0.059044770584441644,0.0756997630225861
uyan_co2_excluding,Matin2012_state_018,speciation,293.15,0.5049,Matin2012_state_018::MEACOO-,0.0462,0.045913840132443824,-0.002698357837266804
uyan_co2_excluding,Matin2012_state_018,speciation,293.15,0.5049,Matin2012_state_018::HCO3-,0.0102,0.008340431378129386,-0.08741165825892068
uyan_co2_excluding,Matin2012_state_019,speciation,293.15,0.5309,Matin2012_state_019::MEA,0.0046,0.005134918400173765,0.04777571486207645
uyan_co2_excluding,Matin2012_state_019,speciation,293.15,0.5309,Matin2012_state_019::MEAH+,0.0515,0.06186166597367832,0.0796143826077496
uyan_co2_excluding,Matin2012_state_019,speciation,293.15,0.5309,Matin2012_state_019::MEACOO-,0.0475,0.04521728436534765,-0.021389133450092277
uyan_co2_excluding,Matin2012_state_019,speciation,293.15,0.5309,Matin2012_state_019::HCO3-,0.0114,0.012003109588427796,0.022388919890255536
