row_id,source_partition_role,fit_role,component_id,temperature_k,pressure_pa,water_liquid_mole_fraction,water_vapor_mole_fraction,raw_log_fugacity_residual,source_error_scale,normalized_residual,exact_parameter_derivative,parameter_state,k_ij_mea_water,claim_status
cai1996_10133_002,binary_training,binary_training,monoethanolamine,431.85,101330.0,0.0736,0.3411,-0.08089312614464562,0.0022901861464521777,-35.32163805547445,0.010707904451394957,retained_origin,-0.0146,diagnostic_non_promotable
cai1996_10133_002,binary_training,binary_training,water,431.85,101330.0,0.0736,0.3411,-0.099346294247138,0.01396340193413133,-7.114762914924169,8.302227777330513,retained_origin,-0.0146,diagnostic_non_promotable
cai1996_10133_003,binary_training,binary_training,monoethanolamine,424.76,101330.0,0.1322,0.5129,-0.09236521783380333,0.0027056889761489337,-34.137411449733136,0.04402104521088057,retained_origin,-0.0146,diagnostic_non_promotable
cai1996_10133_003,binary_training,binary_training,water,424.76,101330.0,0.1322,0.5129,-0.08030302299638828,0.007924525149113513,-10.13348074305392,8.225976089620746,retained_origin,-0.0146,diagnostic_non_promotable
cai1996_10133_004,binary_training,binary_training,monoethanolamine,420.42,101330.0,0.1799,0.6252,-0.04624338714707053,0.0032225603821825367,-14.349890044806973,0.0946383016198027,retained_origin,-0.0146,diagnostic_non_promotable
cai1996_10133_004,binary_training,binary_training,water,420.42,101330.0,0.1799,0.6252,-0.0656973706955094,0.005936011100959788,-11.06759565946345,8.085074847226046,retained_origin,-0.0146,diagnostic_non_promotable
cai1996_10133_005,binary_training,binary_training,monoethanolamine,415.92,101330.0,0.2522,0.7344,0.03132370361179021,0.00421242313625815,7.4360297146251835,0.22660707932504967,retained_origin,-0.0146,diagnostic_non_promotable
cai1996_10133_005,binary_training,binary_training,water,415.92,101330.0,0.2522,0.7344,0.01936258278793887,0.0043996314628271405,4.400955614472479,7.748746636990821,retained_origin,-0.0146,diagnostic_non_promotable
cai1996_10133_006,binary_training,binary_training,monoethanolamine,410.94,101330.0,0.2948,0.7878,0.0020164545430638933,0.005099098517009886,0.3954531445778661,0.3489598794437101,retained_origin,-0.0146,diagnostic_non_promotable
cai1996_10133_006,binary_training,binary_training,water,410.94,101330.0,0.2948,0.7878,-0.016611315967028716,0.003860026271450862,-4.303420442987049,7.5833467068053295,retained_origin,-0.0146,diagnostic_non_promotable
cai1996_10133_007,binary_training,binary_training,monoethanolamine,406.83,101330.0,0.3322,0.8312,0.009239661394038937,0.006254706676861398,1.477233365430237,0.4908648992561522,retained_origin,-0.0146,diagnostic_non_promotable
cai1996_10133_007,binary_training,binary_training,water,406.83,101330.0,0.3322,0.8312,-0.05325637888372361,0.0035060096136281995,-15.190026483872405,7.404182189568198,retained_origin,-0.0146,diagnostic_non_promotable
cai1996_10133_008,binary_training,binary_training,monoethanolamine,394.88,101330.0,0.4694,0.9146,-0.06746869419327145,0.01193539341452387,-5.652825328000546,1.4151546616587785,retained_origin,-0.0146,diagnostic_non_promotable
cai1996_10133_008,binary_training,binary_training,water,394.88,101330.0,0.4694,0.9146,-0.10414229502128891,0.00274242291531447,-37.97455689263997,6.430395753177527,retained_origin,-0.0146,diagnostic_non_promotable
cai1996_10133_009,binary_training,binary_training,monoethanolamine,393.25,101330.0,0.508,0.9293,-0.039860786493933806,0.014351968182193316,-2.7773742240726,1.8307233220067354,retained_origin,-0.0146,diagnostic_non_promotable
cai1996_10133_009,binary_training,binary_training,water,393.25,101330.0,0.508,0.9293,-0.07518932539455572,0.0026115870368511925,-28.790664195213644,6.0455749512732435,retained_origin,-0.0146,diagnostic_non_promotable
cai1996_10133_010,binary_training,binary_training,monoethanolamine,387.85,101330.0,0.6125,0.9596,-0.011362410630138299,0.02492256020292758,-0.4559086441209033,3.544995323157565,retained_origin,-0.0146,diagnostic_non_promotable
cai1996_10133_010,binary_training,binary_training,water,387.85,101330.0,0.6125,0.9596,-0.048586483517412404,0.0023538855098526727,-20.640971412604255,4.873170520986384,retained_origin,-0.0146,diagnostic_non_promotable
cai1996_10133_011,binary_training,binary_training,monoethanolamine,378.37,101330.0,0.8238,0.9883,-0.19108023715395162,0.08566876876682361,-2.2304538737336217,12.438320934104743,retained_origin,-0.0146,diagnostic_non_promotable
cai1996_10133_011,binary_training,binary_training,water,378.37,101330.0,0.8238,0.9883,-0.023762699572726316,0.0020712214064764456,-11.472795471514237,1.8728097532742671,retained_origin,-0.0146,diagnostic_non_promotable
cai1996_10133_012,binary_training,binary_training,monoethanolamine,376.88,101330.0,0.8615,0.9914,-0.2445882146437745,0.11651071524475483,-2.0992765697984637,15.566479880756805,retained_origin,-0.0146,diagnostic_non_promotable
cai1996_10133_012,binary_training,binary_training,water,376.88,101330.0,0.8615,0.9914,-0.024298531706143704,0.0020391114295154524,-11.916235353512626,1.3148155959455643,retained_origin,-0.0146,diagnostic_non_promotable
cai1996_10133_013,binary_training,binary_training,monoethanolamine,374.09,101330.0,0.9517,0.9974,-0.37156064625783425,0.38517455936566963,-0.9646552120933022,26.943035539493103,retained_origin,-0.0146,diagnostic_non_promotable
cai1996_10133_013,binary_training,binary_training,water,374.09,101330.0,0.9517,0.9974,-0.014348198271499017,0.001975734218875634,-7.262210743945307,0.22310341048778845,retained_origin,-0.0146,diagnostic_non_promotable
cai1996_06666_002,binary_model_selection,binary_model_selection,monoethanolamine,420.53,66660.0,0.0967,0.3589,-0.06752844637426055,0.002774160615809339,-24.341938238698432,0.023600105860701638,retained_origin,-0.0146,diagnostic_non_promotable
cai1996_06666_002,binary_model_selection,binary_model_selection,water,420.53,66660.0,0.0967,0.3589,0.2501539813884832,0.010896902306058361,22.95643058572755,8.558467005806472,retained_origin,-0.0146,diagnostic_non_promotable
cai1996_06666_003,binary_model_selection,binary_model_selection,monoethanolamine,416.6,66660.0,0.1332,0.4945,-0.017593220473715074,0.0030467723816497458,-5.77437966146615,0.0491738697582135,retained_origin,-0.0146,diagnostic_non_promotable
cai1996_06666_003,binary_model_selection,binary_model_selection,water,416.6,66660.0,0.1332,0.4945,0.15794437513042722,0.008030602849653214,19.66781051029659,8.486358434989425,retained_origin,-0.0146,diagnostic_non_promotable
cai1996_06666_004,binary_model_selection,binary_model_selection,monoethanolamine,413.33,66660.0,0.1695,0.5813,0.002459898907354735,0.003345652143441017,0.7352524416434755,0.08798272174272337,retained_origin,-0.0146,diagnostic_non_promotable
cai1996_06666_004,binary_model_selection,binary_model_selection,water,413.33,66660.0,0.1695,0.5813,0.16139820794248155,0.006465697541787601,24.962226720221597,8.375512008346139,retained_origin,-0.0146,diagnostic_non_promotable
cai1996_06666_005,binary_model_selection,binary_model_selection,monoethanolamine,407.18,66660.0,0.2107,0.6781,-0.02685267896204997,0.003911134096703088,-6.8657014303563715,0.15299271129512906,retained_origin,-0.0146,diagnostic_non_promotable
cai1996_06666_005,binary_model_selection,binary_model_selection,water,407.18,66660.0,0.2107,0.6781,0.06561027643164444,0.005361083859639416,12.238248486576994,8.305691025022075,retained_origin,-0.0146,diagnostic_non_promotable
cai1996_06666_006,binary_model_selection,binary_model_selection,monoethanolamine,403.3,66660.0,0.2589,0.7537,0.016848034542118133,0.004727299573729847,3.5639870668964195,0.2612465108861432,retained_origin,-0.0146,diagnostic_non_promotable
cai1996_06666_006,binary_model_selection,binary_model_selection,water,403.3,66660.0,0.2589,0.7537,0.07232518928113796,0.004552091545645984,15.888342436855439,8.083994384713176,retained_origin,-0.0146,diagnostic_non_promotable
cai1996_06666_007,binary_model_selection,binary_model_selection,monoethanolamine,395.37,66660.0,0.3362,0.8425,0.012435017953741842,0.006828373913744782,1.8210804081351621,0.5396742969268042,retained_origin,-0.0146,diagnostic_non_promotable
cai1996_06666_007,binary_model_selection,binary_model_selection,water,395.37,66660.0,0.3362,0.8425,0.01351526114512933,0.0037816402442964964,3.5739150929317423,7.700350320608032,retained_origin,-0.0146,diagnostic_non_promotable
cai1996_06666_008,binary_model_selection,binary_model_selection,monoethanolamine,391.37,66660.0,0.3861,0.8848,0.06326511605628071,0.00905823188493472,6.98426766502861,0.8082798615079039,retained_origin,-0.0146,diagnostic_non_promotable
cai1996_06666_008,binary_model_selection,binary_model_selection,water,391.37,66660.0,0.3861,0.8848,-0.001441980118414319,0.003468655483171547,-0.4157173075879684,7.360794462719607,retained_origin,-0.0146,diagnostic_non_promotable
cai1996_06666_009,binary_model_selection,binary_model_selection,monoethanolamine,385.73,66660.0,0.4477,0.921,0.06656693617889235,0.012944383819788182,5.142534175874093,1.2796722112607615,retained_origin,-0.0146,diagnostic_non_promotable
cai1996_06666_009,binary_model_selection,binary_model_selection,water,385.73,66660.0,0.4477,0.921,-0.049737142598120065,0.0031962607267939486,-15.561040493717657,6.891520037047482,retained_origin,-0.0146,diagnostic_non_promotable
cai1996_06666_010,binary_model_selection,binary_model_selection,monoethanolamine,380.82,66660.0,0.5419,0.9542,0.15932500481625958,0.0220349990269273,7.230542856914156,2.393644333633689,retained_origin,-0.0146,diagnostic_non_promotable
cai1996_06666_010,binary_model_selection,binary_model_selection,water,380.82,66660.0,0.5419,0.9542,-0.016896517166882324,0.002924623963319177,-5.777329796513855,5.922335526669516,retained_origin,-0.0146,diagnostic_non_promotable
cai1996_06666_011,binary_model_selection,binary_model_selection,monoethanolamine,375.17,66660.0,0.6359,0.9732,0.1409854926431461,0.037468485294208924,3.762775344028562,4.293369504647882,retained_origin,-0.0146,diagnostic_non_promotable
cai1996_06666_011,binary_model_selection,binary_model_selection,water,375.17,66660.0,0.6359,0.9732,-0.032067740963280286,0.0027533056727498885,-11.64699629273358,4.778234545588848,retained_origin,-0.0146,diagnostic_non_promotable
cai1996_06666_012,binary_model_selection,binary_model_selection,monoethanolamine,367.96,66660.0,0.8363,0.9921,0.0027345039985660347,0.12674558988023,0.021574746712292255,13.932043326492005,retained_origin,-0.0146,diagnostic_non_promotable
cai1996_06666_012,binary_model_selection,binary_model_selection,water,367.96,66660.0,0.8363,0.9921,0.03439355188809492,0.002549601978295304,13.489772984523208,1.7472798627148167,retained_origin,-0.0146,diagnostic_non_promotable
cai1996_06666_013,binary_model_selection,binary_model_selection,monoethanolamine,365.6,66660.0,0.855,0.9937,-0.039138044281269296,0.15889267243056898,-0.24631749018112442,15.66830552440777,retained_origin,-0.0146,diagnostic_non_promotable
cai1996_06666_013,binary_model_selection,binary_model_selection,water,365.6,66660.0,0.855,0.9937,-0.027635059451930486,0.0025369860649477,-10.892870021538798,1.4695600988260782,retained_origin,-0.0146,diagnostic_non_promotable
cai1996_06666_014,binary_model_selection,binary_model_selection,monoethanolamine,362.81,66660.0,0.9509,0.9982,-0.16850479179911546,0.55593239736989,-0.3031030258288773,27.993469443916116,retained_origin,-0.0146,diagnostic_non_promotable
cai1996_06666_014,binary_model_selection,binary_model_selection,water,362.81,66660.0,0.9509,0.9982,-0.01423852545373777,0.0024832111363826473,-5.733916558734256,0.2393607150280089,retained_origin,-0.0146,diagnostic_non_promotable
cai1996_10133_002,binary_training,binary_training,monoethanolamine,431.85,101330.0,0.0736,0.3411,-0.08079482391245682,0.0022901861464521777,-35.27871480561501,0.01099077947826057,fitted_diagnostic,-0.005539286042954551,diagnostic_non_promotable
cai1996_10133_002,binary_training,binary_training,water,431.85,101330.0,0.0736,0.3411,-0.024182437826224527,0.01396340193413133,-1.7318442841005943,8.28892521559137,fitted_diagnostic,-0.005539286042954551,diagnostic_non_promotable
cai1996_10133_003,binary_training,binary_training,monoethanolamine,424.76,101330.0,0.1322,0.5129,-0.09196261705282058,0.0027056889761489337,-33.98861357069687,0.04484698078411588,fitted_diagnostic,-0.005539286042954551,diagnostic_non_promotable
cai1996_10133_003,binary_training,binary_training,water,424.76,101330.0,0.1322,0.5129,-0.005851782456229651,0.007924525149113513,-0.738439508502824,8.207874168689678,fitted_diagnostic,-0.005539286042954551,diagnostic_non_promotable
cai1996_10133_004,binary_training,binary_training,monoethanolamine,420.42,101330.0,0.1799,0.6252,-0.045379584207474954,0.0032225603821825367,-14.08184140113484,0.09603329490215046,fitted_diagnostic,-0.005539286042954551,diagnostic_non_promotable
cai1996_10133_004,binary_training,binary_training,water,420.42,101330.0,0.1799,0.6252,0.00746308853182653,0.005936011100959788,1.2572564984960743,8.063851997756082,fitted_diagnostic,-0.005539286042954551,diagnostic_non_promotable
cai1996_10133_005,binary_training,binary_training,monoethanolamine,415.92,101330.0,0.2522,0.7344,0.03338729130562991,0.00421242313625815,7.92591110286406,0.22889926830729898,fitted_diagnostic,-0.005539286042954551,diagnostic_non_promotable
cai1996_10133_005,binary_training,binary_training,water,415.92,101330.0,0.2522,0.7344,0.08946056296157762,0.0043996314628271405,20.33364924254168,7.724180629312671,fitted_diagnostic,-0.005539286042954551,diagnostic_non_promotable
cai1996_10133_006,binary_training,binary_training,monoethanolamine,410.94,101330.0,0.2948,0.7878,0.005190522440575905,0.005099098517009886,1.0179294287531495,0.3516682104831497,fitted_diagnostic,-0.005539286042954551,diagnostic_non_promotable
cai1996_10133_006,binary_training,binary_training,water,410.94,101330.0,0.2948,0.7878,0.05198272107667987,0.003860026271450862,13.466934528697186,7.557605315231636,fitted_diagnostic,-0.005539286042954551,diagnostic_non_promotable
cai1996_10133_007,binary_training,binary_training,monoethanolamine,406.83,101330.0,0.3322,0.8312,0.013700441194691847,0.006254706676861398,2.190421054495669,0.49378504322810474,fitted_diagnostic,-0.005539286042954551,diagnostic_non_promotable
cai1996_10133_007,binary_training,binary_training,water,406.83,101330.0,0.3322,0.8312,0.013711970073910678,0.0035060096136281995,3.910990437850176,7.377922500192416,fitted_diagnostic,-0.005539286042954551,diagnostic_non_promotable
cai1996_10133_008,binary_training,binary_training,monoethanolamine,394.88,101330.0,0.4694,0.9146,-0.054641214046109485,0.01193539341452387,-4.578082359616065,1.41630817937184,fitted_diagnostic,-0.005539286042954551,diagnostic_non_promotable
cai1996_10133_008,binary_training,binary_training,water,394.88,101330.0,0.4694,0.9146,-0.045987189856979194,0.00274242291531447,-16.768817675849206,6.406326282727682,fitted_diagnostic,-0.005539286042954551,diagnostic_non_promotable
cai1996_10133_009,binary_training,binary_training,monoethanolamine,393.25,101330.0,0.508,0.9293,-0.023275442862411275,0.014351968182193316,-1.6217596476620841,1.830223830894156,fitted_diagnostic,-0.005539286042954551,diagnostic_non_promotable
cai1996_10133_009,binary_training,binary_training,water,393.25,101330.0,0.508,0.9293,-0.020513231750382704,0.0026115870368511925,-7.854699637012918,6.023214716523116,fitted_diagnostic,-0.005539286042954551,diagnostic_non_promotable
cai1996_10133_010,binary_training,binary_training,monoethanolamine,387.85,101330.0,0.6125,0.9596,0.02071653904923787,0.02492256020292758,0.8312363930734675,3.535891544395866,fitted_diagnostic,-0.005539286042954551,diagnostic_non_promotable
cai1996_10133_010,binary_training,binary_training,water,387.85,101330.0,0.6125,0.9596,-0.004503452061482258,0.0023538855098526727,-1.9131992795028188,4.857388855458941,fitted_diagnostic,-0.005539286042954551,diagnostic_non_promotable
cai1996_10133_011,binary_training,binary_training,monoethanolamine,378.37,101330.0,0.8238,0.9883,-0.07860008087385903,0.08566876876682361,-0.917488158231801,12.389698636817485,fitted_diagnostic,-0.005539286042954551,diagnostic_non_promotable
cai1996_10133_011,binary_training,binary_training,water,378.37,101330.0,0.8238,0.9883,-0.006797209231011141,0.0020712214064764456,-3.2817395618629344,1.8720401298883673,fitted_diagnostic,-0.005539286042954551,diagnostic_non_promotable
cai1996_10133_012,binary_training,binary_training,monoethanolamine,376.88,101330.0,0.8615,0.9914,-0.10379777745071674,0.11651071524475483,-0.8908861063350959,15.510550834914005,fitted_diagnostic,-0.005539286042954551,diagnostic_non_promotable
cai1996_10133_012,binary_training,binary_training,water,376.88,101330.0,0.8615,0.9914,-0.012382658030247616,0.0020391114295154524,-6.072575461552912,1.315417741175965,fitted_diagnostic,-0.005539286042954551,diagnostic_non_promotable
cai1996_10133_013,binary_training,binary_training,monoethanolamine,374.09,101330.0,0.9517,0.9974,-0.12767742073235777,0.38517455936566963,-0.33147937117816195,26.89003656165484,fitted_diagnostic,-0.005539286042954551,diagnostic_non_promotable
cai1996_10133_013,binary_training,binary_training,water,374.09,101330.0,0.9517,0.9974,-0.012323506373646483,0.001975734218875634,-6.237431257661589,0.22381440752512693,fitted_diagnostic,-0.005539286042954551,diagnostic_non_promotable
cai1996_06666_002,binary_model_selection,binary_model_selection,monoethanolamine,420.53,66660.0,0.0967,0.3589,-0.06731255150904025,0.002774160615809339,-24.26411474715654,0.0240553229888982,fitted_diagnostic,-0.005539286042954551,diagnostic_non_promotable
cai1996_06666_002,binary_model_selection,binary_model_selection,water,420.53,66660.0,0.0967,0.3589,0.3276297112975479,0.010896902306058361,30.06631628838182,8.542991487544706,fitted_diagnostic,-0.005539286042954551,diagnostic_non_promotable
cai1996_06666_003,binary_model_selection,binary_model_selection,monoethanolamine,416.6,66660.0,0.1332,0.4945,-0.017143970289056044,0.0030467723816497458,-5.626928480877539,0.04999123708921375,fitted_diagnostic,-0.005539286042954551,diagnostic_non_promotable
cai1996_06666_003,binary_model_selection,binary_model_selection,water,416.6,66660.0,0.1332,0.4945,0.2347539456138279,0.008030602849653214,29.232418787085866,8.468053353390367,fitted_diagnostic,-0.005539286042954551,diagnostic_non_promotable
cai1996_06666_004,binary_model_selection,binary_model_selection,monoethanolamine,413.33,66660.0,0.1695,0.5813,0.0032626856529290073,0.003345652143441017,0.9752016985164876,0.08922031279050793,fitted_diagnostic,-0.005539286042954551,diagnostic_non_promotable
cai1996_06666_004,binary_model_selection,binary_model_selection,water,413.33,66660.0,0.1695,0.5813,0.23719255763774527,0.006465697541787601,36.6847592397846,8.354803039200693,fitted_diagnostic,-0.005539286042954551,diagnostic_non_promotable
cai1996_06666_005,binary_model_selection,binary_model_selection,monoethanolamine,407.18,66660.0,0.2107,0.6781,-0.025458572126654144,0.003911134096703088,-6.509255754773171,0.15473541169479652,fitted_diagnostic,-0.005539286042954551,diagnostic_non_promotable
cai1996_06666_005,binary_model_selection,binary_model_selection,water,407.18,66660.0,0.2107,0.6781,0.14076177702421688,0.005361083859639416,26.256216225963765,8.282721065742415,fitted_diagnostic,-0.005539286042954551,diagnostic_non_promotable
cai1996_06666_006,binary_model_selection,binary_model_selection,monoethanolamine,403.3,66660.0,0.2589,0.7537,0.019225536910314305,0.004727299573729847,4.066917403998013,0.26355143782532436,fitted_diagnostic,-0.005539286042954551,diagnostic_non_promotable
cai1996_06666_006,binary_model_selection,binary_model_selection,water,403.3,66660.0,0.2589,0.7537,0.14545935289538925,0.004552091545645984,31.95439973840579,8.059118627609182,fitted_diagnostic,-0.005539286042954551,diagnostic_non_promotable
cai1996_06666_007,binary_model_selection,binary_model_selection,monoethanolamine,395.37,66660.0,0.3362,0.8425,0.0173376833902679,0.006828373913744782,2.5390647333135945,0.5425145335934193,fitted_diagnostic,-0.005539286042954551,diagnostic_non_promotable
cai1996_06666_007,binary_model_selection,binary_model_selection,water,395.37,66660.0,0.3362,0.8425,0.0831668160111809,0.0037816402442964964,21.99226014071905,7.674026788670723,fitted_diagnostic,-0.005539286042954551,diagnostic_non_promotable
cai1996_06666_008,binary_model_selection,binary_model_selection,monoethanolamine,391.37,66660.0,0.3861,0.8848,0.0706009427857115,0.00905823188493472,7.794119612143303,0.8109907150498955,fitted_diagnostic,-0.005539286042954551,diagnostic_non_promotable
cai1996_06666_008,binary_model_selection,binary_model_selection,water,391.37,66660.0,0.3861,0.8848,0.065133675079725,0.003468655483171547,18.777787357587435,7.334625411640872,fitted_diagnostic,-0.005539286042954551,diagnostic_non_promotable
cai1996_06666_009,binary_model_selection,binary_model_selection,monoethanolamine,385.73,66660.0,0.4477,0.921,0.07816919424253871,0.012944383819788182,6.038850155465943,1.2813431055007614,fitted_diagnostic,-0.005539286042954551,diagnostic_non_promotable
cai1996_06666_009,binary_model_selection,binary_model_selection,water,385.73,66660.0,0.4477,0.921,0.012592667951501997,0.0031962607267939486,3.939812495876467,6.866698492153725,fitted_diagnostic,-0.005539286042954551,diagnostic_non_promotable
cai1996_06666_010,binary_model_selection,binary_model_selection,monoethanolamine,380.82,66660.0,0.5419,0.9542,0.1810006328318573,0.0220349990269273,8.214233756519352,2.3908948758084887,fitted_diagnostic,-0.005539286042954551,diagnostic_non_promotable
cai1996_06666_010,binary_model_selection,binary_model_selection,water,380.82,66660.0,0.5419,0.9542,0.03667148994817371,0.002924623963319177,12.538873512666896,5.9018651615394475,fitted_diagnostic,-0.005539286042954551,diagnostic_non_promotable
cai1996_06666_011,binary_model_selection,binary_model_selection,monoethanolamine,375.17,66660.0,0.6359,0.9732,0.17983098748831028,0.037468485294208924,4.799526484090476,4.281112282287899,fitted_diagnostic,-0.005539286042954551,diagnostic_non_promotable
cai1996_06666_011,binary_model_selection,binary_model_selection,water,375.17,66660.0,0.6359,0.9732,0.011163240651019158,0.0027533056727498885,4.054486489278821,4.764253043436245,fitted_diagnostic,-0.005539286042954551,diagnostic_non_promotable
cai1996_06666_012,binary_model_selection,binary_model_selection,monoethanolamine,367.96,66660.0,0.8363,0.9921,0.1287366028804121,0.12674558988023,1.0157087359178616,13.88071482970659,fitted_diagnostic,-0.005539286042954551,diagnostic_non_promotable
cai1996_06666_012,binary_model_selection,binary_model_selection,water,367.96,66660.0,0.8363,0.9921,0.050224005684738185,0.002549601978295304,19.698763223551698,1.7470304379582504,fitted_diagnostic,-0.005539286042954551,diagnostic_non_promotable
cai1996_06666_013,binary_model_selection,binary_model_selection,monoethanolamine,365.6,66660.0,0.855,0.9937,0.10257965480903344,0.15889267243056898,0.6455908459457592,15.613403905056531,fitted_diagnostic,-0.005539286042954551,diagnostic_non_promotable
cai1996_06666_013,binary_model_selection,binary_model_selection,water,365.6,66660.0,0.855,0.9937,-0.014318021075139065,0.0025369860649477,-5.643712936765473,1.4699566091785903,fitted_diagnostic,-0.005539286042954551,diagnostic_non_promotable
cai1996_06666_014,binary_model_selection,binary_model_selection,monoethanolamine,362.81,66660.0,0.9509,0.9982,0.08489363968968669,0.55593239736989,0.15270496932957597,27.93992338908734,fitted_diagnostic,-0.005539286042954551,diagnostic_non_promotable
cai1996_06666_014,binary_model_selection,binary_model_selection,water,362.81,66660.0,0.9509,0.9982,-0.012066520690296666,0.0024832111363826473,-4.859240728065618,0.2400739544464091,fitted_diagnostic,-0.005539286042954551,diagnostic_non_promotable
