state_id,state_family,source,temperature_C,CO2_loading
speciation:0:Bottinger:20:0.075,speciation,Bottinger,20.0,0.075
speciation:1:Matin:20:0.106,speciation,Matin,20.0,0.106
speciation:2:Jakobsen:20:0.11,speciation,Jakobsen,20.0,0.11
speciation:3:Matin:20:0.128,speciation,Matin,20.0,0.128
speciation:5:Bottinger:20:0.15,speciation,Bottinger,20.0,0.15
speciation:4:Matin:20:0.15,speciation,Matin,20.0,0.15
speciation:6:Matin:20:0.173,speciation,Matin,20.0,0.173
speciation:7:Matin:20:0.195,speciation,Matin,20.0,0.195
speciation:8:Jakobsen:20:0.21,speciation,Jakobsen,20.0,0.21
speciation:9:Matin:20:0.218,speciation,Matin,20.0,0.218
speciation:10:Bottinger:20:0.235,speciation,Bottinger,20.0,0.235
speciation:11:Matin:20:0.241,speciation,Matin,20.0,0.241
speciation:12:Jakobsen:20:0.25,speciation,Jakobsen,20.0,0.25
speciation:13:Matin:20:0.264,speciation,Matin,20.0,0.264
speciation:14:Matin:20:0.287,speciation,Matin,20.0,0.287
speciation:15:Jakobsen:20:0.29,speciation,Jakobsen,20.0,0.29
speciation:16:Bottinger:20:0.309,speciation,Bottinger,20.0,0.309
speciation:17:Matin:20:0.31,speciation,Matin,20.0,0.31
speciation:18:Matin:20:0.334,speciation,Matin,20.0,0.334
speciation:19:Matin:20:0.358,speciation,Matin,20.0,0.358
speciation:20:Matin:20:0.382,speciation,Matin,20.0,0.382
speciation:21:Bottinger:20:0.388,speciation,Bottinger,20.0,0.388
speciation:22:Jakobsen:20:0.4,speciation,Jakobsen,20.0,0.4
speciation:23:Matin:20:0.406,speciation,Matin,20.0,0.406
speciation:24:Matin:20:0.431,speciation,Matin,20.0,0.431
speciation:25:Matin:20:0.455,speciation,Matin,20.0,0.455
speciation:26:Bottinger:20:0.474,speciation,Bottinger,20.0,0.474
speciation:27:Matin:20:0.48,speciation,Matin,20.0,0.48
speciation:28:Matin:20:0.505,speciation,Matin,20.0,0.505
speciation:29:Bottinger:20:0.524,speciation,Bottinger,20.0,0.524
speciation:30:Matin:20:0.531,speciation,Matin,20.0,0.531
speciation:31:Jakobsen:20:0.6,speciation,Jakobsen,20.0,0.6
speciation:32:Bottinger:20:0.609,speciation,Bottinger,20.0,0.609
speciation:33:Bottinger:20:0.704,speciation,Bottinger,20.0,0.704
speciation:34:Jakobsen:20:0.78,speciation,Jakobsen,20.0,0.78
speciation:35:Bottinger:20:0.832,speciation,Bottinger,20.0,0.832
speciation:36:Bottinger:20:0.929,speciation,Bottinger,20.0,0.929
speciation:37:Bottinger:20:0.974,speciation,Bottinger,20.0,0.974
speciation:38:Jakobsen:20:0.99,speciation,Jakobsen,20.0,0.99
speciation:39:Jakobsen:40:0.11,speciation,Jakobsen,40.0,0.11
speciation:40:Bottinger:40:0.125,speciation,Bottinger,40.0,0.125
speciation:41:Bottinger:40:0.205,speciation,Bottinger,40.0,0.205
speciation:42:Jakobsen:40:0.21,speciation,Jakobsen,40.0,0.21
speciation:43:Bottinger:40:0.236,speciation,Bottinger,40.0,0.236
speciation:44:Jakobsen:40:0.25,speciation,Jakobsen,40.0,0.25
speciation:45:Bottinger:40:0.28,speciation,Bottinger,40.0,0.28
speciation:46:Jakobsen:40:0.29,speciation,Jakobsen,40.0,0.29
speciation:47:Bottinger:40:0.343,speciation,Bottinger,40.0,0.343
speciation:48:Bottinger:40:0.354,speciation,Bottinger,40.0,0.354
speciation:49:Jakobsen:40:0.4,speciation,Jakobsen,40.0,0.4
speciation:50:Bottinger:40:0.46,speciation,Bottinger,40.0,0.46
speciation:51:Bottinger:40:0.466,speciation,Bottinger,40.0,0.466
speciation:52:Bottinger:40:0.487,speciation,Bottinger,40.0,0.487
speciation:53:Bottinger:40:0.508,speciation,Bottinger,40.0,0.508
speciation:54:Jakobsen:40:0.6,speciation,Jakobsen,40.0,0.6
speciation:55:Bottinger:40:0.663,speciation,Bottinger,40.0,0.663
speciation:56:Bottinger:40:0.683,speciation,Bottinger,40.0,0.683
speciation:57:Bottinger:40:0.762,speciation,Bottinger,40.0,0.762
speciation:58:Jakobsen:40:0.78,speciation,Jakobsen,40.0,0.78
speciation:59:Jakobsen:40:0.99,speciation,Jakobsen,40.0,0.99
speciation:60:Bottinger:60:0.131,speciation,Bottinger,60.0,0.131
speciation:61:Bottinger:60:0.203,speciation,Bottinger,60.0,0.203
speciation:62:Bottinger:60:0.277,speciation,Bottinger,60.0,0.277
speciation:63:Bottinger:60:0.415,speciation,Bottinger,60.0,0.415
speciation:64:Bottinger:60:0.489,speciation,Bottinger,60.0,0.489
speciation:65:Bottinger:60:0.559,speciation,Bottinger,60.0,0.559
speciation:66:Bottinger:60:0.613,speciation,Bottinger,60.0,0.613
speciation:67:Bottinger:60:0.766,speciation,Bottinger,60.0,0.766
speciation:68:Bottinger:80:0.064,speciation,Bottinger,80.0,0.064
speciation:69:Bottinger:80:0.141,speciation,Bottinger,80.0,0.141
speciation:70:Bottinger:80:0.245,speciation,Bottinger,80.0,0.245
speciation:71:Bottinger:80:0.336,speciation,Bottinger,80.0,0.336
speciation:72:Bottinger:80:0.398,speciation,Bottinger,80.0,0.398
speciation:73:Bottinger:80:0.51,speciation,Bottinger,80.0,0.51
vle:51:Jou1995:40:0.0888,vle,Jou1995,40.0,0.0888
vle:0:Aronu2011:40:0.102,vle,Aronu2011,40.0,0.102
vle:17:Hilliard2008:40:0.153,vle,Hilliard2008,40.0,0.153
vle:18:Hilliard2008:40:0.163,vle,Hilliard2008,40.0,0.163
vle:19:Hilliard2008:40:0.17,vle,Hilliard2008,40.0,0.17
vle:20:Hilliard2008:40:0.191,vle,Hilliard2008,40.0,0.191
vle:21:Hilliard2008:40:0.194,vle,Hilliard2008,40.0,0.194
vle:52:Jou1995:40:0.203,vle,Jou1995,40.0,0.203
vle:1:Aronu2011:40:0.206,vle,Aronu2011,40.0,0.206
vle:22:Hilliard2008:40:0.232,vle,Hilliard2008,40.0,0.232
vle:41:Idris2014:40:0.242,vle,Idris2014,40.0,0.242
vle:23:Hilliard2008:40:0.246,vle,Hilliard2008,40.0,0.246
vle:2:Aronu2011:40:0.25,vle,Aronu2011,40.0,0.25
vle:24:Hilliard2008:40:0.269,vle,Hilliard2008,40.0,0.269
vle:25:Hilliard2008:40:0.272,vle,Hilliard2008,40.0,0.272
vle:42:Idris2014:40:0.321,vle,Idris2014,40.0,0.321
vle:26:Hilliard2008:40:0.326,vle,Hilliard2008,40.0,0.326
vle:43:Idris2014:40:0.33,vle,Idris2014,40.0,0.33
vle:3:Aronu2011:40:0.337,vle,Aronu2011,40.0,0.337
vle:44:Idris2014:40:0.345,vle,Idris2014,40.0,0.345
vle:27:Hilliard2008:40:0.348,vle,Hilliard2008,40.0,0.348
vle:28:Hilliard2008:40:0.35,vle,Hilliard2008,40.0,0.35
vle:45:Idris2014:40:0.352,vle,Idris2014,40.0,0.352
vle:4:Aronu2011:40:0.353,vle,Aronu2011,40.0,0.353
vle:46:Idris2014:40:0.355,vle,Idris2014,40.0,0.355
vle:29:Hilliard2008:40:0.36,vle,Hilliard2008,40.0,0.36
vle:53:Jou1995:40:0.365,vle,Jou1995,40.0,0.365
vle:47:Idris2014:40:0.375,vle,Idris2014,40.0,0.375
vle:48:Idris2014:40:0.377,vle,Idris2014,40.0,0.377
vle:30:Hilliard2008:40:0.382,vle,Hilliard2008,40.0,0.382
vle:31:Hilliard2008:40:0.386,vle,Hilliard2008,40.0,0.386
vle:32:Hilliard2008:40:0.389,vle,Hilliard2008,40.0,0.389
vle:33:Hilliard2008:40:0.4,vle,Hilliard2008,40.0,0.4
vle:5:Aronu2011:40:0.401,vle,Aronu2011,40.0,0.401
vle:6:Aronu2011:40:0.417,vle,Aronu2011,40.0,0.417
vle:7:Aronu2011:40:0.421,vle,Aronu2011,40.0,0.421
vle:8:Aronu2011:40:0.433,vle,Aronu2011,40.0,0.433
vle:49:Idris2014:40:0.436,vle,Idris2014,40.0,0.436
vle:9:Aronu2011:40:0.447,vle,Aronu2011,40.0,0.447
vle:50:Idris2014:40:0.46,vle,Idris2014,40.0,0.46
vle:10:Aronu2011:40:0.464,vle,Aronu2011,40.0,0.464
vle:34:Hilliard2008:40:0.464,vle,Hilliard2008,40.0,0.464
vle:35:Hilliard2008:40:0.466,vle,Hilliard2008,40.0,0.466
vle:54:Jou1995:40:0.4735,vle,Jou1995,40.0,0.4735
vle:11:Aronu2011:40:0.476,vle,Aronu2011,40.0,0.476
vle:12:Aronu2011:40:0.477,vle,Aronu2011,40.0,0.477
vle:36:Hilliard2008:40:0.481,vle,Hilliard2008,40.0,0.481
vle:13:Aronu2011:40:0.485,vle,Aronu2011,40.0,0.485
vle:14:Aronu2011:40:0.489,vle,Aronu2011,40.0,0.489
vle:37:Hilliard2008:40:0.491,vle,Hilliard2008,40.0,0.491
vle:38:Hilliard2008:40:0.501,vle,Hilliard2008,40.0,0.501
vle:55:Jou1995:40:0.513,vle,Jou1995,40.0,0.513
vle:15:Aronu2011:40:0.516,vle,Aronu2011,40.0,0.516
vle:39:Hilliard2008:40:0.518,vle,Hilliard2008,40.0,0.518
vle:16:Aronu2011:40:0.524,vle,Aronu2011,40.0,0.524
vle:56:Jou1995:40:0.557,vle,Jou1995,40.0,0.557
vle:40:Hilliard2008:40:0.591,vle,Hilliard2008,40.0,0.591
vle:57:Jou1995:40:0.609,vle,Jou1995,40.0,0.609
vle:58:Jou1995:40:0.642,vle,Jou1995,40.0,0.642
vle:59:Aronu2011:60:0.053,vle,Aronu2011,60.0,0.053
vle:74:Jou1995:60:0.0564,vle,Jou1995,60.0,0.0564
vle:60:Aronu2011:60:0.105,vle,Aronu2011,60.0,0.105
vle:68:Hilliard2008:60:0.114,vle,Hilliard2008,60.0,0.114
vle:75:Jou1995:60:0.119,vle,Jou1995,60.0,0.119
vle:61:Aronu2011:60:0.162,vle,Aronu2011,60.0,0.162
vle:69:Hilliard2008:60:0.191,vle,Hilliard2008,60.0,0.191
vle:76:Jou1995:60:0.206,vle,Jou1995,60.0,0.206
vle:62:Aronu2011:60:0.244,vle,Aronu2011,60.0,0.244
vle:70:Hilliard2008:60:0.291,vle,Hilliard2008,60.0,0.291
vle:63:Aronu2011:60:0.303,vle,Aronu2011,60.0,0.303
vle:64:Aronu2011:60:0.36,vle,Aronu2011,60.0,0.36
vle:71:Hilliard2008:60:0.386,vle,Hilliard2008,60.0,0.386
vle:77:Jou1995:60:0.389,vle,Jou1995,60.0,0.389
vle:65:Aronu2011:60:0.393,vle,Aronu2011,60.0,0.393
vle:66:Aronu2011:60:0.428,vle,Aronu2011,60.0,0.428
vle:78:Jou1995:60:0.438,vle,Jou1995,60.0,0.438
vle:72:Hilliard2008:60:0.485,vle,Hilliard2008,60.0,0.485
vle:67:Aronu2011:60:0.491,vle,Aronu2011,60.0,0.491
vle:79:Jou1995:60:0.504,vle,Jou1995,60.0,0.504
vle:73:Hilliard2008:60:0.544,vle,Hilliard2008,60.0,0.544
vle:80:Jou1995:60:0.561,vle,Jou1995,60.0,0.561
vle:81:Jou1995:60:0.579,vle,Jou1995,60.0,0.579
vle:92:Jou1995:60:0.668,vle,Jou1995,60.0,0.668
vle:82:Aronu2011:80:0.017,vle,Aronu2011,80.0,0.017
vle:93:Jou1995:80:0.0174,vle,Jou1995,80.0,0.0174
vle:94:Jou1995:80:0.0236,vle,Jou1995,80.0,0.0236
vle:83:Aronu2011:80:0.04,vle,Aronu2011,80.0,0.04
vle:84:Aronu2011:80:0.075,vle,Aronu2011,80.0,0.075
vle:95:Jou1995:80:0.0781,vle,Jou1995,80.0,0.0781
vle:96:Jou1995:80:0.118,vle,Jou1995,80.0,0.118
vle:85:Aronu2011:80:0.122,vle,Aronu2011,80.0,0.122
vle:86:Aronu2011:80:0.155,vle,Aronu2011,80.0,0.155
vle:97:Jou1995:80:0.187,vle,Jou1995,80.0,0.187
vle:87:Aronu2011:80:0.216,vle,Aronu2011,80.0,0.216
vle:88:Aronu2011:80:0.271,vle,Aronu2011,80.0,0.271
vle:89:Aronu2011:80:0.347,vle,Aronu2011,80.0,0.347
vle:98:Jou1995:80:0.348,vle,Jou1995,80.0,0.348
vle:91:Aronu2011:80:0.398,vle,Aronu2011,80.0,0.398
vle:90:Aronu2011:80:0.4,vle,Aronu2011,80.0,0.4
vle:99:Jou1995:80:0.46,vle,Jou1995,80.0,0.46
vle:100:Jou1995:80:0.517,vle,Jou1995,80.0,0.517
vle:101:Jou1995:80:0.5785,vle,Jou1995,80.0,0.5785
vle:102:Jou1995:80:0.64,vle,Jou1995,80.0,0.64
vle:103:Jou1995:80:0.689,vle,Jou1995,80.0,0.689
vle:104:Jou1995:100:0.0117,vle,Jou1995,100.0,0.0117
vle:105:Jou1995:100:0.0566,vle,Jou1995,100.0,0.0566
vle:106:Jou1995:100:0.188,vle,Jou1995,100.0,0.188
vle:119:Xu2011:100:0.315,vle,Xu2011,100.0,0.315
vle:107:Jou1995:100:0.381,vle,Jou1995,100.0,0.381
vle:114:Xu2011:100:0.388,vle,Xu2011,100.0,0.388
vle:108:Jou1995:100:0.422,vle,Jou1995,100.0,0.422
vle:115:Xu2011:100:0.424,vle,Xu2011,100.0,0.424
vle:116:Xu2011:100:0.425,vle,Xu2011,100.0,0.425
vle:120:Xu2011:100:0.475,vle,Xu2011,100.0,0.475
vle:109:Jou1995:100:0.477,vle,Jou1995,100.0,0.477
vle:110:Jou1995:100:0.481,vle,Jou1995,100.0,0.481
vle:117:Xu2011:100:0.501,vle,Xu2011,100.0,0.501
vle:118:Xu2011:100:0.52,vle,Xu2011,100.0,0.52
vle:111:Jou1995:100:0.571,vle,Jou1995,100.0,0.571
vle:112:Jou1995:100:0.589,vle,Jou1995,100.0,0.589
vle:113:Jou1995:100:0.6135,vle,Jou1995,100.0,0.6135
vle:122:Jou1995:120:0.00333,vle,Jou1995,120.0,0.00333
vle:123:Jou1995:120:0.0112,vle,Jou1995,120.0,0.0112
vle:124:Jou1995:120:0.0247,vle,Jou1995,120.0,0.0247
vle:125:Jou1995:120:0.119,vle,Jou1995,120.0,0.119
vle:132:Mamun2005:120:0.155,vle,Mamun2005,120.0,0.155
vle:133:Mamun2005:120:0.1766,vle,Mamun2005,120.0,0.1766
vle:134:Mamun2005:120:0.1843,vle,Mamun2005,120.0,0.1843
vle:135:Mamun2005:120:0.2085,vle,Mamun2005,120.0,0.2085
vle:136:Mamun2005:120:0.2326,vle,Mamun2005,120.0,0.2326
vle:137:Mamun2005:120:0.2381,vle,Mamun2005,120.0,0.2381
vle:138:Mamun2005:120:0.256,vle,Mamun2005,120.0,0.256
vle:139:Mamun2005:120:0.2901,vle,Mamun2005,120.0,0.2901
vle:140:Mamun2005:120:0.2967,vle,Mamun2005,120.0,0.2967
vle:141:Mamun2005:120:0.3004,vle,Mamun2005,120.0,0.3004
vle:142:Mamun2005:120:0.3125,vle,Mamun2005,120.0,0.3125
vle:158:Xu2011:120:0.314,vle,Xu2011,120.0,0.314
vle:143:Mamun2005:120:0.3191,vle,Mamun2005,120.0,0.3191
vle:144:Mamun2005:120:0.3298,vle,Mamun2005,120.0,0.3298
vle:145:Mamun2005:120:0.3424,vle,Mamun2005,120.0,0.3424
vle:126:Jou1995:120:0.349,vle,Jou1995,120.0,0.349
vle:147:Mamun2005:120:0.35,vle,Mamun2005,120.0,0.35
vle:148:Mamun2005:120:0.3594,vle,Mamun2005,120.0,0.3594
vle:151:Xu2011:120:0.37,vle,Xu2011,120.0,0.37
vle:152:Xu2011:120:0.385,vle,Xu2011,120.0,0.385
vle:153:Xu2011:120:0.387,vle,Xu2011,120.0,0.387
vle:149:Mamun2005:120:0.3882,vle,Mamun2005,120.0,0.3882
vle:127:Jou1995:120:0.4115,vle,Jou1995,120.0,0.4115
vle:150:Mamun2005:120:0.4182,vle,Mamun2005,120.0,0.4182
vle:154:Xu2011:120:0.422,vle,Xu2011,120.0,0.422
vle:155:Xu2011:120:0.423,vle,Xu2011,120.0,0.423
vle:128:Jou1995:120:0.444,vle,Jou1995,120.0,0.444
vle:159:Xu2011:120:0.467,vle,Xu2011,120.0,0.467
vle:129:Jou1995:120:0.473,vle,Jou1995,120.0,0.473
vle:156:Xu2011:120:0.492,vle,Xu2011,120.0,0.492
vle:157:Xu2011:120:0.508,vle,Xu2011,120.0,0.508
vle:130:Jou1995:120:0.536,vle,Jou1995,120.0,0.536
vle:131:Jou1995:120:0.639,vle,Jou1995,120.0,0.639
