identity,observed,predicted,scaled_residual,unit,basis,source_identity
vle_obs_0119,5.7,3.180791085115205,-0.07594390983193959,pascal,true-species-vapor-partial-pressure,13
vle_obs_0120,6.64,3.9366681013995204,-0.0680598018386227,pascal,true-species-vapor-partial-pressure,14
vle_obs_0121,7.21,4.556213205232958,-0.05975373014514518,pascal,true-species-vapor-partial-pressure,15
vle_obs_0122,9.950000000000001,6.977583455774833,-0.046200126356606384,pascal,true-species-vapor-partial-pressure,16
vle_obs_0123,9.85,7.406404918636867,-0.037120282460747646,pascal,true-species-vapor-partial-pressure,17
vle_obs_0124,14.6,15.484592999116142,0.007658232604756867,pascal,true-species-vapor-partial-pressure,18
vle_obs_0125,19.099999999999998,20.2103706391932,0.007356654520774166,pascal,true-species-vapor-partial-pressure,19
vle_obs_0126,23.099999999999998,31.237514587235392,0.03928933983517745,pascal,true-species-vapor-partial-pressure,20
vle_obs_0127,22.4,33.06227138683701,0.05068668775954853,pascal,true-species-vapor-partial-pressure,21
vle_obs_0128,48.5,92.92943891866561,0.08465881357750682,pascal,true-species-vapor-partial-pressure,22
vle_obs_0129,66.19999999999999,143.31361627373528,0.10055204159451987,pascal,true-species-vapor-partial-pressure,23
vle_obs_0130,72.1,149.14410379193188,0.0946289730306561,pascal,true-species-vapor-partial-pressure,24
vle_obs_0131,96.60000000000001,182.3025481635898,0.08268153463994632,pascal,true-species-vapor-partial-pressure,25
vle_obs_0132,131.0,285.96154851718154,0.10163327952116544,pascal,true-species-vapor-partial-pressure,26
vle_obs_0133,120.0,310.75880945668445,0.12387804729351226,pascal,true-species-vapor-partial-pressure,27
vle_obs_0134,113.0,330.84553740464685,0.13985723336640926,pascal,true-species-vapor-partial-pressure,28
vle_obs_0135,128.0,417.0542248269817,0.15377731705056696,pascal,true-species-vapor-partial-pressure,29
vle_obs_0136,750.0,1666.5488901763094,0.10394764713951152,pascal,true-species-vapor-partial-pressure,30
vle_obs_0137,574.0,1740.2153395974074,0.14439704479356508,pascal,true-species-vapor-partial-pressure,31
vle_obs_0138,883.0,2399.0466403529294,0.1301240122809987,pascal,true-species-vapor-partial-pressure,32
vle_obs_0139,1100.0,2958.254638845419,0.12879449213108393,pascal,true-species-vapor-partial-pressure,33
vle_obs_0140,1870.0,3630.218682971314,0.08636139459045797,pascal,true-species-vapor-partial-pressure,34
vle_obs_0141,3030.0,5071.612447672258,0.06705981131498745,pascal,true-species-vapor-partial-pressure,35
vle_obs_0142,28300.0,16821.471932046516,-0.0677250061625728,pascal,true-species-vapor-partial-pressure,36
vle_obs_0186,1.47,0.6564513074968293,-0.1049542848277862,pascal,true-species-vapor-partial-pressure,15
vle_obs_0187,8.959999999999999,8.844216152041946,-0.0016933051640792892,pascal,true-species-vapor-partial-pressure,16
vle_obs_0188,67.7,201.73013906498056,0.14214606973089705,pascal,true-species-vapor-partial-pressure,17
vle_obs_0189,604.0,2044.9553063406734,0.15877279968962096,pascal,true-species-vapor-partial-pressure,18
vle_obs_0190,2570.0,4605.545493604393,0.0759463808840408,pascal,true-species-vapor-partial-pressure,19
vle_obs_0191,8090.0,10105.779447301637,0.028964266390439423,pascal,true-species-vapor-partial-pressure,20
vle_obs_0192,36100.0,21353.822707824373,-0.06835726197365097,pascal,true-species-vapor-partial-pressure,21
vle_obs_0193,103000.0,31548.535606782694,-0.1540397558068607,pascal,true-species-vapor-partial-pressure,22
vle_obs_0143,19.400000000000002,6.354640155989712,-0.1453022535216422,pascal,true-species-vapor-partial-pressure,37
vle_obs_0144,58.9,33.9446345027488,-0.07174844852432682,pascal,true-species-vapor-partial-pressure,38
vle_obs_0145,209.0,225.0296557239102,0.009620692953549595,pascal,true-species-vapor-partial-pressure,39
vle_obs_0146,763.0,1387.5510754617658,0.07785786709856139,pascal,true-species-vapor-partial-pressure,40
vle_obs_0147,4860.0,9931.904587883882,0.09304781429901121,pascal,true-species-vapor-partial-pressure,41
vle_obs_0148,25800.0,27852.035826821175,0.009963561946683538,pascal,true-species-vapor-partial-pressure,42
vle_obs_0149,50200.0,38208.83944787263,-0.035534820930924166,pascal,true-species-vapor-partial-pressure,43
vle_obs_0194,4.28,1.09320242713685,-0.17768724342851028,pascal,true-species-vapor-partial-pressure,23
vle_obs_0195,19.3,7.185376445908051,-0.12863408882976668,pascal,true-species-vapor-partial-pressure,24
vle_obs_0196,57.9,45.50653027966489,-0.031357502408708986,pascal,true-species-vapor-partial-pressure,25
vle_obs_0197,528.0,1472.5551356485607,0.13352930778165206,pascal,true-species-vapor-partial-pressure,26
vle_obs_0198,2009.9999999999998,3934.422394759835,0.08743869527776872,pascal,true-species-vapor-partial-pressure,27
vle_obs_0199,11000.0,14137.398397551726,0.03266809277169754,pascal,true-species-vapor-partial-pressure,28
vle_obs_0200,34000.0,36052.80397436472,0.007632209850354442,pascal,true-species-vapor-partial-pressure,29
vle_obs_0201,82000.0,46461.47410563653,-0.07395977248487391,pascal,true-species-vapor-partial-pressure,30
vle_obs_0202,282000.0,126608.2676468611,-0.10425648521447209,pascal,true-species-vapor-partial-pressure,31
vle_obs_0203,2.96,0.4532522366150131,-0.24429893985533752,pascal,true-species-vapor-partial-pressure,32
vle_obs_0204,4.84,0.8119183246588314,-0.23242238965442893,pascal,true-species-vapor-partial-pressure,33
vle_obs_0205,46.5,10.531494344099988,-0.19334121916750124,pascal,true-species-vapor-partial-pressure,34
vle_obs_0206,99.2,31.303281829408466,-0.150161852062423,pascal,true-species-vapor-partial-pressure,35
vle_obs_0207,278.0,138.661176339326,-0.09055780991802334,pascal,true-species-vapor-partial-pressure,36
vle_obs_0208,2670.0,2767.1163976774023,0.004651297483738523,pascal,true-species-vapor-partial-pressure,37
vle_obs_0209,16000.0,22410.968837514734,0.04386868939528472,pascal,true-species-vapor-partial-pressure,38
vle_obs_0210,56000.0,59107.94750579627,0.007031984806986872,pascal,true-species-vapor-partial-pressure,39
vle_obs_0211,235000.0,139244.407066629,-0.06813499157735452,pascal,true-species-vapor-partial-pressure,40
vle_obs_0212,558000.0,268854.264904432,-0.09506257526032816,pascal,true-species-vapor-partial-pressure,41
vle_obs_0213,958000.0,406456.8687986731,-0.11162006119550745,pascal,true-species-vapor-partial-pressure,42
cheq_canon_00374,0.0985,0.08773970155816291,-0.02044989119002763,dimensionless,true-species-liquid-mole-fraction,cheq_canon_00374
cheq_canon_00375,0.0065,0.012873441604638158,0.12080286883246005,dimensionless,true-species-liquid-mole-fraction,cheq_canon_00375
cheq_canon_00377,0.0103,0.011606915200582102,0.02111724254677495,dimensionless,true-species-liquid-mole-fraction,cheq_canon_00377
cheq_canon_00378,0.0001,0.00021431336864903897,0.13475141196789764,dimensionless,true-species-liquid-mole-fraction,cheq_canon_00378
cheq_canon_00379,0.0001,0.0005228940875168622,0.29242555580947854,dimensionless,true-species-liquid-mole-fraction,cheq_canon_00379
cheq_canon_00380,0.0715,0.06573750524278311,-0.014854162282638677,dimensionless,true-species-liquid-mole-fraction,cheq_canon_00380
cheq_canon_00381,0.016,0.024362799966546188,0.07432905933361177,dimensionless,true-species-liquid-mole-fraction,cheq_canon_00381
cheq_canon_00383,0.018,0.022119709828377687,0.036433199710654195,dimensionless,true-species-liquid-mole-fraction,cheq_canon_00383
cheq_canon_00384,0.002,0.0006512626394733502,-0.19834158865645538,dimensionless,true-species-liquid-mole-fraction,cheq_canon_00384
cheq_canon_00385,0.0027,0.0007947608490493677,-0.2161918528321127,dimensionless,true-species-liquid-mole-fraction,cheq_canon_00385
cheq_canon_00398,0.0376,0.026636009556075552,-0.06094199924155004,dimensionless,true-species-liquid-mole-fraction,cheq_canon_00398
cheq_canon_00399,0.0473,0.04612853446905855,-0.004433306376906575,dimensionless,true-species-liquid-mole-fraction,cheq_canon_00399
cheq_canon_00401,0.0495,0.03945460378921339,-0.04009683116117184,dimensionless,true-species-liquid-mole-fraction,cheq_canon_00401
cheq_canon_00402,0.0012,0.004176168047522253,0.22045336139843777,dimensionless,true-species-liquid-mole-fraction,cheq_canon_00402
cheq_canon_00403,0.001,0.001248689566717879,0.039261159116617095,dimensionless,true-species-liquid-mole-fraction,cheq_canon_00403
cheq_canon_00404,0.0028,0.005845152647798115,0.13010646216135774,dimensionless,true-species-liquid-mole-fraction,cheq_canon_00404
cheq_canon_00405,0.061,0.068171071810833,0.01964810101042082,dimensionless,true-species-liquid-mole-fraction,cheq_canon_00405
cheq_canon_00407,0.0494,0.038174777155353466,-0.04556868520682871,dimensionless,true-species-liquid-mole-fraction,cheq_canon_00407
cheq_canon_00408,0.0151,0.027765377140252158,0.10767381431693974,dimensionless,true-species-liquid-mole-fraction,cheq_canon_00408
cheq_canon_00409,0.0009,0.001115436409357203,0.03793738234273629,dimensionless,true-species-liquid-mole-fraction,cheq_canon_00409
cheq_canon_00410,0.0009,0.0016337583303487233,0.1054019732906123,dimensionless,true-species-liquid-mole-fraction,cheq_canon_00410
cheq_canon_00411,0.0012,0.0022646128477151486,0.1122677430529639,dimensionless,true-species-liquid-mole-fraction,cheq_canon_00411
cheq_canon_00412,0.0743,0.0863575722826396,0.026584659123233025,dimensionless,true-species-liquid-mole-fraction,cheq_canon_00412
cheq_canon_00414,0.0388,0.023414542162402532,-0.08928336051886389,dimensionless,true-species-liquid-mole-fraction,cheq_canon_00414
cheq_canon_00415,0.0448,0.061737674727653555,0.056689849599910254,dimensionless,true-species-liquid-mole-fraction,cheq_canon_00415
cheq_canon_00416,0.0009,0.0006026720679459692,-0.07089126413619687,dimensionless,true-species-liquid-mole-fraction,cheq_canon_00416
cheq_canon_00417,0.0032,0.008001753340230625,0.16201758697805094,dimensionless,true-species-liquid-mole-fraction,cheq_canon_00417
cheq_canon_00418,0.0014,0.0007917065911173288,-0.10076919663263695,dimensionless,true-species-liquid-mole-fraction,cheq_canon_00418
cheq_canon_00419,0.0843,0.10238772532755838,0.03436273271173882,dimensionless,true-species-liquid-mole-fraction,cheq_canon_00419
cheq_canon_00421,0.0312,0.008142678542556308,-0.23746394204297536,dimensionless,true-species-liquid-mole-fraction,cheq_canon_00421
cheq_canon_00422,0.0696,0.09388387038123164,0.05290820949081476,dimensionless,true-species-liquid-mole-fraction,cheq_canon_00422
cheq_canon_00423,0.0011,0.00018058709260132384,-0.3194093766970242,dimensionless,true-species-liquid-mole-fraction,cheq_canon_00423
