record_id,source,doi,source_role,source_table,source_pdf_page,temperature_K,temperature_C,mea_mass_fraction,run,co2_loading_mol_per_mol_mea,enthalpy_semantics,dh_kj_per_mol_co2,dh_kj_per_mol_mea,pco2_kpa,loading_uncertainty,dh_co2_uncertainty_kj_per_mol,dh_mea_uncertainty_kj_per_mol,measurement_uncertainty_relative_percent,sign_convention,regression_eligible,notes,source_quality_flag,source_quality_scope,campaign_partition,pair_group,previous_record_id,previous_loading_mol_per_mol_mea,first_row_source_typo_sensitivity,previous_endpoint_basis
kim2007_t40_r1_0.041,Kim and Svendsen 2007,10.1021/ie0616489,primary_direct_calorimetry,Table 1,3,313.15,40,0.30,1,0.041,temperature-differential; loading-semi-differential,83.575,3.425,,,,,2.2,reported_positive_heat_release_magnitude,true,Source reports integral 8.575 kJ/mol CO2; internally inconsistent with 3.425/0.041 and likely a source typo; preserved verbatim. integral8.575 only; differential83.575 remains usable; primary20-at120C cohort and prior adoption unchanged.,project_integral_cell_suspicion,integral8.575 only; differential83.575 remains usable,calibration,Kim and Svendsen 2007 | Table 1 | 313.15 | 0.30 | 1,assumed_start_loading_0.003,0.003,integral_only_differential_usable,assumed_start_loading
kim2007_t40_r1_0.084,Kim and Svendsen 2007,10.1021/ie0616489,primary_direct_calorimetry,Table 1,3,313.15,40,0.30,1,0.084,temperature-differential; loading-semi-differential,82.067,6.979,,,,,2.2,reported_positive_heat_release_magnitude,true,,,,calibration,Kim and Svendsen 2007 | Table 1 | 313.15 | 0.30 | 1,kim2007_t40_r1_0.041,0.041,,preceding_observation_endpoint
kim2007_t40_r1_0.124,Kim and Svendsen 2007,10.1021/ie0616489,primary_direct_calorimetry,Table 1,3,313.15,40,0.30,1,0.124,temperature-differential; loading-semi-differential,85.574,10.411,,,,,2.2,reported_positive_heat_release_magnitude,true,,,,calibration,Kim and Svendsen 2007 | Table 1 | 313.15 | 0.30 | 1,kim2007_t40_r1_0.084,0.084,,preceding_observation_endpoint
kim2007_t40_r1_0.167,Kim and Svendsen 2007,10.1021/ie0616489,primary_direct_calorimetry,Table 1,3,313.15,40,0.30,1,0.167,temperature-differential; loading-semi-differential,85.138,14.069,,,,,2.2,reported_positive_heat_release_magnitude,true,,,,calibration,Kim and Svendsen 2007 | Table 1 | 313.15 | 0.30 | 1,kim2007_t40_r1_0.124,0.124,,preceding_observation_endpoint
kim2007_t40_r1_0.211,Kim and Svendsen 2007,10.1021/ie0616489,primary_direct_calorimetry,Table 1,3,313.15,40,0.30,1,0.211,temperature-differential; loading-semi-differential,85.312,17.781,,,,,2.2,reported_positive_heat_release_magnitude,true,,,,calibration,Kim and Svendsen 2007 | Table 1 | 313.15 | 0.30 | 1,kim2007_t40_r1_0.167,0.167,,preceding_observation_endpoint
kim2007_t40_r1_0.256,Kim and Svendsen 2007,10.1021/ie0616489,primary_direct_calorimetry,Table 1,3,313.15,40,0.30,1,0.256,temperature-differential; loading-semi-differential,84.531,21.553,,,,,2.2,reported_positive_heat_release_magnitude,true,,,,calibration,Kim and Svendsen 2007 | Table 1 | 313.15 | 0.30 | 1,kim2007_t40_r1_0.211,0.211,,preceding_observation_endpoint
kim2007_t40_r1_0.310,Kim and Svendsen 2007,10.1021/ie0616489,primary_direct_calorimetry,Table 1,3,313.15,40,0.30,1,0.31,temperature-differential; loading-semi-differential,84.377,26.159,,,,,2.2,reported_positive_heat_release_magnitude,true,,,,calibration,Kim and Svendsen 2007 | Table 1 | 313.15 | 0.30 | 1,kim2007_t40_r1_0.256,0.256,,preceding_observation_endpoint
kim2007_t40_r1_0.352,Kim and Svendsen 2007,10.1021/ie0616489,primary_direct_calorimetry,Table 1,3,313.15,40,0.30,1,0.352,temperature-differential; loading-semi-differential,84.052,29.697,,,,,2.2,reported_positive_heat_release_magnitude,true,,,,calibration,Kim and Svendsen 2007 | Table 1 | 313.15 | 0.30 | 1,kim2007_t40_r1_0.310,0.31,,preceding_observation_endpoint
kim2007_t40_r1_0.397,Kim and Svendsen 2007,10.1021/ie0616489,primary_direct_calorimetry,Table 1,3,313.15,40,0.30,1,0.397,temperature-differential; loading-semi-differential,84.494,33.467,,,,,2.2,reported_positive_heat_release_magnitude,true,,,,calibration,Kim and Svendsen 2007 | Table 1 | 313.15 | 0.30 | 1,kim2007_t40_r1_0.352,0.352,,preceding_observation_endpoint
kim2007_t40_r1_0.451,Kim and Svendsen 2007,10.1021/ie0616489,primary_direct_calorimetry,Table 1,3,313.15,40,0.30,1,0.451,temperature-differential; loading-semi-differential,84.255,38.067,,,,,2.2,reported_positive_heat_release_magnitude,true,,,,calibration,Kim and Svendsen 2007 | Table 1 | 313.15 | 0.30 | 1,kim2007_t40_r1_0.397,0.397,,preceding_observation_endpoint
kim2007_t40_r1_0.494,Kim and Svendsen 2007,10.1021/ie0616489,primary_direct_calorimetry,Table 1,3,313.15,40,0.30,1,0.494,temperature-differential; loading-semi-differential,84.074,41.605,,,,,2.2,reported_positive_heat_release_magnitude,true,,,,calibration,Kim and Svendsen 2007 | Table 1 | 313.15 | 0.30 | 1,kim2007_t40_r1_0.451,0.451,,preceding_observation_endpoint
kim2007_t40_r1_0.535,Kim and Svendsen 2007,10.1021/ie0616489,primary_direct_calorimetry,Table 1,3,313.15,40,0.30,1,0.535,temperature-differential; loading-semi-differential,87.098,45.251,,,,,2.2,reported_positive_heat_release_magnitude,true,,,,calibration,Kim and Svendsen 2007 | Table 1 | 313.15 | 0.30 | 1,kim2007_t40_r1_0.494,0.494,,preceding_observation_endpoint
kim2007_t40_r1_0.576,Kim and Svendsen 2007,10.1021/ie0616489,primary_direct_calorimetry,Table 1,3,313.15,40,0.30,1,0.576,temperature-differential; loading-semi-differential,52.746,47.395,,,,,2.2,reported_positive_heat_release_magnitude,true,,,,calibration,Kim and Svendsen 2007 | Table 1 | 313.15 | 0.30 | 1,kim2007_t40_r1_0.535,0.535,,preceding_observation_endpoint
kim2007_t40_r1_0.608,Kim and Svendsen 2007,10.1021/ie0616489,primary_direct_calorimetry,Table 1,3,313.15,40,0.30,1,0.608,temperature-differential; loading-semi-differential,46.21,48.886,,,,,2.2,reported_positive_heat_release_magnitude,true,,,,calibration,Kim and Svendsen 2007 | Table 1 | 313.15 | 0.30 | 1,kim2007_t40_r1_0.576,0.576,,preceding_observation_endpoint
kim2007_t40_r1_0.640,Kim and Svendsen 2007,10.1021/ie0616489,primary_direct_calorimetry,Table 1,3,313.15,40,0.30,1,0.64,temperature-differential; loading-semi-differential,40.548,50.157,,,,,2.2,reported_positive_heat_release_magnitude,true,,,,calibration,Kim and Svendsen 2007 | Table 1 | 313.15 | 0.30 | 1,kim2007_t40_r1_0.608,0.608,,preceding_observation_endpoint
kim2007_t40_r1_0.662,Kim and Svendsen 2007,10.1021/ie0616489,primary_direct_calorimetry,Table 1,3,313.15,40,0.30,1,0.662,temperature-differential; loading-semi-differential,37.492,50.977,,,,,2.2,reported_positive_heat_release_magnitude,true,,,,calibration,Kim and Svendsen 2007 | Table 1 | 313.15 | 0.30 | 1,kim2007_t40_r1_0.640,0.64,,preceding_observation_endpoint
kim2007_t40_r1_0.684,Kim and Svendsen 2007,10.1021/ie0616489,primary_direct_calorimetry,Table 1,3,313.15,40,0.30,1,0.684,temperature-differential; loading-semi-differential,36.39,51.805,,,,,2.2,reported_positive_heat_release_magnitude,true,,,,calibration,Kim and Svendsen 2007 | Table 1 | 313.15 | 0.30 | 1,kim2007_t40_r1_0.662,0.662,,preceding_observation_endpoint
kim2007_t40_r1_0.704,Kim and Svendsen 2007,10.1021/ie0616489,primary_direct_calorimetry,Table 1,3,313.15,40,0.30,1,0.704,temperature-differential; loading-semi-differential,33.897,52.475,,,,,2.2,reported_positive_heat_release_magnitude,true,,,,calibration,Kim and Svendsen 2007 | Table 1 | 313.15 | 0.30 | 1,kim2007_t40_r1_0.684,0.684,,preceding_observation_endpoint
kim2007_t40_r1_0.715,Kim and Svendsen 2007,10.1021/ie0616489,primary_direct_calorimetry,Table 1,3,313.15,40,0.30,1,0.715,temperature-differential; loading-semi-differential,36.16,52.884,,,,,2.2,reported_positive_heat_release_magnitude,true,,,,calibration,Kim and Svendsen 2007 | Table 1 | 313.15 | 0.30 | 1,kim2007_t40_r1_0.704,0.704,,preceding_observation_endpoint
kim2007_t40_r2_0.037,Kim and Svendsen 2007,10.1021/ie0616489,primary_direct_calorimetry,Table 1,3,313.15,40,0.30,2,0.037,temperature-differential; loading-semi-differential,84.079,3.11,,,,,2.2,reported_positive_heat_release_magnitude,true,,,,calibration,Kim and Svendsen 2007 | Table 1 | 313.15 | 0.30 | 2,assumed_start_loading_0.003,0.003,,assumed_start_loading
kim2007_t40_r2_0.081,Kim and Svendsen 2007,10.1021/ie0616489,primary_direct_calorimetry,Table 1,3,313.15,40,0.30,2,0.081,temperature-differential; loading-semi-differential,82.123,6.735,,,,,2.2,reported_positive_heat_release_magnitude,true,,,,calibration,Kim and Svendsen 2007 | Table 1 | 313.15 | 0.30 | 2,kim2007_t40_r2_0.037,0.037,,preceding_observation_endpoint
kim2007_t40_r2_0.124,Kim and Svendsen 2007,10.1021/ie0616489,primary_direct_calorimetry,Table 1,3,313.15,40,0.30,2,0.124,temperature-differential; loading-semi-differential,81.983,10.28,,,,,2.2,reported_positive_heat_release_magnitude,true,,,,calibration,Kim and Svendsen 2007 | Table 1 | 313.15 | 0.30 | 2,kim2007_t40_r2_0.081,0.081,,preceding_observation_endpoint
kim2007_t40_r2_0.165,Kim and Svendsen 2007,10.1021/ie0616489,primary_direct_calorimetry,Table 1,3,313.15,40,0.30,2,0.165,temperature-differential; loading-semi-differential,81.547,13.62,,,,,2.2,reported_positive_heat_release_magnitude,true,,,,calibration,Kim and Svendsen 2007 | Table 1 | 313.15 | 0.30 | 2,kim2007_t40_r2_0.124,0.124,,preceding_observation_endpoint
kim2007_t40_r2_0.210,Kim and Svendsen 2007,10.1021/ie0616489,primary_direct_calorimetry,Table 1,3,313.15,40,0.30,2,0.21,temperature-differential; loading-semi-differential,81.533,17.288,,,,,2.2,reported_positive_heat_release_magnitude,true,,,,calibration,Kim and Svendsen 2007 | Table 1 | 313.15 | 0.30 | 2,kim2007_t40_r2_0.165,0.165,,preceding_observation_endpoint
kim2007_t40_r2_0.250,Kim and Svendsen 2007,10.1021/ie0616489,primary_direct_calorimetry,Table 1,3,313.15,40,0.30,2,0.25,temperature-differential; loading-semi-differential,83.199,20.579,,,,,2.2,reported_positive_heat_release_magnitude,true,,,,calibration,Kim and Svendsen 2007 | Table 1 | 313.15 | 0.30 | 2,kim2007_t40_r2_0.210,0.21,,preceding_observation_endpoint
kim2007_t40_r2_0.290,Kim and Svendsen 2007,10.1021/ie0616489,primary_direct_calorimetry,Table 1,3,313.15,40,0.30,2,0.29,temperature-differential; loading-semi-differential,82.781,23.889,,,,,2.2,reported_positive_heat_release_magnitude,true,,,,calibration,Kim and Svendsen 2007 | Table 1 | 313.15 | 0.30 | 2,kim2007_t40_r2_0.250,0.25,,preceding_observation_endpoint
kim2007_t40_r2_0.337,Kim and Svendsen 2007,10.1021/ie0616489,primary_direct_calorimetry,Table 1,3,313.15,40,0.30,2,0.337,temperature-differential; loading-semi-differential,78.333,27.605,,,,,2.2,reported_positive_heat_release_magnitude,true,,,,calibration,Kim and Svendsen 2007 | Table 1 | 313.15 | 0.30 | 2,kim2007_t40_r2_0.290,0.29,,preceding_observation_endpoint
kim2007_t40_r2_0.375,Kim and Svendsen 2007,10.1021/ie0616489,primary_direct_calorimetry,Table 1,3,313.15,40,0.30,2,0.375,temperature-differential; loading-semi-differential,86.437,30.879,,,,,2.2,reported_positive_heat_release_magnitude,true,,,,calibration,Kim and Svendsen 2007 | Table 1 | 313.15 | 0.30 | 2,kim2007_t40_r2_0.337,0.337,,preceding_observation_endpoint
kim2007_t40_r2_0.417,Kim and Svendsen 2007,10.1021/ie0616489,primary_direct_calorimetry,Table 1,3,313.15,40,0.30,2,0.417,temperature-differential; loading-semi-differential,84.836,34.418,,,,,2.2,reported_positive_heat_release_magnitude,true,,,,calibration,Kim and Svendsen 2007 | Table 1 | 313.15 | 0.30 | 2,kim2007_t40_r2_0.375,0.375,,preceding_observation_endpoint
kim2007_t40_r2_0.463,Kim and Svendsen 2007,10.1021/ie0616489,primary_direct_calorimetry,Table 1,3,313.15,40,0.30,2,0.463,temperature-differential; loading-semi-differential,80.703,38.126,,,,,2.2,reported_positive_heat_release_magnitude,true,,,,calibration,Kim and Svendsen 2007 | Table 1 | 313.15 | 0.30 | 2,kim2007_t40_r2_0.417,0.417,,preceding_observation_endpoint
kim2007_t40_r2_0.507,Kim and Svendsen 2007,10.1021/ie0616489,primary_direct_calorimetry,Table 1,3,313.15,40,0.30,2,0.507,temperature-differential; loading-semi-differential,73.567,41.396,,,,,2.2,reported_positive_heat_release_magnitude,true,,,,calibration,Kim and Svendsen 2007 | Table 1 | 313.15 | 0.30 | 2,kim2007_t40_r2_0.463,0.463,,preceding_observation_endpoint
kim2007_t40_r2_0.543,Kim and Svendsen 2007,10.1021/ie0616489,primary_direct_calorimetry,Table 1,3,313.15,40,0.30,2,0.543,temperature-differential; loading-semi-differential,59.395,43.519,,,,,2.2,reported_positive_heat_release_magnitude,true,,,,calibration,Kim and Svendsen 2007 | Table 1 | 313.15 | 0.30 | 2,kim2007_t40_r2_0.507,0.507,,preceding_observation_endpoint
kim2007_t40_r2_0.576,Kim and Svendsen 2007,10.1021/ie0616489,primary_direct_calorimetry,Table 1,3,313.15,40,0.30,2,0.576,temperature-differential; loading-semi-differential,56.821,45.373,,,,,2.2,reported_positive_heat_release_magnitude,true,,,,calibration,Kim and Svendsen 2007 | Table 1 | 313.15 | 0.30 | 2,kim2007_t40_r2_0.543,0.543,,preceding_observation_endpoint
kim2007_t40_r2_0.604,Kim and Svendsen 2007,10.1021/ie0616489,primary_direct_calorimetry,Table 1,3,313.15,40,0.30,2,0.604,temperature-differential; loading-semi-differential,51.026,46.839,,,,,2.2,reported_positive_heat_release_magnitude,true,,,,calibration,Kim and Svendsen 2007 | Table 1 | 313.15 | 0.30 | 2,kim2007_t40_r2_0.576,0.576,,preceding_observation_endpoint
kim2007_t40_r2_0.634,Kim and Svendsen 2007,10.1021/ie0616489,primary_direct_calorimetry,Table 1,3,313.15,40,0.30,2,0.634,temperature-differential; loading-semi-differential,40.417,48.018,,,,,2.2,reported_positive_heat_release_magnitude,true,,,,calibration,Kim and Svendsen 2007 | Table 1 | 313.15 | 0.30 | 2,kim2007_t40_r2_0.604,0.604,,preceding_observation_endpoint
kim2007_t40_r2_0.651,Kim and Svendsen 2007,10.1021/ie0616489,primary_direct_calorimetry,Table 1,3,313.15,40,0.30,2,0.651,temperature-differential; loading-semi-differential,35.974,48.663,,,,,2.2,reported_positive_heat_release_magnitude,true,,,,calibration,Kim and Svendsen 2007 | Table 1 | 313.15 | 0.30 | 2,kim2007_t40_r2_0.634,0.634,,preceding_observation_endpoint
kim2007_t40_r2_0.678,Kim and Svendsen 2007,10.1021/ie0616489,primary_direct_calorimetry,Table 1,3,313.15,40,0.30,2,0.678,temperature-differential; loading-semi-differential,32.71,49.534,,,,,2.2,reported_positive_heat_release_magnitude,true,,,,calibration,Kim and Svendsen 2007 | Table 1 | 313.15 | 0.30 | 2,kim2007_t40_r2_0.651,0.651,,preceding_observation_endpoint
kim2007_t80_r1_0.047,Kim and Svendsen 2007,10.1021/ie0616489,primary_direct_calorimetry,Table 2,3,353.15,80,0.30,1,0.047,temperature-differential; loading-semi-differential,93.363,4.388,,,,,2.2,reported_positive_heat_release_magnitude,true,,,,calibration,Kim and Svendsen 2007 | Table 2 | 353.15 | 0.30 | 1,assumed_start_loading_0.003,0.003,,assumed_start_loading
kim2007_t80_r1_0.090,Kim and Svendsen 2007,10.1021/ie0616489,primary_direct_calorimetry,Table 2,3,353.15,80,0.30,1,0.09,temperature-differential; loading-semi-differential,90.904,8.335,,,,,2.2,reported_positive_heat_release_magnitude,true,,,,calibration,Kim and Svendsen 2007 | Table 2 | 353.15 | 0.30 | 1,kim2007_t80_r1_0.047,0.047,,preceding_observation_endpoint
kim2007_t80_r1_0.159,Kim and Svendsen 2007,10.1021/ie0616489,primary_direct_calorimetry,Table 2,3,353.15,80,0.30,1,0.159,temperature-differential; loading-semi-differential,93.74,14.734,,,,,2.2,reported_positive_heat_release_magnitude,true,,,,calibration,Kim and Svendsen 2007 | Table 2 | 353.15 | 0.30 | 1,kim2007_t80_r1_0.090,0.09,,preceding_observation_endpoint
kim2007_t80_r1_0.203,Kim and Svendsen 2007,10.1021/ie0616489,primary_direct_calorimetry,Table 2,3,353.15,80,0.30,1,0.203,temperature-differential; loading-semi-differential,93.072,18.884,,,,,2.2,reported_positive_heat_release_magnitude,true,,,,calibration,Kim and Svendsen 2007 | Table 2 | 353.15 | 0.30 | 1,kim2007_t80_r1_0.159,0.159,,preceding_observation_endpoint
kim2007_t80_r1_0.242,Kim and Svendsen 2007,10.1021/ie0616489,primary_direct_calorimetry,Table 2,3,353.15,80,0.30,1,0.242,temperature-differential; loading-semi-differential,90.456,22.376,,,,,2.2,reported_positive_heat_release_magnitude,true,,,,calibration,Kim and Svendsen 2007 | Table 2 | 353.15 | 0.30 | 1,kim2007_t80_r1_0.203,0.203,,preceding_observation_endpoint
kim2007_t80_r1_0.282,Kim and Svendsen 2007,10.1021/ie0616489,primary_direct_calorimetry,Table 2,3,353.15,80,0.30,1,0.282,temperature-differential; loading-semi-differential,92.071,26.078,,,,,2.2,reported_positive_heat_release_magnitude,true,,,,calibration,Kim and Svendsen 2007 | Table 2 | 353.15 | 0.30 | 1,kim2007_t80_r1_0.242,0.242,,preceding_observation_endpoint
kim2007_t80_r1_0.333,Kim and Svendsen 2007,10.1021/ie0616489,primary_direct_calorimetry,Table 2,3,353.15,80,0.30,1,0.333,temperature-differential; loading-semi-differential,90.846,30.702,,,,,2.2,reported_positive_heat_release_magnitude,true,,,,calibration,Kim and Svendsen 2007 | Table 2 | 353.15 | 0.30 | 1,kim2007_t80_r1_0.282,0.282,,preceding_observation_endpoint
kim2007_t80_r1_0.378,Kim and Svendsen 2007,10.1021/ie0616489,primary_direct_calorimetry,Table 2,3,353.15,80,0.30,1,0.378,temperature-differential; loading-semi-differential,92.954,34.914,,,,,2.2,reported_positive_heat_release_magnitude,true,,,,calibration,Kim and Svendsen 2007 | Table 2 | 353.15 | 0.30 | 1,kim2007_t80_r1_0.333,0.333,,preceding_observation_endpoint
kim2007_t80_r1_0.423,Kim and Svendsen 2007,10.1021/ie0616489,primary_direct_calorimetry,Table 2,3,353.15,80,0.30,1,0.423,temperature-differential; loading-semi-differential,94.039,39.114,,,,,2.2,reported_positive_heat_release_magnitude,true,,,,calibration,Kim and Svendsen 2007 | Table 2 | 353.15 | 0.30 | 1,kim2007_t80_r1_0.378,0.378,,preceding_observation_endpoint
kim2007_t80_r1_0.464,Kim and Svendsen 2007,10.1021/ie0616489,primary_direct_calorimetry,Table 2,3,353.15,80,0.30,1,0.464,temperature-differential; loading-semi-differential,93.691,42.935,,,,,2.2,reported_positive_heat_release_magnitude,true,,,,calibration,Kim and Svendsen 2007 | Table 2 | 353.15 | 0.30 | 1,kim2007_t80_r1_0.423,0.423,,preceding_observation_endpoint
kim2007_t80_r1_0.504,Kim and Svendsen 2007,10.1021/ie0616489,primary_direct_calorimetry,Table 2,3,353.15,80,0.30,1,0.504,temperature-differential; loading-semi-differential,96.132,46.809,,,,,2.2,reported_positive_heat_release_magnitude,true,,,,calibration,Kim and Svendsen 2007 | Table 2 | 353.15 | 0.30 | 1,kim2007_t80_r1_0.464,0.464,,preceding_observation_endpoint
kim2007_t80_r1_0.545,Kim and Svendsen 2007,10.1021/ie0616489,primary_direct_calorimetry,Table 2,3,353.15,80,0.30,1,0.545,temperature-differential; loading-semi-differential,85.178,50.31,,,,,2.2,reported_positive_heat_release_magnitude,true,,,,calibration,Kim and Svendsen 2007 | Table 2 | 353.15 | 0.30 | 1,kim2007_t80_r1_0.504,0.504,,preceding_observation_endpoint
kim2007_t80_r1_0.583,Kim and Svendsen 2007,10.1021/ie0616489,primary_direct_calorimetry,Table 2,3,353.15,80,0.30,1,0.583,temperature-differential; loading-semi-differential,67.069,52.864,,,,,2.2,reported_positive_heat_release_magnitude,true,,,,calibration,Kim and Svendsen 2007 | Table 2 | 353.15 | 0.30 | 1,kim2007_t80_r1_0.545,0.545,,preceding_observation_endpoint
kim2007_t80_r1_0.621,Kim and Svendsen 2007,10.1021/ie0616489,primary_direct_calorimetry,Table 2,3,353.15,80,0.30,1,0.621,temperature-differential; loading-semi-differential,54.808,54.946,,,,,2.2,reported_positive_heat_release_magnitude,true,,,,calibration,Kim and Svendsen 2007 | Table 2 | 353.15 | 0.30 | 1,kim2007_t80_r1_0.583,0.583,,preceding_observation_endpoint
kim2007_t80_r1_0.648,Kim and Svendsen 2007,10.1021/ie0616489,primary_direct_calorimetry,Table 2,3,353.15,80,0.30,1,0.648,temperature-differential; loading-semi-differential,36.984,55.925,,,,,2.2,reported_positive_heat_release_magnitude,true,,,,calibration,Kim and Svendsen 2007 | Table 2 | 353.15 | 0.30 | 1,kim2007_t80_r1_0.621,0.621,,preceding_observation_endpoint
kim2007_t80_r2_0.043,Kim and Svendsen 2007,10.1021/ie0616489,primary_direct_calorimetry,Table 2,3,353.15,80,0.30,2,0.043,temperature-differential; loading-semi-differential,95.258,4.047,,,,,2.2,reported_positive_heat_release_magnitude,true,,,,calibration,Kim and Svendsen 2007 | Table 2 | 353.15 | 0.30 | 2,assumed_start_loading_0.003,0.003,,assumed_start_loading
kim2007_t80_r2_0.092,Kim and Svendsen 2007,10.1021/ie0616489,primary_direct_calorimetry,Table 2,3,353.15,80,0.30,2,0.092,temperature-differential; loading-semi-differential,91.558,8.565,,,,,2.2,reported_positive_heat_release_magnitude,true,,,,calibration,Kim and Svendsen 2007 | Table 2 | 353.15 | 0.30 | 2,kim2007_t80_r2_0.043,0.043,,preceding_observation_endpoint
kim2007_t80_r2_0.137,Kim and Svendsen 2007,10.1021/ie0616489,primary_direct_calorimetry,Table 2,3,353.15,80,0.30,2,0.137,temperature-differential; loading-semi-differential,87.308,12.496,,,,,2.2,reported_positive_heat_release_magnitude,true,,,,calibration,Kim and Svendsen 2007 | Table 2 | 353.15 | 0.30 | 2,kim2007_t80_r2_0.092,0.092,,preceding_observation_endpoint
kim2007_t80_r2_0.181,Kim and Svendsen 2007,10.1021/ie0616489,primary_direct_calorimetry,Table 2,3,353.15,80,0.30,2,0.181,temperature-differential; loading-semi-differential,95.685,16.705,,,,,2.2,reported_positive_heat_release_magnitude,true,,,,calibration,Kim and Svendsen 2007 | Table 2 | 353.15 | 0.30 | 2,kim2007_t80_r2_0.137,0.137,,preceding_observation_endpoint
kim2007_t80_r2_0.225,Kim and Svendsen 2007,10.1021/ie0616489,primary_direct_calorimetry,Table 2,3,353.15,80,0.30,2,0.225,temperature-differential; loading-semi-differential,90.069,20.702,,,,,2.2,reported_positive_heat_release_magnitude,true,,,,calibration,Kim and Svendsen 2007 | Table 2 | 353.15 | 0.30 | 2,kim2007_t80_r2_0.181,0.181,,preceding_observation_endpoint
kim2007_t80_r2_0.276,Kim and Svendsen 2007,10.1021/ie0616489,primary_direct_calorimetry,Table 2,3,353.15,80,0.30,2,0.276,temperature-differential; loading-semi-differential,95.604,25.566,,,,,2.2,reported_positive_heat_release_magnitude,true,,,,calibration,Kim and Svendsen 2007 | Table 2 | 353.15 | 0.30 | 2,kim2007_t80_r2_0.225,0.225,,preceding_observation_endpoint
kim2007_t80_r2_0.326,Kim and Svendsen 2007,10.1021/ie0616489,primary_direct_calorimetry,Table 2,3,353.15,80,0.30,2,0.326,temperature-differential; loading-semi-differential,96.949,30.409,,,,,2.2,reported_positive_heat_release_magnitude,true,,,,calibration,Kim and Svendsen 2007 | Table 2 | 353.15 | 0.30 | 2,kim2007_t80_r2_0.276,0.276,,preceding_observation_endpoint
kim2007_t80_r2_0.375,Kim and Svendsen 2007,10.1021/ie0616489,primary_direct_calorimetry,Table 2,3,353.15,80,0.30,2,0.375,temperature-differential; loading-semi-differential,94.175,34.968,,,,,2.2,reported_positive_heat_release_magnitude,true,,,,calibration,Kim and Svendsen 2007 | Table 2 | 353.15 | 0.30 | 2,kim2007_t80_r2_0.326,0.326,,preceding_observation_endpoint
kim2007_t80_r2_0.424,Kim and Svendsen 2007,10.1021/ie0616489,primary_direct_calorimetry,Table 2,3,353.15,80,0.30,2,0.424,temperature-differential; loading-semi-differential,94.533,39.666,,,,,2.2,reported_positive_heat_release_magnitude,true,,,,calibration,Kim and Svendsen 2007 | Table 2 | 353.15 | 0.30 | 2,kim2007_t80_r2_0.375,0.375,,preceding_observation_endpoint
kim2007_t80_r2_0.472,Kim and Svendsen 2007,10.1021/ie0616489,primary_direct_calorimetry,Table 2,3,353.15,80,0.30,2,0.472,temperature-differential; loading-semi-differential,98.246,44.363,,,,,2.2,reported_positive_heat_release_magnitude,true,,,,calibration,Kim and Svendsen 2007 | Table 2 | 353.15 | 0.30 | 2,kim2007_t80_r2_0.424,0.424,,preceding_observation_endpoint
kim2007_t80_r2_0.518,Kim and Svendsen 2007,10.1021/ie0616489,primary_direct_calorimetry,Table 2,3,353.15,80,0.30,2,0.518,temperature-differential; loading-semi-differential,86.77,48.359,,,,,2.2,reported_positive_heat_release_magnitude,true,,,,calibration,Kim and Svendsen 2007 | Table 2 | 353.15 | 0.30 | 2,kim2007_t80_r2_0.472,0.472,,preceding_observation_endpoint
kim2007_t80_r2_0.570,Kim and Svendsen 2007,10.1021/ie0616489,primary_direct_calorimetry,Table 2,3,353.15,80,0.30,2,0.57,temperature-differential; loading-semi-differential,68.329,51.887,,,,,2.2,reported_positive_heat_release_magnitude,true,,,,calibration,Kim and Svendsen 2007 | Table 2 | 353.15 | 0.30 | 2,kim2007_t80_r2_0.518,0.518,,preceding_observation_endpoint
kim2007_t80_r2_0.594,Kim and Svendsen 2007,10.1021/ie0616489,primary_direct_calorimetry,Table 2,3,353.15,80,0.30,2,0.594,temperature-differential; loading-semi-differential,55.471,53.237,,,,,2.2,reported_positive_heat_release_magnitude,true,,,,calibration,Kim and Svendsen 2007 | Table 2 | 353.15 | 0.30 | 2,kim2007_t80_r2_0.570,0.57,,preceding_observation_endpoint
kim2007_t80_r2_0.605,Kim and Svendsen 2007,10.1021/ie0616489,primary_direct_calorimetry,Table 2,3,353.15,80,0.30,2,0.605,temperature-differential; loading-semi-differential,42.259,53.699,,,,,2.2,reported_positive_heat_release_magnitude,true,,,,calibration,Kim and Svendsen 2007 | Table 2 | 353.15 | 0.30 | 2,kim2007_t80_r2_0.594,0.594,,preceding_observation_endpoint
kim2007_t120_r1_0.051,Kim and Svendsen 2007,10.1021/ie0616489,primary_direct_calorimetry,Table 3,3,393.15,120,0.30,1,0.051,temperature-differential; loading-semi-differential,158.737,8.118,,,,,2.2,reported_positive_heat_release_magnitude,true,First point explicitly omitted from source integration. integral-construction only; printed differential158.737 retained; primary20-at120C cohort and prior adoption unchanged.,author_integral_construction_omission,integral-construction only; printed differential158.737 retained,temperature_holdout,Kim and Svendsen 2007 | Table 3 | 393.15 | 0.30 | 1,assumed_start_loading_0.003,0.003,,assumed_start_loading
kim2007_t120_r1_0.105,Kim and Svendsen 2007,10.1021/ie0616489,primary_direct_calorimetry,Table 3,3,393.15,120,0.30,1,0.105,temperature-differential; loading-semi-differential,110.897,14.127,,,,,2.2,reported_positive_heat_release_magnitude,true,,,,temperature_holdout,Kim and Svendsen 2007 | Table 3 | 393.15 | 0.30 | 1,kim2007_t120_r1_0.051,0.051,,preceding_observation_endpoint
kim2007_t120_r1_0.152,Kim and Svendsen 2007,10.1021/ie0616489,primary_direct_calorimetry,Table 3,3,393.15,120,0.30,1,0.152,temperature-differential; loading-semi-differential,114.335,19.48,,,,,2.2,reported_positive_heat_release_magnitude,true,,,,temperature_holdout,Kim and Svendsen 2007 | Table 3 | 393.15 | 0.30 | 1,kim2007_t120_r1_0.105,0.105,,preceding_observation_endpoint
kim2007_t120_r1_0.228,Kim and Svendsen 2007,10.1021/ie0616489,primary_direct_calorimetry,Table 3,3,393.15,120,0.30,1,0.228,temperature-differential; loading-semi-differential,113.214,28.024,,,,,2.2,reported_positive_heat_release_magnitude,true,,,,temperature_holdout,Kim and Svendsen 2007 | Table 3 | 393.15 | 0.30 | 1,kim2007_t120_r1_0.152,0.152,,preceding_observation_endpoint
kim2007_t120_r1_0.271,Kim and Svendsen 2007,10.1021/ie0616489,primary_direct_calorimetry,Table 3,3,393.15,120,0.30,1,0.271,temperature-differential; loading-semi-differential,112.343,32.883,,,,,2.2,reported_positive_heat_release_magnitude,true,,,,temperature_holdout,Kim and Svendsen 2007 | Table 3 | 393.15 | 0.30 | 1,kim2007_t120_r1_0.228,0.228,,preceding_observation_endpoint
kim2007_t120_r1_0.339,Kim and Svendsen 2007,10.1021/ie0616489,primary_direct_calorimetry,Table 3,3,393.15,120,0.30,1,0.339,temperature-differential; loading-semi-differential,106.998,40.122,,,,,2.2,reported_positive_heat_release_magnitude,true,,,,temperature_holdout,Kim and Svendsen 2007 | Table 3 | 393.15 | 0.30 | 1,kim2007_t120_r1_0.271,0.271,,preceding_observation_endpoint
kim2007_t120_r1_0.390,Kim and Svendsen 2007,10.1021/ie0616489,primary_direct_calorimetry,Table 3,3,393.15,120,0.30,1,0.39,temperature-differential; loading-semi-differential,105.631,45.502,,,,,2.2,reported_positive_heat_release_magnitude,true,,,,temperature_holdout,Kim and Svendsen 2007 | Table 3 | 393.15 | 0.30 | 1,kim2007_t120_r1_0.339,0.339,,preceding_observation_endpoint
kim2007_t120_r1_0.439,Kim and Svendsen 2007,10.1021/ie0616489,primary_direct_calorimetry,Table 3,3,393.15,120,0.30,1,0.439,temperature-differential; loading-semi-differential,105.515,50.713,,,,,2.2,reported_positive_heat_release_magnitude,true,,,,temperature_holdout,Kim and Svendsen 2007 | Table 3 | 393.15 | 0.30 | 1,kim2007_t120_r1_0.390,0.39,,preceding_observation_endpoint
kim2007_t120_r1_0.489,Kim and Svendsen 2007,10.1021/ie0616489,primary_direct_calorimetry,Table 3,3,393.15,120,0.30,1,0.489,temperature-differential; loading-semi-differential,80.834,54.764,,,,,2.2,reported_positive_heat_release_magnitude,true,,,,temperature_holdout,Kim and Svendsen 2007 | Table 3 | 393.15 | 0.30 | 1,kim2007_t120_r1_0.439,0.439,,preceding_observation_endpoint
kim2007_t120_r1_0.514,Kim and Svendsen 2007,10.1021/ie0616489,primary_direct_calorimetry,Table 3,3,393.15,120,0.30,1,0.514,temperature-differential; loading-semi-differential,39.388,55.734,,,,,2.2,reported_positive_heat_release_magnitude,true,,,,temperature_holdout,Kim and Svendsen 2007 | Table 3 | 393.15 | 0.30 | 1,kim2007_t120_r1_0.489,0.489,,preceding_observation_endpoint
kim2007_t120_r2_0.036,Kim and Svendsen 2007,10.1021/ie0616489,primary_direct_calorimetry,Table 3,3,393.15,120,0.30,2,0.036,temperature-differential; loading-semi-differential,156.314,5.576,,,,,2.2,reported_positive_heat_release_magnitude,true,First point explicitly omitted from source integration. integral-construction only; printed differential156.314 retained; primary20-at120C cohort and prior adoption unchanged.,author_integral_construction_omission,integral-construction only; printed differential156.314 retained,temperature_holdout,Kim and Svendsen 2007 | Table 3 | 393.15 | 0.30 | 2,assumed_start_loading_0.003,0.003,,assumed_start_loading
kim2007_t120_r2_0.078,Kim and Svendsen 2007,10.1021/ie0616489,primary_direct_calorimetry,Table 3,3,393.15,120,0.30,2,0.078,temperature-differential; loading-semi-differential,112.0,10.685,,,,,2.2,reported_positive_heat_release_magnitude,true,,,,temperature_holdout,Kim and Svendsen 2007 | Table 3 | 393.15 | 0.30 | 2,kim2007_t120_r2_0.036,0.036,,preceding_observation_endpoint
kim2007_t120_r2_0.121,Kim and Svendsen 2007,10.1021/ie0616489,primary_direct_calorimetry,Table 3,3,393.15,120,0.30,2,0.121,temperature-differential; loading-semi-differential,97.529,14.803,,,,,2.2,reported_positive_heat_release_magnitude,true,,,,temperature_holdout,Kim and Svendsen 2007 | Table 3 | 393.15 | 0.30 | 2,kim2007_t120_r2_0.078,0.078,,preceding_observation_endpoint
kim2007_t120_r2_0.163,Kim and Svendsen 2007,10.1021/ie0616489,primary_direct_calorimetry,Table 3,3,393.15,120,0.30,2,0.163,temperature-differential; loading-semi-differential,113.256,19.635,,,,,2.2,reported_positive_heat_release_magnitude,true,,,,temperature_holdout,Kim and Svendsen 2007 | Table 3 | 393.15 | 0.30 | 2,kim2007_t120_r2_0.121,0.121,,preceding_observation_endpoint
kim2007_t120_r2_0.211,Kim and Svendsen 2007,10.1021/ie0616489,primary_direct_calorimetry,Table 3,3,393.15,120,0.30,2,0.211,temperature-differential; loading-semi-differential,118.841,25.262,,,,,2.2,reported_positive_heat_release_magnitude,true,,,,temperature_holdout,Kim and Svendsen 2007 | Table 3 | 393.15 | 0.30 | 2,kim2007_t120_r2_0.163,0.163,,preceding_observation_endpoint
kim2007_t120_r2_0.261,Kim and Svendsen 2007,10.1021/ie0616489,primary_direct_calorimetry,Table 3,3,393.15,120,0.30,2,0.261,temperature-differential; loading-semi-differential,102.4,30.411,,,,,2.2,reported_positive_heat_release_magnitude,true,,,,temperature_holdout,Kim and Svendsen 2007 | Table 3 | 393.15 | 0.30 | 2,kim2007_t120_r2_0.211,0.211,,preceding_observation_endpoint
kim2007_t120_r2_0.310,Kim and Svendsen 2007,10.1021/ie0616489,primary_direct_calorimetry,Table 3,3,393.15,120,0.30,2,0.31,temperature-differential; loading-semi-differential,105.125,35.568,,,,,2.2,reported_positive_heat_release_magnitude,true,,,,temperature_holdout,Kim and Svendsen 2007 | Table 3 | 393.15 | 0.30 | 2,kim2007_t120_r2_0.261,0.261,,preceding_observation_endpoint
kim2007_t120_r2_0.365,Kim and Svendsen 2007,10.1021/ie0616489,primary_direct_calorimetry,Table 3,3,393.15,120,0.30,2,0.365,temperature-differential; loading-semi-differential,103.33,41.276,,,,,2.2,reported_positive_heat_release_magnitude,true,,,,temperature_holdout,Kim and Svendsen 2007 | Table 3 | 393.15 | 0.30 | 2,kim2007_t120_r2_0.310,0.31,,preceding_observation_endpoint
kim2007_t120_r2_0.410,Kim and Svendsen 2007,10.1021/ie0616489,primary_direct_calorimetry,Table 3,3,393.15,120,0.30,2,0.41,temperature-differential; loading-semi-differential,108.042,46.085,,,,,2.2,reported_positive_heat_release_magnitude,true,,,,temperature_holdout,Kim and Svendsen 2007 | Table 3 | 393.15 | 0.30 | 2,kim2007_t120_r2_0.365,0.365,,preceding_observation_endpoint
kim2007_t120_r2_0.445,Kim and Svendsen 2007,10.1021/ie0616489,primary_direct_calorimetry,Table 3,3,393.15,120,0.30,2,0.445,temperature-differential; loading-semi-differential,9.562,49.43,,,,,2.2,reported_positive_heat_release_magnitude,true,Source reports semi-differential 9.562 kJ/mol CO2; discontinuous with neighboring values and likely a source typo; preserved verbatim. printed differential9.562 retained; approx95.6 arithmetic is not an observation or author anomaly; primary20-at120C cohort and prior adoption unchanged.,project_suspected_print_typo,printed differential9.562 retained; approx95.6 arithmetic is not an observation or author anomaly,temperature_holdout,Kim and Svendsen 2007 | Table 3 | 393.15 | 0.30 | 2,kim2007_t120_r2_0.410,0.41,,preceding_observation_endpoint
kim2014_30wt_t40_0.06,Kim et al. 2014,10.1016/j.egypro.2014.11.154,primary_direct_calorimetry,Table A1-1,10,313.15,40,0.30,,0.06,temperature-differential; loading-semi-differential,84.03,4.69,-0.54,,,,,reported_positive_heat_release_magnitude,true,Negative pCO2 is the source's vapor-pressure-subtraction result and is not a physical pressure target.,,,model_selection_comparison,Kim et al. 2014 | Table A1-1 | 313.15 | 0.30 | reported_series,assumed_start_loading_0.003,0.003,,assumed_start_loading
kim2014_30wt_t40_0.15,Kim et al. 2014,10.1016/j.egypro.2014.11.154,primary_direct_calorimetry,Table A1-1,10,313.15,40,0.30,,0.15,temperature-differential; loading-semi-differential,84.36,12.23,-0.87,,,,,reported_positive_heat_release_magnitude,true,Negative pCO2 is the source's vapor-pressure-subtraction result and is not a physical pressure target.,,,model_selection_comparison,Kim et al. 2014 | Table A1-1 | 313.15 | 0.30 | reported_series,kim2014_30wt_t40_0.06,0.06,,preceding_observation_endpoint
kim2014_30wt_t40_0.23,Kim et al. 2014,10.1016/j.egypro.2014.11.154,primary_direct_calorimetry,Table A1-1,10,313.15,40,0.30,,0.23,temperature-differential; loading-semi-differential,85.44,19.19,-0.98,,,,,reported_positive_heat_release_magnitude,true,Negative pCO2 is the source's vapor-pressure-subtraction result and is not a physical pressure target.,,,model_selection_comparison,Kim et al. 2014 | Table A1-1 | 313.15 | 0.30 | reported_series,kim2014_30wt_t40_0.15,0.15,,preceding_observation_endpoint
kim2014_30wt_t40_0.31,Kim et al. 2014,10.1016/j.egypro.2014.11.154,primary_direct_calorimetry,Table A1-1,10,313.15,40,0.30,,0.31,temperature-differential; loading-semi-differential,85.36,26.2,-1.41,,,,,reported_positive_heat_release_magnitude,true,Negative pCO2 is the source's vapor-pressure-subtraction result and is not a physical pressure target.,,,model_selection_comparison,Kim et al. 2014 | Table A1-1 | 313.15 | 0.30 | reported_series,kim2014_30wt_t40_0.23,0.23,,preceding_observation_endpoint
kim2014_30wt_t40_0.39,Kim et al. 2014,10.1016/j.egypro.2014.11.154,primary_direct_calorimetry,Table A1-1,10,313.15,40,0.30,,0.39,temperature-differential; loading-semi-differential,85.76,32.83,-1.41,,,,,reported_positive_heat_release_magnitude,true,Negative pCO2 is the source's vapor-pressure-subtraction result and is not a physical pressure target.,,,model_selection_comparison,Kim et al. 2014 | Table A1-1 | 313.15 | 0.30 | reported_series,kim2014_30wt_t40_0.31,0.31,,preceding_observation_endpoint
kim2014_30wt_t40_0.44,Kim et al. 2014,10.1016/j.egypro.2014.11.154,primary_direct_calorimetry,Table A1-1,10,313.15,40,0.30,,0.44,temperature-differential; loading-semi-differential,81.55,37.44,-1.41,,,,,reported_positive_heat_release_magnitude,true,Negative pCO2 is the source's vapor-pressure-subtraction result and is not a physical pressure target.,,,model_selection_comparison,Kim et al. 2014 | Table A1-1 | 313.15 | 0.30 | reported_series,kim2014_30wt_t40_0.39,0.39,,preceding_observation_endpoint
kim2014_30wt_t40_0.51,Kim et al. 2014,10.1016/j.egypro.2014.11.154,primary_direct_calorimetry,Table A1-1,10,313.15,40,0.30,,0.51,temperature-differential; loading-semi-differential,71.3,42.05,3.8,,,,,reported_positive_heat_release_magnitude,true,,,,model_selection_comparison,Kim et al. 2014 | Table A1-1 | 313.15 | 0.30 | reported_series,kim2014_30wt_t40_0.44,0.44,,preceding_observation_endpoint
kim2014_30wt_t40_0.56,Kim et al. 2014,10.1016/j.egypro.2014.11.154,primary_direct_calorimetry,Table A1-1,10,313.15,40,0.30,,0.56,temperature-differential; loading-semi-differential,48.6,44.6,28.54,,,,,reported_positive_heat_release_magnitude,true,,,,model_selection_comparison,Kim et al. 2014 | Table A1-1 | 313.15 | 0.30 | reported_series,kim2014_30wt_t40_0.51,0.51,,preceding_observation_endpoint
kim2014_30wt_t40_0.61,Kim et al. 2014,10.1016/j.egypro.2014.11.154,primary_direct_calorimetry,Table A1-1,10,313.15,40,0.30,,0.61,temperature-differential; loading-semi-differential,40.24,46.6,91.96,,,,,reported_positive_heat_release_magnitude,true,,,,model_selection_comparison,Kim et al. 2014 | Table A1-1 | 313.15 | 0.30 | reported_series,kim2014_30wt_t40_0.56,0.56,,preceding_observation_endpoint
kim2014_30wt_t40_0.65,Kim et al. 2014,10.1016/j.egypro.2014.11.154,primary_direct_calorimetry,Table A1-1,10,313.15,40,0.30,,0.65,temperature-differential; loading-semi-differential,36.67,48.23,192.83,,,,,reported_positive_heat_release_magnitude,true,,,,model_selection_comparison,Kim et al. 2014 | Table A1-1 | 313.15 | 0.30 | reported_series,kim2014_30wt_t40_0.61,0.61,,preceding_observation_endpoint
kim2014_30wt_t40_0.69,Kim et al. 2014,10.1016/j.egypro.2014.11.154,primary_direct_calorimetry,Table A1-1,10,313.15,40,0.30,,0.69,temperature-differential; loading-semi-differential,35.51,49.45,308.14,,,,,reported_positive_heat_release_magnitude,true,,,,model_selection_comparison,Kim et al. 2014 | Table A1-1 | 313.15 | 0.30 | reported_series,kim2014_30wt_t40_0.65,0.65,,preceding_observation_endpoint
kim2014_30wt_t80_0.06,Kim et al. 2014,10.1016/j.egypro.2014.11.154,primary_direct_calorimetry,Table A1-1,10,353.15,80,0.30,,0.06,temperature-differential; loading-semi-differential,88.55,5.67,-0.97,,,,,reported_positive_heat_release_magnitude,true,Negative pCO2 is the source's vapor-pressure-subtraction result and is not a physical pressure target.,,,model_selection_comparison,Kim et al. 2014 | Table A1-1 | 353.15 | 0.30 | reported_series,assumed_start_loading_0.003,0.003,,assumed_start_loading
kim2014_30wt_t80_0.14,Kim et al. 2014,10.1016/j.egypro.2014.11.154,primary_direct_calorimetry,Table A1-1,10,353.15,80,0.30,,0.14,temperature-differential; loading-semi-differential,88.25,11.93,-1.19,,,,,reported_positive_heat_release_magnitude,true,Negative pCO2 is the source's vapor-pressure-subtraction result and is not a physical pressure target.,,,model_selection_comparison,Kim et al. 2014 | Table A1-1 | 353.15 | 0.30 | reported_series,kim2014_30wt_t80_0.06,0.06,,preceding_observation_endpoint
kim2014_30wt_t80_0.20,Kim et al. 2014,10.1016/j.egypro.2014.11.154,primary_direct_calorimetry,Table A1-1,10,353.15,80,0.30,,0.2,temperature-differential; loading-semi-differential,88.52,18.12,-1.62,,,,,reported_positive_heat_release_magnitude,true,Negative pCO2 is the source's vapor-pressure-subtraction result and is not a physical pressure target.,,,model_selection_comparison,Kim et al. 2014 | Table A1-1 | 353.15 | 0.30 | reported_series,kim2014_30wt_t80_0.14,0.14,,preceding_observation_endpoint
kim2014_30wt_t80_0.28,Kim et al. 2014,10.1016/j.egypro.2014.11.154,primary_direct_calorimetry,Table A1-1,10,353.15,80,0.30,,0.28,temperature-differential; loading-semi-differential,88.05,24.79,-0.76,,,,,reported_positive_heat_release_magnitude,true,Negative pCO2 is the source's vapor-pressure-subtraction result and is not a physical pressure target.,,,model_selection_comparison,Kim et al. 2014 | Table A1-1 | 353.15 | 0.30 | reported_series,kim2014_30wt_t80_0.20,0.2,,preceding_observation_endpoint
kim2014_30wt_t80_0.36,Kim et al. 2014,10.1016/j.egypro.2014.11.154,primary_direct_calorimetry,Table A1-1,10,353.15,80,0.30,,0.36,temperature-differential; loading-semi-differential,88.27,31.43,1.62,,,,,reported_positive_heat_release_magnitude,true,,,,model_selection_comparison,Kim et al. 2014 | Table A1-1 | 353.15 | 0.30 | reported_series,kim2014_30wt_t80_0.28,0.28,,preceding_observation_endpoint
kim2014_30wt_t80_0.45,Kim et al. 2014,10.1016/j.egypro.2014.11.154,primary_direct_calorimetry,Table A1-1,10,353.15,80,0.30,,0.45,temperature-differential; loading-semi-differential,85.55,39.28,18.14,,,,,reported_positive_heat_release_magnitude,true,,,,model_selection_comparison,Kim et al. 2014 | Table A1-1 | 353.15 | 0.30 | reported_series,kim2014_30wt_t80_0.36,0.36,,preceding_observation_endpoint
kim2014_30wt_t80_0.50,Kim et al. 2014,10.1016/j.egypro.2014.11.154,primary_direct_calorimetry,Table A1-1,10,353.15,80,0.30,,0.5,temperature-differential; loading-semi-differential,73.71,43.02,61.19,,,,,reported_positive_heat_release_magnitude,true,,,,model_selection_comparison,Kim et al. 2014 | Table A1-1 | 353.15 | 0.30 | reported_series,kim2014_30wt_t80_0.45,0.45,,preceding_observation_endpoint
kim2014_30wt_t80_0.55,Kim et al. 2014,10.1016/j.egypro.2014.11.154,primary_direct_calorimetry,Table A1-1,10,353.15,80,0.30,,0.55,temperature-differential; loading-semi-differential,58.94,46.3,214.2,,,,,reported_positive_heat_release_magnitude,true,,,,model_selection_comparison,Kim et al. 2014 | Table A1-1 | 353.15 | 0.30 | reported_series,kim2014_30wt_t80_0.50,0.5,,preceding_observation_endpoint
kim2014_30wt_t80_0.58,Kim et al. 2014,10.1016/j.egypro.2014.11.154,primary_direct_calorimetry,Table A1-1,10,353.15,80,0.30,,0.58,temperature-differential; loading-semi-differential,51.05,47.8,380.96,,,,,reported_positive_heat_release_magnitude,true,,,,model_selection_comparison,Kim et al. 2014 | Table A1-1 | 353.15 | 0.30 | reported_series,kim2014_30wt_t80_0.55,0.55,,preceding_observation_endpoint
kim2014_30wt_t120_0.07,Kim et al. 2014,10.1016/j.egypro.2014.11.154,primary_direct_calorimetry,Table A1-1,10,393.15,120,0.30,,0.07,temperature-differential; loading-semi-differential,99.08,6.98,1.26,,,,,reported_positive_heat_release_magnitude,true,,,,model_selection_comparison,Kim et al. 2014 | Table A1-1 | 393.15 | 0.30 | reported_series,assumed_start_loading_0.003,0.003,,assumed_start_loading
kim2014_30wt_t120_0.16,Kim et al. 2014,10.1016/j.egypro.2014.11.154,primary_direct_calorimetry,Table A1-1,10,393.15,120,0.30,,0.16,temperature-differential; loading-semi-differential,96.95,16.06,7.65,,,,,reported_positive_heat_release_magnitude,true,,,,model_selection_comparison,Kim et al. 2014 | Table A1-1 | 393.15 | 0.30 | reported_series,kim2014_30wt_t120_0.07,0.07,,preceding_observation_endpoint
kim2014_30wt_t120_0.25,Kim et al. 2014,10.1016/j.egypro.2014.11.154,primary_direct_calorimetry,Table A1-1,10,393.15,120,0.30,,0.25,temperature-differential; loading-semi-differential,100.77,24.27,21.32,,,,,reported_positive_heat_release_magnitude,true,,,,model_selection_comparison,Kim et al. 2014 | Table A1-1 | 393.15 | 0.30 | reported_series,kim2014_30wt_t120_0.16,0.16,,preceding_observation_endpoint
kim2014_30wt_t120_0.33,Kim et al. 2014,10.1016/j.egypro.2014.11.154,primary_direct_calorimetry,Table A1-1,10,393.15,120,0.30,,0.33,temperature-differential; loading-semi-differential,99.28,32.3,54.28,,,,,reported_positive_heat_release_magnitude,true,,,,model_selection_comparison,Kim et al. 2014 | Table A1-1 | 393.15 | 0.30 | reported_series,kim2014_30wt_t120_0.25,0.25,,preceding_observation_endpoint
kim2014_30wt_t120_0.40,Kim et al. 2014,10.1016/j.egypro.2014.11.154,primary_direct_calorimetry,Table A1-1,10,393.15,120,0.30,,0.4,temperature-differential; loading-semi-differential,95.55,39.6,145.3,,,,,reported_positive_heat_release_magnitude,true,,,,model_selection_comparison,Kim et al. 2014 | Table A1-1 | 393.15 | 0.30 | reported_series,kim2014_30wt_t120_0.33,0.33,,preceding_observation_endpoint
kim2014_30wt_t120_0.46,Kim et al. 2014,10.1016/j.egypro.2014.11.154,primary_direct_calorimetry,Table A1-1,10,393.15,120,0.30,,0.46,temperature-differential; loading-semi-differential,86.05,44.91,357.11,,,,,reported_positive_heat_release_magnitude,true,,,,model_selection_comparison,Kim et al. 2014 | Table A1-1 | 393.15 | 0.30 | reported_series,kim2014_30wt_t120_0.40,0.4,,preceding_observation_endpoint
kim2014_30wt_t120_0.48,Kim et al. 2014,10.1016/j.egypro.2014.11.154,primary_direct_calorimetry,Table A1-1,10,393.15,120,0.30,,0.48,temperature-differential; loading-semi-differential,79.74,45.88,430.36,,,,,reported_positive_heat_release_magnitude,true,,,,model_selection_comparison,Kim et al. 2014 | Table A1-1 | 393.15 | 0.30 | reported_series,kim2014_30wt_t120_0.46,0.46,,preceding_observation_endpoint
