temperature_C,pressure_pa,CO2_loading,species,mole_fraction
40.0,101325.0,0.025,carbon-dioxide,8.738881946009998e-10
40.0,101325.0,0.025,monoethanolamine,0.10661294528709304
40.0,101325.0,0.025,water,0.887503363729453
40.0,101325.0,0.025,protonated-monoethanolamine,0.0030480735752380045
40.0,101325.0,0.025,carbamate-anion,0.0025590488028990224
40.0,101325.0,0.025,bicarbonate-anion,3.3994972477990815e-05
40.0,101325.0,0.025,carbonate-anion,0.00021245704236563814
40.0,101325.0,0.025,hydronium-cation,7.27689367902592e-13
40.0,101325.0,0.025,hydroxide-anion,3.0115715857404278e-05
40.0,101325.0,0.05,carbon-dioxide,3.551452048266895e-09
40.0,101325.0,0.05,monoethanolamine,0.10105824896286209
40.0,101325.0,0.05,water,0.8873628687605151
40.0,101325.0,0.05,protonated-monoethanolamine,0.005951957126851249
40.0,101325.0,0.05,carbamate-anion,0.005209861275040352
40.0,101325.0,0.05,bicarbonate-anion,7.610301054357888e-05
40.0,101325.0,0.05,carbonate-anion,0.0003250355312018234
40.0,101325.0,0.05,hydronium-cation,1.335057216047594e-12
40.0,101325.0,0.05,hydroxide-anion,1.592178019872928e-05
40.0,101325.0,0.075,carbon-dioxide,8.750592590966454e-09
40.0,101325.0,0.075,monoethanolamine,0.09550356247832939
40.0,101325.0,0.075,water,0.8872231889980391
40.0,101325.0,0.075,protonated-monoethanolamine,0.008846369061848967
40.0,101325.0,0.075,carbamate-anion,0.007870135241127453
40.0,101325.0,0.075,bicarbonate-anion,0.00012686266245220905
40.0,101325.0,0.075,carbonate-anion,0.0004194983544258374
40.0,101325.0,0.075,hydronium-cation,1.8833914291740755e-12
40.0,101325.0,0.075,hydroxide-anion,1.0374451301021262e-05
40.0,101325.0,0.1,carbon-dioxide,1.7648194980846262e-08
40.0,101325.0,0.1,monoethanolamine,0.08995678597609748
40.0,101325.0,0.1,water,0.8870810717827698
40.0,101325.0,0.1,protonated-monoethanolamine,0.011732774437121849
40.0,101325.0,0.1,carbamate-anion,0.010530505369596913
40.0,101325.0,0.1,bicarbonate-anion,0.0001880592744001258
40.0,101325.0,0.1,carbonate-anion,0.000503424286089732
40.0,101325.0,0.1,hydronium-cation,2.391896967085907e-12
40.0,101325.0,0.1,hydroxide-anion,7.3612233372434e-06
40.0,101325.0,0.125,carbon-dioxide,3.200328688582556e-08
40.0,101325.0,0.125,monoethanolamine,0.08442166181924014
40.0,101325.0,0.125,water,0.8869320763836485
40.0,101325.0,0.125,protonated-monoethanolamine,0.014613284651352447
40.0,101325.0,0.125,carbamate-anion,0.013185117701294264
40.0,101325.0,0.125,bicarbonate-anion,0.0002620188022714351
40.0,101325.0,0.125,carbonate-anion,0.0005803395146333732
40.0,101325.0,0.125,hydronium-cation,2.876478607838781e-12
40.0,101325.0,0.125,hydroxide-anion,5.4691213964794935e-06
40.0,101325.0,0.15,carbon-dioxide,5.443211473870943e-08
40.0,101325.0,0.15,monoethanolamine,0.0789017115765447
40.0,101325.0,0.15,water,0.8867715251971957
40.0,101325.0,0.15,protonated-monoethanolamine,0.017489574471127037
40.0,101325.0,0.15,carbamate-anion,0.01582877560725052
40.0,101325.0,0.15,bicarbonate-anion,0.00035173905406109376
40.0,101325.0,0.15,carbonate-anion,0.0006524401548120894
40.0,101325.0,0.15,hydronium-cation,3.3513953749543146e-12
40.0,101325.0,0.15,hydroxide-anion,4.179503542644526e-06
40.0,101325.0,0.175,carbon-dioxide,8.88569412968372e-08
40.0,101325.0,0.175,monoethanolamine,0.07340107152920394
40.0,101325.0,0.175,water,0.8865942283755824
40.0,101325.0,0.175,protonated-monoethanolamine,0.02036293704440769
40.0,101325.0,0.175,carbamate-anion,0.01845604921815429
40.0,101325.0,0.175,bicarbonate-anion,0.00046110918025959297
40.0,101325.0,0.175,carbonate-anion,0.0007212628582039493
40.0,101325.0,0.175,hydronium-cation,3.83048521984353e-12
40.0,101325.0,0.175,hydroxide-anion,3.252933416391345e-06
40.0,101325.0,0.2,carbon-dioxide,1.4123319513089878e-07
40.0,101325.0,0.2,monoethanolamine,0.06792497870512183
40.0,101325.0,0.2,water,0.8863940796752177
40.0,101325.0,0.2,protonated-monoethanolamine,0.02323436890268597
40.0,101325.0,0.2,carbamate-anion,0.021060704306291325
40.0,101325.0,0.2,bicarbonate-anion,0.0005952274157705166
40.0,101325.0,0.2,carbonate-anion,0.0007879374275630043
40.0,101325.0,0.2,hydronium-cation,4.3282034387738525e-12
40.0,101325.0,0.2,hydroxide-anion,2.5623298263238673e-06
40.0,101325.0,0.225,carbon-dioxide,2.2074729262572228e-07
40.0,101325.0,0.225,monoethanolamine,0.06248028965985486
40.0,101325.0,0.225,water,0.8861635460515171
40.0,101325.0,0.225,protonated-monoethanolamine,0.02610462101369133
40.0,101325.0,0.225,carbamate-anion,0.023635132317475518
40.0,101325.0,0.225,bicarbonate-anion,0.0007608581124431176
40.0,101325.0,0.225,carbonate-anion,0.0008532984957687341
40.0,101325.0,0.225,hydronium-cation,4.860694943165094e-12
40.0,101325.0,0.225,hydroxide-anion,2.0335970959197156e-06
40.0,101325.0,0.25,carbon-dioxide,3.4183274181355437e-07
40.0,101325.0,0.25,monoethanolamine,0.057076171951167924
40.0,101325.0,0.25,water,0.8858929839216585
40.0,101325.0,0.25,protonated-monoethanolamine,0.028974216252311193
40.0,101325.0,0.25,carbamate-anion,0.026169641199325338
40.0,101325.0,0.25,bicarbonate-anion,0.0009670940975492976
40.0,101325.0,0.25,carbonate-anion,0.0009179302210847869
40.0,101325.0,0.25,hydronium-cation,5.44707629429478e-12
40.0,101325.0,0.25,hydroxide-anion,1.6205187140660134e-06
40.0,101325.0,0.275,carbon-dioxide,5.276434959166666e-07
40.0,101325.0,0.275,monoethanolamine,0.051725090476485214
40.0,101325.0,0.275,water,0.8855696802850377
40.0,101325.0,0.275,protonated-monoethanolamine,0.03184343410263065
40.0,101325.0,0.275,carbamate-anion,0.028651483971994053
40.0,101325.0,0.275,bicarbonate-anion,0.0012263241135633525
40.0,101325.0,0.275,carbonate-anion,0.00098216662250223
40.0,101325.0,0.275,hydronium-cation,6.111113940299949e-12
40.0,101325.0,0.275,hydroxide-anion,1.2927781799022068e-06
40.0,101325.0,0.3,carbon-dioxide,8.161804051339511e-07
40.0,101325.0,0.3,monoethanolamine,0.046444243237736105
40.0,101325.0,0.3,water,0.8851764763685356
40.0,101325.0,0.3,protonated-monoethanolamine,0.034712257825595644
40.0,101325.0,0.3,carbamate-anion,0.03106347510814575
40.0,101325.0,0.3,bicarbonate-anion,0.00155565011125739
40.0,101325.0,0.3,carbonate-anion,0.0010460514516350715
40.0,101325.0,0.3,hydronium-cation,6.883525850749596e-12
40.0,101325.0,0.3,hydroxide-anion,1.0297098058930482e-06
40.0,101325.0,0.325,carbon-dioxide,1.271335675885789e-06
40.0,101325.0,0.325,monoethanolamine,0.041257647208109614
40.0,101325.0,0.325,water,0.8846897872183583
40.0,101325.0,0.325,protonated-monoethanolamine,0.03758027310186467
40.0,101325.0,0.325,carbamate-anion,0.03338200478394789
40.0,101325.0,0.325,bicarbonate-anion,0.001978947554417459
40.0,101325.0,0.325,carbonate-anion,0.0011092519814835625
40.0,101325.0,0.325,hydronium-cation,7.805174071759124e-12
40.0,101325.0,0.325,hydroxide-anion,8.168083373638873e-07
40.0,101325.0,0.35,carbon-dioxide,2.003136466110062e-06
40.0,101325.0,0.35,monoethanolamine,0.03619908831199251
40.0,101325.0,0.35,water,0.8840768209801128
40.0,101325.0,0.35,protonated-monoethanolamine,0.040446501986809345
40.0,101325.0,0.35,carbamate-anion,0.03557425267238603
40.0,101325.0,0.35,bicarbonate-anion,0.002529772811010897
40.0,101325.0,0.35,carbonate-anion,0.0011709164200528026
40.0,101325.0,0.35,hydronium-cation,8.931372540084241e-12
40.0,101325.0,0.35,hydroxide-anion,6.436722381856423e-07
40.0,101325.0,0.375,carbon-dioxide,3.205034234333792e-06
40.0,101325.0,0.375,monoethanolamine,0.03131599527661329
40.0,101325.0,0.375,water,0.8832919536031099
40.0,101325.0,0.375,protonated-monoethanolamine,0.04330915783838903
40.0,101325.0,0.375,carbamate-anion,0.03759455497913992
40.0,101325.0,0.375,bicarbonate-anion,0.0032551609105179774
40.0,101325.0,0.375,carbonate-anion,0.0012294696114098411
40.0,101325.0,0.375,hydronium-cation,1.0337171609576726e-11
40.0,101325.0,0.375,hydroxide-anion,5.027362486210942e-07
40.0,101325.0,0.4,carbon-dioxide,5.221341352547572e-06
40.0,101325.0,0.4,monoethanolamine,0.026673628882983347
40.0,101325.0,0.4,water,0.8822728562519745
40.0,101325.0,0.4,protonated-monoethanolamine,0.046165333672760524
40.0,101325.0,0.4,carbamate-anion,0.03938051926827366
40.0,101325.0,0.4,bicarbonate-anion,0.004219678273904948
40.0,101325.0,0.4,carbonate-anion,0.0012823738460759255
40.0,101325.0,0.4,hydronium-cation,1.2122236938116216e-11
40.0,101325.0,0.4,hydroxide-anion,3.8845055229951324e-07
40.0,101325.0,0.425,carbon-dioxide,8.661731835997894e-06
40.0,101325.0,0.425,monoethanolamine,0.022357165974029033
40.0,101325.0,0.425,water,0.8809386957300668
40.0,101325.0,0.425,protonated-monoethanolamine,0.04901072589197921
40.0,101325.0,0.425,carbamate-anion,0.040851203877156
40.0,101325.0,0.425,bicarbonate-anion,0.005507274833140785
40.0,101325.0,0.425,carbonate-anion,0.0013259752487120684
40.0,101325.0,0.425,hydronium-cation,1.4410916514989357e-11
40.0,101325.0,0.425,hydroxide-anion,2.966986691981036e-07
40.0,101325.0,0.45,carbon-dioxide,1.4568823769391415e-05
40.0,101325.0,0.45,monoethanolamine,0.018466071857281018
40.0,101325.0,0.45,water,0.8791957310501177
40.0,101325.0,0.45,protonated-monoethanolamine,0.051839677986541606
40.0,101325.0,0.45,carbamate-anion,0.04191268300508464
40.0,101325.0,0.45,bicarbonate-anion,0.0072153152142261515
40.0,101325.0,0.45,carbonate-anion,0.00135572773892817
40.0,101325.0,0.45,hydronium-cation,1.7338404982872975e-11
40.0,101325.0,0.45,hydroxide-anion,2.2430671288121225e-07
40.0,101325.0,0.475,carbon-dioxide,2.459385812878003e-05
40.0,101325.0,0.475,monoethanolamine,0.015093662127353287
40.0,101325.0,0.475,water,0.8769569712709039
40.0,101325.0,0.475,protonated-monoethanolamine,0.054645976798200095
40.0,101325.0,0.475,carbamate-anion,0.042477668913318695
40.0,101325.0,0.475,bicarbonate-anion,0.009433777557203803
40.0,101325.0,0.475,carbonate-anion,0.001367180894813072
40.0,101325.0,0.475,hydronium-cation,2.101344182013675e-11
40.0,101325.0,0.475,hydroxide-anion,1.685590649006244e-07
40.0,101325.0,0.5,carbon-dioxide,4.10512511075183e-05
40.0,101325.0,0.5,monoethanolamine,0.012293552119040414
40.0,101325.0,0.5,water,0.8741741059009195
40.0,101325.0,0.5,protonated-monoethanolamine,0.0574244846845611
40.0,101325.0,0.5,carbamate-anion,0.04249742418551527
40.0,101325.0,0.5,bicarbonate-anion,0.012211576366815557
40.0,101325.0,0.5,carbonate-anion,0.001357678691120147
40.0,101325.0,0.5,hydronium-cation,2.5465241945486888e-11
40.0,101325.0,0.5,hydroxide-anion,1.267754552241531e-07
40.0,101325.0,0.525,carbon-dioxide,6.672836318899756e-05
40.0,101325.0,0.525,monoethanolamine,0.010054209519027317
40.0,101325.0,0.525,water,0.8708614258658648
40.0,101325.0,0.525,protonated-monoethanolamine,0.06017266419482711
40.0,101325.0,0.525,carbamate-anion,0.04198570578800467
40.0,101325.0,0.525,bicarbonate-anion,0.01553147788832076
40.0,101325.0,0.525,carbonate-anion,0.0013276921989617608
40.0,101325.0,0.525,hydronium-cation,3.061325192004915e-11
40.0,101325.0,0.525,hydroxide-anion,9.615119140498202e-08
40.0,101325.0,0.55,carbon-dioxide,0.00010452892901067754
40.0,101325.0,0.55,monoethanolamine,0.00830520188565062
40.0,101325.0,0.55,water,0.8670894595375533
40.0,101325.0,0.55,protonated-monoethanolamine,0.0628906789556828
40.0,101325.0,0.55,carbamate-anion,0.04101245667846768
40.0,101325.0,0.55,bicarbonate-anion,0.019317051692244142
40.0,101325.0,0.55,carbonate-anion,0.001280548336168247
40.0,101325.0,0.55,hydronium-cation,3.629399756535373e-11
40.0,101325.0,0.55,hydroxide-anion,7.394892847545006e-08
40.0,101325.0,0.575,carbon-dioxide,0.00015719891733436477
40.0,101325.0,0.575,monoethanolamine,0.006948776195296123
40.0,101325.0,0.575,water,0.8629546603090006
40.0,101325.0,0.575,protonated-monoethanolamine,0.065580110177361
40.0,101325.0,0.575,carbamate-anion,0.03967354051748521
40.0,101325.0,0.575,bicarbonate-anion,0.023464800166010085
40.0,101325.0,0.575,carbonate-anion,0.0012208558610023379
40.0,101325.0,0.575,hydronium-cation,4.2324621494701e-11
40.0,101325.0,0.575,hydroxide-anion,5.781418566262496e-08
40.0,101325.0,0.6,carbon-dioxide,0.00022727124126002807
40.0,101325.0,0.6,monoethanolamine,0.005889940296017693
40.0,101325.0,0.6,water,0.8585507569959049
40.0,101325.0,0.6,protonated-monoethanolamine,0.06824251869776633
40.0,101325.0,0.6,carbamate-anion,0.03806210437541906
40.0,101325.0,0.6,bicarbonate-anion,0.027874356379017796
40.0,101325.0,0.6,carbonate-anion,0.0011530060258251543
40.0,101325.0,0.6,hydronium-cation,4.85549176292955e-11
40.0,101325.0,0.6,hydroxide-anion,4.594023408807512e-08
40.0,101325.0,0.625,carbon-dioxide,0.0003171738198359011
40.0,101325.0,0.625,monoethanolamine,0.005050981330607256
40.0,101325.0,0.625,water,0.8539550533611071
40.0,101325.0,0.625,protonated-monoethanolamine,0.07087863165227791
40.0,101325.0,0.625,carbamate-anion,0.03625486151285794
40.0,101325.0,0.625,bicarbonate-anion,0.03246278930126299
40.0,101325.0,0.625,carbonate-anion,0.0010804719258826491
40.0,101325.0,0.625,hydronium-cation,5.488832781621496e-11
40.0,101325.0,0.625,hydroxide-anion,3.704128000566857e-08
40.0,101325.0,0.65,carbon-dioxide,0.00042940347685906327
40.0,101325.0,0.65,monoethanolamine,0.004373572036827005
40.0,101325.0,0.65,water,0.8492265880190936
40.0,101325.0,0.65,protonated-monoethanolamine,0.07348808759713482
40.0,101325.0,0.65,carbamate-anion,0.034310220442065185
40.0,101325.0,0.65,bicarbonate-anion,0.03716635928088068
40.0,101325.0,0.65,carbonate-anion,0.0010057388496127531
40.0,101325.0,0.65,hydronium-cation,6.128172133011027e-11
40.0,101325.0,0.65,hydroxide-anion,3.023624516458549e-08
40.0,101325.0,0.675,carbon-dioxide,0.0005667189626679012
40.0,101325.0,0.675,monoethanolamine,0.0038155995395555736
40.0,101325.0,0.675,water,0.8444093394593001
40.0,101325.0,0.675,protonated-monoethanolamine,0.07606941840228844
40.0,101325.0,0.675,carbamate-anion,0.03227145258106053
40.0,101325.0,0.675,bicarbonate-anion,0.0419369511576558
40.0,101325.0,0.675,carbonate-anion,0.0009304949015763885
40.0,101325.0,0.675,hydronium-cation,6.773795783528428e-11
40.0,101325.0,0.675,hydroxide-anion,2.4928157292176465e-08
40.0,101325.0,0.7,carbon-dioxide,0.0007323505528762672
40.0,101325.0,0.7,monoethanolamine,0.0033470460480355293
40.0,101325.0,0.7,water,0.8395363660911707
40.0,101325.0,0.7,protonated-monoethanolamine,0.07862004874154384
40.0,101325.0,0.7,carbamate-anion,0.030170788545048278
40.0,101325.0,0.7,bicarbonate-anion,0.04673751891254693
40.0,101325.0,0.7,carbonate-anion,0.0008558603237680006
40.0,101325.0,0.7,hydronium-cation,7.429888243871765e-11
40.0,101325.0,0.7,hydroxide-anion,2.071071150916337e-08
40.0,101325.0,0.725,carbon-dioxide,0.0009302424830190562
40.0,101325.0,0.725,monoethanolamine,0.0029465089315766466
40.0,101325.0,0.725,water,0.834633391613528
40.0,101325.0,0.725,protonated-monoethanolamine,0.0811362170506058
40.0,101325.0,0.725,carbamate-anion,0.028032949906634724
40.0,101325.0,0.725,bicarbonate-anion,0.0515380953383208
40.0,101325.0,0.725,carbonate-anion,0.0007825772914179778
40.0,101325.0,0.725,hydronium-cation,8.104132895749698e-11
40.0,101325.0,0.725,hydroxide-anion,1.7303855642150465e-08
40.0,101325.0,0.75,carbon-dioxide,0.001165350371249507
40.0,101325.0,0.75,monoethanolamine,0.002598642306513406
40.0,101325.0,0.75,water,0.829721591820551
40.0,101325.0,0.75,protonated-monoethanolamine,0.08361278222415328
40.0,101325.0,0.75,carbamate-anion,0.025877867535001604
40.0,101325.0,0.75,bicarbonate-anion,0.05631260202022659
40.0,101325.0,0.75,carbonate-anion,0.0007111491227736307
40.0,101325.0,0.75,hydronium-cation,8.807654011224465e-11
40.0,101325.0,0.75,hydroxide-anion,1.4511454359964544e-08
40.0,101325.0,0.775,carbon-dioxide,0.001444017235729747
40.0,101325.0,0.775,monoethanolamine,0.002292380451755351
40.0,101325.0,0.775,water,0.824819742554129
40.0,101325.0,0.775,protonated-monoethanolamine,0.08604289916496313
40.0,101325.0,0.775,carbamate-anion,0.023722740434534435
40.0,101325.0,0.775,bicarbonate-anion,0.06103626910681106
40.0,101325.0,0.775,carbonate-anion,0.0006419387626459055
40.0,101325.0,0.775,hydronium-cation,9.555279785137446e-11
40.0,101325.0,0.775,hydroxide-anion,1.2193878632489323e-08
40.0,101325.0,0.8,carbon-dioxide,0.0017744491834515205
40.0,101325.0,0.8,monoethanolamine,0.002019733805459087
40.0,101325.0,0.8,water,0.8199459534226949
40.0,101325.0,0.8,protonated-monoethanolamine,0.08841755125339786
40.0,101325.0,0.8,carbamate-anion,0.021583653896831496
40.0,101325.0,0.8,bicarbonate-anion,0.06568340895854491
40.0,101325.0,0.8,carbonate-anion,0.0005752391257229307
40.0,101325.0,0.8,hydronium-cation,1.0366090211873557e-10
40.0,101325.0,0.8,hydroxide-anion,1.0250236502844237e-08
40.0,101325.0,0.825,carbon-dioxide,0.002167298984448048
40.0,101325.0,0.825,monoethanolamine,0.00177498142678631
40.0,101325.0,0.825,water,0.8151191670832709
40.0,101325.0,0.825,protonated-monoethanolamine,0.09072493877792465
40.0,101325.0,0.825,carbamate-anion,0.01947693311968883
40.0,101325.0,0.825,bicarbonate-anion,0.07022534661285489
40.0,101325.0,0.825,carbonate-anion,0.0005113252756382331
40.0,101325.0,0.825,hydronium-cation,1.1264183654769714e-10
40.0,101325.0,0.825,hydroxide-anion,8.606746314279995e-09
40.0,101325.0,0.85,carbon-dioxide,0.0026363277499503227
40.0,101325.0,0.85,monoethanolamine,0.0015541305423454597
40.0,101325.0,0.85,water,0.8103605160350963
40.0,101325.0,0.85,protonated-monoethanolamine,0.09294976003887286
40.0,101325.0,0.85,carbamate-anion,0.01742032830333383
40.0,101325.0,0.85,bicarbonate-anion,0.07462843534785736
40.0,101325.0,0.85,carbonate-anion,0.0004504946507279915
40.0,101325.0,0.85,hydronium-cation,1.2279504805235525e-10
40.0,101325.0,0.85,hydroxide-anion,7.209020758648305e-09
40.0,101325.0,0.875,carbon-dioxide,0.0031990256552754063
40.0,101325.0,0.875,monoethanolamine,0.0013545484776294023
40.0,101325.0,0.875,water,0.805694490372211
40.0,101325.0,0.875,protonated-monoethanolamine,0.0950725162222894
40.0,101325.0,0.875,carbamate-anion,0.015434008187567533
40.0,101325.0,0.875,bicarbonate-anion,0.07885230771504573
40.0,101325.0,0.875,carbonate-anion,0.0003930972186620537
40.0,101325.0,0.875,hydronium-cation,1.3448369711380112e-10
40.0,101325.0,0.875,hydroxide-anion,6.0168357256844965e-09
40.0,101325.0,0.9,carbon-dioxide,0.0038768997956563963
40.0,101325.0,0.9,monoethanolamine,0.0011746898852645462
40.0,101325.0,0.9,water,0.8011496447023266
40.0,101325.0,0.9,protonated-monoethanolamine,0.09706915863887657
40.0,101325.0,0.9,carbamate-anion,0.013541153281376677
40.0,101325.0,0.9,bicarbonate-anion,0.08284889659067342
40.0,101325.0,0.9,carbonate-anion,0.00033955195725963295
40.0,101325.0,0.9,hydronium-cation,1.4812951861625375e-10
40.0,101325.0,0.9,hydroxide-anion,5.0004367280875715e-09
40.0,101325.0,0.925,carbon-dioxide,0.004694881237611446
40.0,101325.0,0.925,monoethanolamine,0.0010138454421383112
40.0,101325.0,0.925,water,0.7967582536095915
40.0,101325.0,0.925,protonated-monoethanolamine,0.09891167936415503
40.0,101325.0,0.925,carbamate-anion,0.01176768306637918
40.0,101325.0,0.925,bicarbonate-anion,0.08656331363220986
40.0,101325.0,0.925,carbonate-anion,0.00029033934602169114
40.0,101325.0,0.925,hydronium-cation,1.6418512729112577e-10
40.0,101325.0,0.925,hydroxide-anion,4.137707730398658e-09
40.0,101325.0,0.95,carbon-dioxide,0.0056791054641115325
40.0,101325.0,0.95,monoethanolamine,0.0008718397767374798
40.0,101325.0,0.95,water,0.7925540636150986
40.0,101325.0,0.95,protonated-monoethanolamine,0.10057047275826768
40.0,101325.0,0.95,carbamate-anion,0.010140445628275253
40.0,101325.0,0.95,bicarbonate-anion,0.08993811442410744
40.0,101325.0,0.95,carbonate-anion,0.0002459547386222557
40.0,101325.0,0.95,hydronium-cation,1.8306967163056929e-10
40.0,101325.0,0.95,hydroxide-anion,3.4117101351919554e-09
40.0,101325.0,0.975,carbon-dioxide,0.0068525888989893514
40.0,101325.0,0.975,monoethanolamine,0.0007486352702815497
40.0,101325.0,0.975,water,0.7885675482984023
40.0,101325.0,0.975,protonated-monoethanolamine,0.10201902038953611
40.0,101325.0,0.975,carbamate-anion,0.008683414112881626
40.0,101325.0,0.975,bicarbonate-anion,0.09292197635963771
40.0,101325.0,0.975,carbonate-anion,0.00020681365687332456
40.0,101325.0,0.975,hydronium-cation,2.0506392554884517e-10
40.0,101325.0,0.975,hydroxide-anion,2.8083340721299426e-09
40.0,101325.0,1.0,carbon-dioxide,0.008229525381489565
40.0,101325.0,1.0,monoethanolamine,0.000643884375896168
40.0,101325.0,1.0,water,0.7848194094148634
40.0,101325.0,1.0,protonated-monoethanolamine,0.10324015379753358
40.0,101325.0,1.0,carbamate-anion,0.0074125116938976035
40.0,101325.0,1.0,bicarbonate-anion,0.09548138556424224
40.0,101325.0,1.0,carbonate-anion,0.0001731272276981508
40.0,101325.0,1.0,hydronium-cation,2.3019085680056947e-10
40.0,101325.0,1.0,hydroxide-anion,2.31418832225005e-09
