observation_id,source,temperature_C,loading_mol_CO2_per_mol_MEA,species,observed_mole_fraction
Bottinger2008_state_030,Bottinger2008,20.0,0.0749,MEA + MEAH+,0.1054
Bottinger2008_state_030,Bottinger2008,20.0,0.0749,MEACOO-,0.0086
Bottinger2008_state_031,Bottinger2008,20.0,0.1499,MEA + MEAH+,0.0966
Bottinger2008_state_031,Bottinger2008,20.0,0.1499,MEACOO-,0.0171
Bottinger2008_state_032,Bottinger2008,20.0,0.2349,MEA + MEAH+,0.0871
Bottinger2008_state_032,Bottinger2008,20.0,0.2349,MEACOO-,0.0267
Bottinger2008_state_033,Bottinger2008,20.0,0.3089,MEA + MEAH+,0.078
Bottinger2008_state_033,Bottinger2008,20.0,0.3089,MEACOO-,0.0349
Bottinger2008_state_034,Bottinger2008,20.0,0.3879,MEA + MEAH+,0.0678
Bottinger2008_state_034,Bottinger2008,20.0,0.3879,MEACOO-,0.043
Bottinger2008_state_035,Bottinger2008,20.0,0.4739,MEA + MEAH+,0.062
Bottinger2008_state_035,Bottinger2008,20.0,0.4739,MEACOO-,0.0493
Bottinger2008_state_042,Bottinger2008,40.0,0.1249,MEA + MEAH+,0.1009
Bottinger2008_state_042,Bottinger2008,40.0,0.1249,MEACOO-,0.0144
Bottinger2008_state_043,Bottinger2008,40.0,0.2049,MEA + MEAH+,0.0934
Bottinger2008_state_043,Bottinger2008,40.0,0.2049,MEACOO-,0.0241
Bottinger2008_state_044,Bottinger2008,40.0,0.2359,MEA + MEAH+,0.0876
Bottinger2008_state_044,Bottinger2008,40.0,0.2359,MEACOO-,0.0271
Bottinger2008_state_045,Bottinger2008,40.0,0.27990000000000004,MEA + MEAH+,0.084
Bottinger2008_state_045,Bottinger2008,40.0,0.27990000000000004,MEACOO-,0.0327
Bottinger2008_state_046,Bottinger2008,40.0,0.34290000000000004,MEA + MEAH+,0.0758
Bottinger2008_state_046,Bottinger2008,40.0,0.34290000000000004,MEACOO-,0.0396
Bottinger2008_state_047,Bottinger2008,40.0,0.3539,MEA + MEAH+,0.0749
Bottinger2008_state_047,Bottinger2008,40.0,0.3539,MEACOO-,0.041
Bottinger2008_state_048,Bottinger2008,40.0,0.45990000000000003,MEA + MEAH+,0.065
Bottinger2008_state_048,Bottinger2008,40.0,0.45990000000000003,MEACOO-,0.0492
Bottinger2008_state_049,Bottinger2008,40.0,0.46590000000000004,MEA + MEAH+,0.0663
Bottinger2008_state_049,Bottinger2008,40.0,0.46590000000000004,MEACOO-,0.0502
Bottinger2008_state_049,Bottinger2008,40.0,0.46590000000000004,HCO3-,0.004
Bottinger2008_state_050,Bottinger2008,40.0,0.4869,MEA + MEAH+,0.0646
Bottinger2008_state_050,Bottinger2008,40.0,0.4869,MEACOO-,0.0511
Bottinger2008_state_050,Bottinger2008,40.0,0.4869,HCO3-,0.0052
Bottinger2008_state_055,Bottinger2008,60.0,0.13090000000000002,MEA + MEAH+,0.0974
Bottinger2008_state_055,Bottinger2008,60.0,0.13090000000000002,MEACOO-,0.0147
Bottinger2008_state_056,Bottinger2008,60.0,0.20290000000000002,MEA + MEAH+,0.0905
Bottinger2008_state_056,Bottinger2008,60.0,0.20290000000000002,MEACOO-,0.0231
Bottinger2008_state_057,Bottinger2008,60.0,0.27690000000000003,MEA + MEAH+,0.0791
Bottinger2008_state_057,Bottinger2008,60.0,0.27690000000000003,MEACOO-,0.0302
Bottinger2008_state_058,Bottinger2008,60.0,0.4149,MEA + MEAH+,0.0687
Bottinger2008_state_058,Bottinger2008,60.0,0.4149,MEACOO-,0.0417
Bottinger2008_state_058,Bottinger2008,60.0,0.4149,HCO3-,0.0042
Bottinger2008_state_059,Bottinger2008,60.0,0.4889,MEA + MEAH+,0.068
Bottinger2008_state_059,Bottinger2008,60.0,0.4889,MEACOO-,0.0424
Bottinger2008_state_059,Bottinger2008,60.0,0.4889,HCO3-,0.0072
Bottinger2008_state_063,Bottinger2008,80.0,0.0639,MEA + MEAH+,0.1084
Bottinger2008_state_063,Bottinger2008,80.0,0.0639,MEACOO-,0.0068
Bottinger2008_state_064,Bottinger2008,80.0,0.1409,MEA + MEAH+,0.1005
Bottinger2008_state_064,Bottinger2008,80.0,0.1409,MEACOO-,0.014
Bottinger2008_state_065,Bottinger2008,80.0,0.2449,MEA + MEAH+,0.0906
Bottinger2008_state_065,Bottinger2008,80.0,0.2449,MEACOO-,0.0224
Bottinger2008_state_066,Bottinger2008,80.0,0.33590000000000003,MEA + MEAH+,0.0858
Bottinger2008_state_066,Bottinger2008,80.0,0.33590000000000003,MEACOO-,0.0337
Bottinger2008_state_067,Bottinger2008,80.0,0.39790000000000003,MEA + MEAH+,0.0872
Bottinger2008_state_067,Bottinger2008,80.0,0.39790000000000003,MEACOO-,0.0336
Bottinger2008_state_067,Bottinger2008,80.0,0.39790000000000003,HCO3-,0.0046
Matin2012_state_001,Matin2012,20.0,0.1059,MEA,0.0915
Matin2012_state_001,Matin2012,20.0,0.1059,MEAH+,0.0115
Matin2012_state_001,Matin2012,20.0,0.1059,MEACOO-,0.0097
Matin2012_state_001,Matin2012,20.0,0.1059,HCO3-,0.0024
Matin2012_state_002,Matin2012,20.0,0.1279,MEA,0.0867
Matin2012_state_002,Matin2012,20.0,0.1279,MEAH+,0.0139
Matin2012_state_002,Matin2012,20.0,0.1279,MEACOO-,0.0124
Matin2012_state_002,Matin2012,20.0,0.1279,HCO3-,0.0022
Matin2012_state_003,Matin2012,20.0,0.1499,MEA,0.0817
Matin2012_state_003,Matin2012,20.0,0.1499,MEAH+,0.0162
Matin2012_state_003,Matin2012,20.0,0.1499,MEACOO-,0.0151
Matin2012_state_003,Matin2012,20.0,0.1499,HCO3-,0.002
Matin2012_state_004,Matin2012,20.0,0.1729,MEA,0.0768
Matin2012_state_004,Matin2012,20.0,0.1729,MEAH+,0.0186
Matin2012_state_004,Matin2012,20.0,0.1729,MEACOO-,0.0177
Matin2012_state_004,Matin2012,20.0,0.1729,HCO3-,0.002
Matin2012_state_005,Matin2012,20.0,0.19490000000000002,MEA,0.0718
Matin2012_state_005,Matin2012,20.0,0.19490000000000002,MEAH+,0.021
Matin2012_state_005,Matin2012,20.0,0.19490000000000002,MEACOO-,0.0203
Matin2012_state_005,Matin2012,20.0,0.19490000000000002,HCO3-,0.002
Matin2012_state_006,Matin2012,20.0,0.2179,MEA,0.0668
Matin2012_state_006,Matin2012,20.0,0.2179,MEAH+,0.0234
Matin2012_state_006,Matin2012,20.0,0.2179,MEACOO-,0.0228
Matin2012_state_006,Matin2012,20.0,0.2179,HCO3-,0.0021
Matin2012_state_007,Matin2012,20.0,0.2409,MEA,0.0618
Matin2012_state_007,Matin2012,20.0,0.2409,MEAH+,0.0257
Matin2012_state_007,Matin2012,20.0,0.2409,MEACOO-,0.0252
Matin2012_state_007,Matin2012,20.0,0.2409,HCO3-,0.0023
Matin2012_state_008,Matin2012,20.0,0.2639,MEA,0.0568
Matin2012_state_008,Matin2012,20.0,0.2639,MEAH+,0.0281
Matin2012_state_008,Matin2012,20.0,0.2639,MEACOO-,0.0276
Matin2012_state_008,Matin2012,20.0,0.2639,HCO3-,0.0026
Matin2012_state_009,Matin2012,20.0,0.2869,MEA,0.0518
Matin2012_state_009,Matin2012,20.0,0.2869,MEAH+,0.0304
Matin2012_state_009,Matin2012,20.0,0.2869,MEACOO-,0.0299
Matin2012_state_009,Matin2012,20.0,0.2869,HCO3-,0.003
Matin2012_state_010,Matin2012,20.0,0.3099,MEA,0.0469
Matin2012_state_010,Matin2012,20.0,0.3099,MEAH+,0.0327
Matin2012_state_010,Matin2012,20.0,0.3099,MEACOO-,0.0321
Matin2012_state_010,Matin2012,20.0,0.3099,HCO3-,0.0034
Matin2012_state_011,Matin2012,20.0,0.33390000000000003,MEA,0.0419
Matin2012_state_011,Matin2012,20.0,0.33390000000000003,MEAH+,0.0349
Matin2012_state_011,Matin2012,20.0,0.33390000000000003,MEACOO-,0.0342
Matin2012_state_011,Matin2012,20.0,0.33390000000000003,HCO3-,0.004
Matin2012_state_012,Matin2012,20.0,0.3579,MEA,0.0371
Matin2012_state_012,Matin2012,20.0,0.3579,MEAH+,0.0372
Matin2012_state_012,Matin2012,20.0,0.3579,MEACOO-,0.0362
Matin2012_state_012,Matin2012,20.0,0.3579,HCO3-,0.0046
Matin2012_state_013,Matin2012,20.0,0.3819,MEA,0.0322
Matin2012_state_013,Matin2012,20.0,0.3819,MEAH+,0.0394
Matin2012_state_013,Matin2012,20.0,0.3819,MEACOO-,0.0381
Matin2012_state_013,Matin2012,20.0,0.3819,HCO3-,0.0053
Matin2012_state_014,Matin2012,20.0,0.40590000000000004,MEA,0.0274
Matin2012_state_014,Matin2012,20.0,0.40590000000000004,MEAH+,0.0415
Matin2012_state_014,Matin2012,20.0,0.40590000000000004,MEACOO-,0.04
Matin2012_state_014,Matin2012,20.0,0.40590000000000004,HCO3-,0.0061
Matin2012_state_015,Matin2012,20.0,0.4309,MEA,0.0227
Matin2012_state_015,Matin2012,20.0,0.4309,MEAH+,0.0436
Matin2012_state_015,Matin2012,20.0,0.4309,MEACOO-,0.0417
Matin2012_state_015,Matin2012,20.0,0.4309,HCO3-,0.007
Matin2012_state_016,Matin2012,20.0,0.4549,MEA,0.0181
Matin2012_state_016,Matin2012,20.0,0.4549,MEAH+,0.0457
Matin2012_state_016,Matin2012,20.0,0.4549,MEACOO-,0.0433
Matin2012_state_016,Matin2012,20.0,0.4549,HCO3-,0.008
Matin2012_state_017,Matin2012,20.0,0.4799,MEA,0.0135
Matin2012_state_017,Matin2012,20.0,0.4799,MEAH+,0.0477
Matin2012_state_017,Matin2012,20.0,0.4799,MEACOO-,0.0448
Matin2012_state_017,Matin2012,20.0,0.4799,HCO3-,0.0091
Matin2012_state_018,Matin2012,20.0,0.5049,MEA,0.009
Matin2012_state_018,Matin2012,20.0,0.5049,MEAH+,0.0496
Matin2012_state_018,Matin2012,20.0,0.5049,MEACOO-,0.0462
Matin2012_state_018,Matin2012,20.0,0.5049,HCO3-,0.0102
Matin2012_state_019,Matin2012,20.0,0.5309,MEA,0.0046
Matin2012_state_019,Matin2012,20.0,0.5309,MEAH+,0.0515
Matin2012_state_019,Matin2012,20.0,0.5309,MEACOO-,0.0475
Matin2012_state_019,Matin2012,20.0,0.5309,HCO3-,0.0114
