status,state,source,T_K,nominal_T_K,loading,parent,comparison,dlnp,dS,dQ,dH,phi,phi_undefined,dQ_hc,dQ_disp,dQ_assoc,dQ_DH,dQ_Born,dQ_V,C2_0,C2_1,C2_2,C2_3,C2_4,C2_Born_removal,C2_all_coordinates,C2_remainder,term_allocation_error,pressure_cost_change,other_activity,no_refit_dlnp
"Pipeline verification on pre-#152 data; method development, not manuscript values",vle_obs_0119,Hilliard2008,313.15,313.15,0.1529030580611612,adopted,off-refit,-0.1687883686848659,-0.0547622768071422,-0.1140150373344131,-1.1067422761357191e-05,1.1850182792766786,False,0.1997088102001498,-0.8506912738681649,-0.0396772136923573,-0.0395919702213944,0.6162366106751733,-2.775557561562892e-17,0.9860628657199212,-1.5242807357932389,0.0,-0.184475527544258,0.0,0.6162366109155553,-0.7069761281328941,0.0157172694846816,-4.2781952980242005e-10,0.2672103712955856,0.12043962628639807,0.6200046416744531
"Pipeline verification on pre-#152 data; method development, not manuscript values",vle_obs_0120,Hilliard2008,313.15,313.15,0.1629032580651613,adopted,off-refit,-0.1379408950024503,-0.0556290833591774,-0.0823005944869124,-1.12171336361655e-05,1.1287027638334357,False,0.2130138857747709,-0.8550644680305197,-0.0421254727545061,-0.0375870676094098,0.6394625261771694,-2.775557561562892e-17,0.953337647699006,-1.4742292419346548,0.0,-0.1977460676082711,0.0,0.6394625262969829,-0.7016463212569197,0.0169913405870001,1.955583056600929e-09,0.2167765298007699,0.13330134541085498,0.6436904666253911
"Pipeline verification on pre-#152 data; method development, not manuscript values",vle_obs_0121,Hilliard2008,313.15,313.15,0.1699033980679614,adopted,off-refit,-0.1161621572844116,-0.0562913166998795,-0.0598595676054518,-1.1273411939072275e-05,1.0912661101276482,False,0.2223777793464165,-0.8580848976258437,-0.0438358886523104,-0.0361960286798799,0.6558794663400249,0.0,0.9301864170213632,-1.4387898316720105,0.0,-0.207131846189202,0.0,0.6558794657623359,-0.6978312513938074,0.0179040094460418,1.6661407808982174e-09,0.1535999453562859,0.14234586201422622,0.6604530034102718
"Pipeline verification on pre-#152 data; method development, not manuscript values",vle_obs_0122,Hilliard2008,313.15,313.15,0.1909038180763615,adopted,off-refit,-0.0499016794991651,-0.0585849701717733,0.0086944168671543,-1.112612277864855e-05,0.9876839098812928,False,0.2507576164045844,-0.8669459249155409,-0.0489568252159955,-0.0321001415949997,0.705939692171313,2.775557561562892e-17,0.8595154557733583,-1.3304328984130251,0.0,-0.2357741505950141,0.0,0.7059396917153367,-0.6859432319095966,0.0207483613250843,1.7793072570881918e-11,0.0763328152496366,0.1697006495935892,0.711680922682389
"Pipeline verification on pre-#152 data; method development, not manuscript values",vle_obs_0123,Hilliard2008,313.15,313.15,0.1939038780775615,adopted,off-refit,-0.040321993127852,-0.0589540703088187,0.0186431407421894,-1.1052346359008425e-05,0.9738596089617388,False,0.2548515343203661,-0.8681874382077126,-0.0496878397981959,-0.0315259926315576,0.7131928789780488,-5.551115123125783e-17,0.8492693237682951,-1.3146990793769773,0.0,-0.2399261451865353,0.0,0.7131928789988182,-0.684187826452906,0.0211680743423114,-1.91875931809804e-09,0.03821998096154,0.17363770189061256,0.7191184920773939
"Pipeline verification on pre-#152 data; method development, not manuscript values",vle_obs_0124,Hilliard2008,313.15,313.15,0.2319046380927618,adopted,off-refit,0.083507095334335,-0.0647449323569397,0.1482612156489575,-9.188111999236526e-06,0.8163703584296882,False,0.3077946914231688,-0.8833987906520235,-0.0589739661993604,-0.0245533310745669,0.8073926103710676,0.0,0.7161939836416336,-1.1096990851338822,0.0,-0.2938570428640359,0.0,0.8073926111420131,-0.6605723232037146,0.0267898211525698,1.7806720542523635e-09,0.03876611785793,0.2242673941492415,0.8161131214069473
"Pipeline verification on pre-#152 data; method development, not manuscript values",vle_obs_0125,Hilliard2008,313.15,313.15,0.2459049180983619,adopted,off-refit,0.1302892341374923,-0.0675221381461457,0.197819260929247,-7.88879998836478e-06,0.7654063816817588,False,0.3279254345844862,-0.8887706744786783,-0.0624279032912511,-0.0221498946368496,0.8432422942592268,0.0,0.6656209296954108,-1.0314225139067237,0.0,-0.3143655962038416,0.0,0.843242294796066,-0.6511566811170664,0.0290104992980881,4.492313188109165e-09,-0.0561685548243138,0.2433476366563855,0.8532470303551638
"Pipeline verification on pre-#152 data; method development, not manuscript values",vle_obs_0126,Hilliard2008,313.15,313.15,0.2689053781075622,adopted,off-refit,0.2084685651500657,-0.0731069438265783,0.281580319182404,-4.821955034373104e-06,0.6883722075701848,False,0.3619651951947134,-0.8973448431426334,-0.0681826025417109,-0.0184363947608456,0.9035789683162534,-4.163336342344337e-17,0.5807386418063427,-0.8994785327520667,0.0,-0.3488241238642497,0.0,0.9035789697469578,-0.6347193911571649,0.0328446236528088,-3.8833726789810904e-09,0.1857538039877299,0.27534619789215686,0.9160693820526032
"Pipeline verification on pre-#152 data; method development, not manuscript values",vle_obs_0127,Hilliard2008,313.15,313.15,0.2719054381087622,adopted,off-refit,0.2187828675592937,-0.0739472547167168,0.2927344282526771,-4.30641838278234e-06,0.678873719407389,False,0.3665085140269752,-0.8984417223523167,-0.0689432616773899,-0.0179757505960194,0.9115866434614476,0.0,0.5695039897011106,-0.8819556068325096,0.0,-0.3533895988678339,0.0,0.9115866440491316,-0.63247890636976,0.0333623096294729,5.3899804619561564e-09,0.3683077847474303,0.2795895017535659,0.9244404536522856
"Pipeline verification on pre-#152 data; method development, not manuscript values",vle_obs_0128,Hilliard2008,313.15,313.15,0.3259065181303626,adopted,off-refit,0.4081862401932423,-0.0957555646271173,0.5039308494878956,1.0954911623173302e-05,0.5253382809559334,False,0.4539682514348442,-0.917542012146555,-0.0833357960861036,-0.0108227353082943,1.06166313664977,-1.3877787807814457e-17,0.3611972390563105,-0.5538127955855758,0.0,-0.4383778669636129,0.0,1.0616631359577058,-0.5875775585392145,0.0434158649536637,4.944234355264143e-09,0.611768441383711,0.3598097200404463,1.0831042201985812
"Pipeline verification on pre-#152 data; method development, not manuscript values",vle_obs_0129,Hilliard2008,313.15,313.15,0.3479069581391628,adopted,off-refit,0.4863066088885528,-0.1103311550542606,0.5966151849578196,2.257994969312449e-05,0.4703057203801666,False,0.4939291833316872,-0.9251646166497096,-0.0898259935766532,-0.0086621249974911,1.12633873521537,1.3877787807814457e-17,0.2734187307878963,-0.4131224832883267,0.0,-0.4744922508698797,0.0,1.126338735755509,-0.5662660096175349,0.047929993752775,1.634616442203196e-09,0.8459640762886421,0.3954410647575429,1.1527691354008027
"Pipeline verification on pre-#152 data; method development, not manuscript values",vle_obs_0130,Hilliard2008,313.15,313.15,0.3499069981399628,adopted,off-refit,0.4933809810940888,-0.1119091285049046,0.6052662265233621,2.3872224129917186e-05,0.4654679692675405,False,0.4977337864087161,-0.9258611267881632,-0.0904436569637567,-0.0084919738126822,1.1323291996065734,-1.3877787807814457e-17,0.2653734997232948,-0.4001338408180459,0.0,-0.4778154708652917,0.0,1.1323291990062891,-0.5642230559512624,0.0483527560087804,-1.9273249662887793e-09,0.5619570806065332,0.39879815563227716,1.1592704186740228
"Pipeline verification on pre-#152 data; method development, not manuscript values",vle_obs_0131,Hilliard2008,313.15,313.15,0.3599071981439629,adopted,off-refit,0.5285766381218595,-0.1205867183049533,0.6491321695507173,3.11986923051677e-05,0.4416401001113909,False,0.5172575996859052,-0.9293658334463828,-0.0936159576081507,-0.0077131146407338,1.1625694640324582,1.3877787807814457e-17,0.2250166368547574,-0.3347064089780929,0.0,-0.4945258586160395,0.0,1.1625694648514615,-0.5537180056581787,0.0504976250811961,1.1527621301965496e-08,-0.1777311126088456,0.41592852743702075,1.1922300192655788
"Pipeline verification on pre-#152 data; method development, not manuscript values",vle_obs_0132,Hilliard2008,313.15,313.15,0.3819076381527631,adopted,off-refit,0.6040160620727004,-0.1455870742033123,0.749549899593271,5.322560288334444e-05,0.3910302998468037,False,0.5636682127718728,-0.9373068350804205,-0.1011975886644478,-0.0064631473669503,1.230849251456533,1.3877787807814457e-17,0.1357375871349067,-0.1880645052162162,0.0,-0.5317869682657514,0.0,1.230849252084142,-0.528717137031717,0.0553967493153439,6.476683633849234e-09,0.2569895677251919,0.45600747674047476,1.267630422776488
"Pipeline verification on pre-#152 data; method development, not manuscript values",vle_obs_0133,Hilliard2008,313.15,313.15,0.3859077181543631,adopted,off-refit,0.6172390904507621,-0.1512625278305333,0.7684432115960034,5.839643768013048e-05,0.3820477015963299,False,0.5727112643683085,-0.9388031767976202,-0.102685050640261,-0.0063114343199635,1.2435316020040543,1.3877787807814457e-17,0.1194865847009181,-0.1610352261062804,0.0,-0.5386237518272425,0.0,1.2435316026022385,-0.5238588819685575,0.0563135112640473,6.981484945711713e-09,1.3553572843475734,0.46371477940808403,1.2818075367593451
"Pipeline verification on pre-#152 data; method development, not manuscript values",vle_obs_0134,Hilliard2008,313.15,313.15,0.3889077781555631,adopted,off-refit,0.6270138639026515,-0.1558006590248786,0.7827519468219437,6.256618260991331e-05,0.375346972693118,False,0.5796331795870913,-0.9399394870435174,-0.1038263899744151,-0.0062141412803669,1.2530987806089513,-1.3877787807814457e-17,0.1073059628924202,-0.1406965360481393,0.0,-0.5437613503757692,0.0,1.253098780982156,-0.5201457703246835,0.0570061532068049,4.924200602829387e-09,2.175855333534252,0.4695926483323093,1.2925425535197477
"Pipeline verification on pre-#152 data; method development, not manuscript values",vle_obs_0135,Hilliard2008,313.15,313.15,0.3999079981599632,adopted,off-refit,0.6615487588357656,-0.1748189262963502,0.8362873463789748,8.033813570662574e-05,0.3510056828807941,False,0.6061278039481977,-0.9442264806480694,-0.1082193719970092,-0.0059842444510156,1.2885896290912626,-1.3877787807814457e-17,0.0627667578066555,-0.0656796514103987,0.0,-0.5626571897301753,0.0,1.2885896296479622,-0.5059883878754983,0.0595816954584202,1.0435608821524056e-08,2.9013461465303214,0.49192418750017286,1.3326944024711436
"Pipeline verification on pre-#152 data; method development, not manuscript values",vle_obs_0136,Hilliard2008,313.15,313.15,0.4639092781855637,adopted,off-refit,0.7553045435135735,-0.4335386049800238,1.1885179513444788,0.0003251970832671,0.2116283919766002,False,0.8069065405180709,-0.9741974953847432,-0.142589124596526,-0.009162551731223,1.5075605707368425,-6.938893903907228e-18,-0.1750394804125337,0.3700494743258442,0.0,-0.6700829989256536,0.0,1.5075605687033118,-0.399861211133647,0.075211793878696,1.1802057775511798e-08,1.0718690336313768,0.6551548641903218,1.5985320180800937
"Pipeline verification on pre-#152 data; method development, not manuscript values",vle_obs_0137,Hilliard2008,313.15,313.15,0.4659093181863638,adopted,off-refit,0.7525280113021608,-0.4485851675813213,1.2007750309277003,0.0003381393381829,0.2072456067309533,False,0.8145533630266044,-0.975185426721481,-0.1439019543081343,-0.00937828817521,1.5146873245017505,6.938893903907228e-18,-0.1810508404929447,0.3828972579167793,0.0,-0.6731566719577766,0.0,1.5146873262791587,-0.3956181952237365,0.0756920593102055,1.2604171262253772e-08,3.7811051930977055,0.66127312054326,1.6079545194314244
"Pipeline verification on pre-#152 data; method development, not manuscript values",vle_obs_0138,Hilliard2008,313.15,313.15,0.4809096181923638,adopted,off-refit,0.7147773610496113,-0.5804663194274449,1.2948033156522571,0.0004403739172289,0.1744270491143049,False,0.8731035411990717,-0.9818250369164616,-0.1537677138063742,-0.0110768403685512,1.5683693539900505,-1.0408340855860844e-17,-0.2205380301370514,0.4750415052645804,0.0,-0.6949028119428591,0.0,1.5683693549284294,-0.3612194845141605,0.0791798523011695,1.1554522227896769e-08,3.723562463956712,0.7082589870241464,1.6807673260969829
"Pipeline verification on pre-#152 data; method development, not manuscript values",vle_obs_0139,Hilliard2008,313.15,313.15,0.4909098181963639,adopted,off-refit,0.6734384038935417,-0.6861935421994514,1.3591265950819276,0.0005053589167793,0.1527742290549104,False,0.9120359991232618,-0.9849199400946418,-0.160017041839211,-0.0121807155493978,1.604208277996321,3.469446951953614e-18,-0.2401798538268114,0.5311243620818877,0.0,-0.7077897163163342,0.0,1.6042082783149114,-0.3354976961742792,0.0813475118869786,1.5445595469287813e-08,4.212212519359467,0.739838241734653,1.7307501759929842
"Pipeline verification on pre-#152 data; method development, not manuscript values",vle_obs_0140,Hilliard2008,313.15,313.15,0.5009100182003641,adopted,off-refit,0.6220952538855125,-0.8027286520084522,1.4242665394329626,0.0005573659878876,0.1314949734096142,False,0.9495524822877854,-0.9863945572341491,-0.1656519885706586,-0.0131453432784813,1.6399059255009831,0.0,-0.2534435654519191,0.5818206966304151,0.0,-0.7190928024492775,0.0,1.6399059256650306,-0.3073696364878104,0.083346034782971,2.072748328529883e-08,2.4383030334528897,0.7707551504386455,1.7806787609085069
"Pipeline verification on pre-#152 data; method development, not manuscript values",vle_obs_0141,Hilliard2008,313.15,313.15,0.5179103582071641,adopted,off-refit,0.5258441516133505,-1.010770699421546,1.5360159602521772,0.0005988841767496,0.0964425658608996,False,1.0084900746054617,-0.9847146606567492,-0.1734440065348508,-0.0142804017534694,1.6999649410396105,0.0,-0.2605218218105769,0.6544192406678606,0.0,-0.7343752030550688,0.0,1.6999649411825324,-0.254178014768275,0.08629976942951,1.3552174937814245e-08,2.401741363113455,0.8207656663171414,1.8614954045219532
"Pipeline verification on pre-#152 data; method development, not manuscript values",vle_obs_0142,Hilliard2008,313.15,313.15,0.5909118182363647,adopted,off-refit,0.2855851050242677,-1.7454367077218498,2.030370357803593,0.0006514545010887,-0.0406405706785425,False,1.2502251574453285,-0.9569819360955024,-0.1995052488101834,-0.0144450946572283,1.95107745653209,5.204170427930421e-18,-0.143928525567591,0.8281092377839121,0.0,-0.7607219438923565,0.0,1.9510774562098236,0.0177179926962391,0.0942592243722746,2.3389088887881826e-08,0.0894696521894302,1.0362748139779168,2.0853628554794383
"Pipeline verification on pre-#152 data; method development, not manuscript values",vle_obs_0143,Hilliard2008,333.15,333.15,0.1139022780455609,adopted,off-refit,-0.4031474332316493,-0.0593235042078386,-0.3438030165442947,-2.0912506258241592e-05,1.7100524085412805,False,0.1752588542736077,-0.9382397173851622,-0.0333656970497031,-0.0316503145213198,0.4841938600709738,5.551115123125783e-17,1.0385073088312948,-1.6032729393780991,0.0,-0.1244025349621702,-0.1318739730370151,0.4841938598094641,-0.8091789540214644,0.0118631845245251,-1.9326911737671533e-09,1.3311419028116576,0.11024284270258486,0.4863324060104954
"Pipeline verification on pre-#152 data; method development, not manuscript values",vle_obs_0144,Hilliard2008,333.15,333.15,0.1909038180763615,adopted,off-refit,-0.1648496704495659,-0.0725023652174754,-0.0923191124463782,-2.81971084454824e-05,1.1420871740766123,False,0.3029666968856759,-0.9656739371255476,-0.0566709972726897,-0.0226766024107736,0.6497357206682182,-2.775557561562892e-17,0.8064819593651577,-1.2496995382381817,0.0,-0.2183711461509363,-0.1021790388335646,0.6497357206797076,-0.7421438262012003,0.0216239376563246,6.808738711727713e-09,0.2581449289136088,0.22361909720221257,0.6545888395232389
"Pipeline verification on pre-#152 data; method development, not manuscript values",vle_obs_0145,Hilliard2008,333.15,333.15,0.2909058181163623,adopted,off-refit,0.1689001093007158,-0.1090810936910892,0.2779921877299873,-1.0980379325786773e-05,0.6872719137067915,False,0.4924530505601154,-0.9996576530557668,-0.0905649770288583,-0.0131644273614062,0.8889261947177545,-4.163336342344337e-17,0.4722527325933936,-0.734502775426856,0.0,-0.3538204459723424,-0.0588139077348217,0.8889261936344126,-0.6370892128459134,0.0377951836947132,-1.0185113863414583e-10,0.0190871565577553,0.38872364616985083,0.9012072780822376
"Pipeline verification on pre-#152 data; method development, not manuscript values",vle_obs_0146,Hilliard2008,333.15,333.15,0.3859077181543631,adopted,off-refit,0.478013688971167,-0.2175345997276181,0.6954108516191733,0.0001374369568125,0.3939000718358366,False,0.730498917267397,-1.039536809299694,-0.1337597981265759,-0.0091449307432212,1.147353463191337,-1.3877787807814457e-17,0.1278992066503299,-0.1848143729114166,0.0,-0.4959373799117959,-0.0123961263778324,1.1473534630201463,-0.507799126459135,0.05744954609158,9.329930605872503e-09,1.1372775025078137,0.5875941883975999,1.1787892306334165
"Pipeline verification on pre-#152 data; method development, not manuscript values",vle_obs_0147,Hilliard2008,333.15,333.15,0.4849096981939639,adopted,off-refit,0.5065677666810195,-0.739279688207942,1.2450343543403042,0.0008131007444553,0.1441941153516545,False,1.1221239471836952,-1.1109254171248786,-0.2066280515355956,-0.0143454334092241,1.4548092934087435,0.0,-0.1719343029264888,0.3874210488997063,0.0,-0.6380178800667311,0.0362496339503088,1.454809291391411,-0.3059743641565977,0.0803071359866069,1.5817563703279802e-08,3.036114928104764,0.9011504622388755,1.5559970579236726
"Pipeline verification on pre-#152 data; method development, not manuscript values",vle_obs_0148,Hilliard2008,333.15,333.15,0.5439108782175645,adopted,off-refit,0.2463489060591275,-1.3734310623240336,1.6190208606845946,0.0007591074620165,0.0177050721807653,False,1.3623559319775325,-1.1318850490660282,-0.2426658623377875,-0.0169865795970891,1.6482024032017932,1.0408340855860844e-17,-0.1859892440991082,0.6031139855610884,0.0,-0.684195830363632,0.0550033789509878,1.6482024045476011,-0.12261971969138,0.0894479902592838,1.6506173761143828e-08,0.925677596937544,1.1027034900426558,1.7421540462113398
"Pipeline verification on pre-#152 data; method development, not manuscript values",vle_obs_0149,Hilliard2008,333.15,333.15,0.5649112982259645,adopted,off-refit,0.1718014624218895,-1.5815796124515362,1.7527087214846788,0.0006723544553288,-0.0212053514452148,False,1.4394936149297877,-1.1339739663718262,-0.2520848953579921,-0.0170397430589164,1.7163136865707145,6.938893903907228e-18,-0.1580499873015226,0.6493674791573839,0.0,-0.6919684698019557,0.0591636368178745,1.716313687467903,-0.0500655369449587,0.0914218041832611,2.477291149993732e-08,0.2196745782689943,1.170368976512879,1.7653518106944794
"Pipeline verification on pre-#152 data; method development, not manuscript values",vle_obs_0186,Jou1995,313.15,313.15,0.0887017740354807,adopted,off-refit,-0.3595348188405526,-0.0510491479831038,-0.3084776267601969,-8.03249802316941e-06,1.6520239610244631,False,0.1157652935290798,-0.820968492742935,-0.0237414429005156,-0.0526407814971725,0.4731078076877963,2.775557561562892e-17,1.1866869302590812,-1.8302193776639548,0.0,-0.1029873231602316,0.0,0.4731078078434474,-0.738205183214464,0.0083145873506411,-1.083644995958366e-08,-0.1266790896450635,0.03938306913139172,0.4746755668017909
"Pipeline verification on pre-#152 data; method development, not manuscript values",vle_obs_0187,Jou1995,313.15,313.15,0.2029040580811616,adopted,off-refit,-0.0114110544963179,-0.0601306842453488,0.0487304370252661,-1.0796341676666543e-05,0.9337099565115656,False,0.267200535875034,-0.8718758413017724,-0.0518813559224895,-0.0298223496564276,0.7351094442073816,0.0,0.8183038145989758,-1.26710877691264,0.0,-0.2524738224159064,0.0,0.7351094445364694,-0.6788309265358499,0.0224478581937206,3.823540151159932e-09,-0.0171031039093739,0.1854968302961169,0.7416172661036442
"Pipeline verification on pre-#152 data; method development, not manuscript values",vle_obs_0188,Jou1995,313.15,313.15,0.3649072981459629,adopted,off-refit,0.5460199264753385,-0.1254790047382208,0.671463537264815,3.538296038030353e-05,0.4299354994972195,False,0.5273583961074024,-0.9311369827180728,-0.0952600407444492,-0.0073707574595878,1.1778729190689887,0.0,0.2047694527729502,-0.3016961167805938,0.0,-0.5029374570129752,0.0,1.1778729193039128,-0.5482746983983082,0.0515894226223105,3.0105336001895462e-09,2.470668590758296,0.4247275979033654,1.209004640062739
"Pipeline verification on pre-#152 data; method development, not manuscript values",vle_obs_0189,Jou1995,313.15,313.15,0.4734094681893638,adopted,off-refit,0.7374335224015311,-0.5103098931804548,1.2473547585390188,0.0003886664536558,0.1908125954251088,False,0.8436562112912327,-0.9787184647613856,-0.1488559876694495,-0.0102175879909682,1.5414905762087583,-6.938893903907228e-18,-0.2021258165011135,0.4299953688395481,0.0,-0.6843442507768973,0.0,1.5414905795623035,-0.3790099794164367,0.0774647190220259,1.146083095093786e-08,5.0868626476913406,0.684582635630815,1.6439219071443674
"Pipeline verification on pre-#152 data; method development, not manuscript values",vle_obs_0190,Jou1995,313.15,313.15,0.5129102582051641,adopted,off-refit,0.5541291828622166,-0.9495139139849816,1.50305001115259,0.0005930789843624,0.1066008696788344,False,0.9917833500239226,-0.985730121438877,-0.1713795296343079,-0.0140184609725979,1.682394755200022,3.469446951953614e-18,-0.2604227588300414,0.6348412184896626,0.0,-0.7303906757953564,0.0,1.6823947558780032,-0.270482227415874,0.0854899887198612,1.7974428168088252e-08,2.5774899821839776,0.8063853594170168,1.8385472389725408
"Pipeline verification on pre-#152 data; method development, not manuscript values",vle_obs_0191,Jou1995,313.15,313.15,0.5569111382227645,adopted,off-refit,0.356429501581097,-1.4410104692474173,1.7968657755507025,0.0005741987302876,0.0206891747210602,False,1.132756112065536,-0.969255871119401,-0.1866520881854683,-0.014809225967749,1.8348268283860705,0.0,-0.2175694863539679,0.766470237900827,0.0,-0.7538710120471359,0.0,1.8348268295916248,-0.1137420496097805,0.0912282108904962,2.0371714093414542e-08,2.0924397845050877,0.9312947979123187,2.0073081971819704
"Pipeline verification on pre-#152 data; method development, not manuscript values",vle_obs_0192,Jou1995,313.15,313.15,0.6089121782435649,adopted,off-refit,0.2640408062730248,-1.891736159271796,2.155022898188623,0.0007540672173149,-0.0707699695081847,False,1.3172033221042767,-0.9530739098373432,-0.2074346707736651,-0.0142636969235889,2.0125918353672603,-1.734723475976807e-18,-0.0989349227613196,0.8535512048944264,0.0,-0.7624009528706432,0.0,2.012591836053523,0.0878165432087358,0.0956012139462724,1.8251682831760263e-08,0.3474290333547976,1.0955049544070226,2.1095478458060644
"Pipeline verification on pre-#152 data; method development, not manuscript values",vle_obs_0193,Jou1995,313.15,313.15,0.6419128382567652,adopted,off-refit,0.236679098666082,-2.1462906683195184,2.3819347135502027,0.0010350524185476,-0.1207394069981304,False,1.4447139004669651,-0.9506905753742244,-0.223292360113092,-0.0141205947178095,2.1253243159622173,-3.469446951953614e-18,-0.0114403590596614,0.8916382193617496,0.0,-0.763356138037824,0.0,2.1253243190169835,0.2145799495986712,0.097738227334407,2.732614623468521e-08,-1.0686312258416164,1.2073009456360635,2.1265401645443003
"Pipeline verification on pre-#152 data; method development, not manuscript values",vle_obs_0194,Jou1995,333.15,333.15,0.0563011260225204,adopted,off-refit,-0.5688287867932617,-0.0525270079230031,-0.5162906041809343,-1.1170090093770568e-05,2.397522946533276,False,0.0855161826684991,-0.9160274507813462,-0.0166002422474775,-0.0386117284406801,0.3694326490034783,-5.551115123125783e-17,1.198283553665913,-1.8457838870796464,0.0,-0.0594943190275829,-0.152212328835648,0.3694326492790729,-0.8533834677093319,0.0058235135676325,-1.4383407798135296e-08,1.3099750363860063,0.030304211980341444,0.3703145287480411
"Pipeline verification on pre-#152 data; method development, not manuscript values",vle_obs_0195,Jou1995,333.15,333.15,0.1189023780475609,adopted,off-refit,-0.3882423820650595,-0.0599870246855069,-0.3282337319206163,-2.16212394725801e-05,1.6637606056379628,False,0.1832468063955872,-0.940093077828056,-0.0348413089046317,-0.0310523486343576,0.494506195656399,-8.326672684688674e-17,1.0240951000691412,-1.5813669555380188,0.0,-0.1302473035163465,-0.1300356703601324,0.4945061963548922,-0.8051195384015994,0.012435290943757,1.394443116531363e-09,0.8495821440617333,0.11735314885659781,0.4967775119490936
"Pipeline verification on pre-#152 data; method development, not manuscript values",vle_obs_0196,Jou1995,333.15,333.15,0.2059041180823616,adopted,off-refit,-0.1163289453696014,-0.0760904290183694,-0.0402101900997031,-2.8321962023625247e-05,1.0588076882551076,False,0.3292747028371678,-0.9707929967905962,-0.0614076362648319,-0.0210416288932633,0.6837573673236648,0.0,0.7587178563813062,-1.1766071834373868,0.0,-0.2376975508590977,-0.0960338790738237,0.6837573669006902,-0.72784096943092,0.023779787558082,1.6881556152981145e-09,-0.1214311994004268,0.24682543767907258,0.6893580632684992
"Pipeline verification on pre-#152 data; method development, not manuscript values",vle_obs_0197,Jou1995,333.15,333.15,0.3889077781555631,adopted,off-refit,0.4861957578562421,-0.224014394653584,0.7100620065884868,0.0001481457920995,0.3858082253153028,False,0.7397735923841964,-1.0411752332739646,-0.1354816057785868,-0.0091464495383806,1.1560916896892763,-1.3877787807814457e-17,0.1169870807360116,-0.1667060125597945,0.0,-0.5005613609383852,-0.0108636344727157,1.156091690041083,-0.5030070020237529,0.058136925211131,1.3105946106151125e-08,3.4386119670304645,0.595145537067229,1.1885808603795684
"Pipeline verification on pre-#152 data; method development, not manuscript values",vle_obs_0198,Jou1995,333.15,333.15,0.4379087581751635,adopted,off-refit,0.5745496928206189,-0.3923932625219279,0.9665119923221406,0.0004309670650393,0.25891707455705,False,0.9152250109334404,-1.073735018097825,-0.1684843287552695,-0.0106824098324016,1.304188720505806,6.938893903907228e-18,-0.0527820711372206,0.1289076585265465,0.0,-0.5752037054542147,0.0141998362433279,1.304188720814436,-0.4151796361059152,0.0696986457156456,1.7568390076050378e-08,1.810864014034926,0.7360582723457693,1.362280497968217
"Pipeline verification on pre-#152 data; method development, not manuscript values",vle_obs_0199,Jou1995,333.15,333.15,0.5039100782015641,adopted,off-refit,0.428065425469331,-0.9370627906366842,1.3642568686509842,0.0008713470808494,0.1007456026190492,False,1.2054471073774664,-1.1220211462603693,-0.2205707480884555,-0.0156961657477026,1.517097800827372,-3.469446951953614e-18,-0.1947262234376685,0.4726121530955502,0.0,-0.657480734014178,0.0435838187422046,1.5170978013717384,-0.2521174150241725,0.083893570589919,2.0542673118129077e-08,1.0215040693879798,0.9691801935413082,1.6323596272999268
"Pipeline verification on pre-#152 data; method development, not manuscript values",vle_obs_0200,Jou1995,333.15,333.15,0.5609112182243645,adopted,off-refit,0.1845689577644353,-1.5434304370600889,1.727310771135924,0.0006886237516496,-0.0140404896897938,False,1.424824414675285,-1.133542899589557,-0.2503190455360702,-0.0170460011932049,1.7033942812917928,0.0,-0.1642354856827586,0.6414808674291939,0.0,-0.6907366729412576,0.0584473909445986,1.7033942815724066,-0.0639583514142669,0.0910855488359567,2.1487678081300032e-08,0.8708952925223019,1.15745936794601,1.76255983865469
"Pipeline verification on pre-#152 data; method development, not manuscript values",vle_obs_0201,Jou1995,333.15,333.15,0.5789115782315646,adopted,off-refit,0.1319172153872791,-1.7098850221726942,1.8411882544209912,0.0006139839807346,-0.0453553831292854,False,1.4910603589601834,-1.1359043227798793,-0.2582830824548985,-0.0169883734232878,1.761303652456803,-1.0408340855860844e-17,-0.1339380888115675,0.6740726858435648,0.0,-0.6955260850243334,0.0614313267465747,1.761303652212034,-0.0014864780720258,0.0924736831737356,2.166207035969592e-08,-0.1623309267244977,1.215788903081997,1.7699872511974668
"Pipeline verification on pre-#152 data; method development, not manuscript values",vle_obs_0202,Jou1995,333.15,333.15,0.6679133582671654,adopted,off-refit,-0.0217695036762926,-2.3911648931146434,2.3696852662838213,-0.0002898768489352,-0.1639040027736468,False,1.8241909985228235,-1.172893488732285,-0.3005305514669487,-0.0170617187204844,2.0359799954607354,3.469446951953614e-18,0.0604388490148561,0.759381008547634,0.0,-0.7018460312771695,0.0699015289675379,2.035979997233452,0.2839815066021245,0.0961061513492658,3.12199808227831e-08,0.0285665109092367,1.5065987283353903,1.6977580991909402
