evaluation,name,model_form,start,case,converged,replay_absolute_difference,n_targets,cost,pressure_cost,bottinger_cost,matin_cost,wall_s,max_abs_stationarity,pressure_aard_percent,pressure_n_available,species_aard_percent,species_n_available,fixed_coordinate,start_agreement,native_iterations,trial_failures,native_wall_s,active_bounds,k_MEACOO_water,k_MEAH_water_313_15K,k_HCO3_water,k_MEAH_MEACOO,b_MEAH_water_K,k_MEAH_water_293_15K,k_MEAH_water_353_15K,reference_form,delta_cost,percent_delta_cost,delta_pressure_cost,percent_delta_pressure_cost,delta_bottinger_cost,percent_delta_bottinger_cost,delta_matin_cost,percent_delta_matin_cost
baseline-11,baseline-11,SSM+DS,adopted baseline,baseline,"retained converged record, replayed",0,142,32.991897261221126,8.14345313051485,3.1008206437703407,21.74762348693594,26.031628172000183,3.979039320256561e-13,13.526616025041212,48,8.284851159428566,94,none,not applicable,not applicable: baseline evaluation,not applicable: baseline evaluation,not applicable: baseline evaluation,pair/bicarbonate-anion/water/k_ij,0.12982492242111807,-0.37931089293768305,0.5,-0.7167720275459181,-148.5346444297559,-0.4116714092398087,-0.3255859298683464,SSM+DS,0,0,0,0,0,0,0,0
replay-ablation-0-11,ablation-0-11,SSM+DS,A: adopted coordinates,0,True,2.3163693185779266e-12,142,42.83707573538608,9.215083330820573,5.919724485175808,27.7022679193897,23.840140574000543,9.947598300641403e-13,14.887060720370934,48,9.425403230955144,94,MEACOO-–water k,True,9,0,203.48431944899994,,0.0,-0.2595096861145361,0.1469996930032525,-0.7370817010798038,-409.58714044540307,-0.34874443256988386,-0.11136206655692515,SSM+DS,9.845178474164953,29.841201299256696,1.071630200305723,13.159407724594736,2.8189038414054677,90.90831638613946,5.954644432453762,27.380667299260484
replay-ablation-0-00,ablation-0-00,SSM+DS,B: matched Original Born coordinates,0,True,1.9397816686250735e-12,142,42.83707573539425,9.215084626187712,5.919723566025596,27.70226754318094,23.448501789999682,4.547473508864641e-13,14.887062248637731,48,9.425403120712078,94,MEACOO-–water k,True,9,0,207.6652492940002,,0.0,-0.25950971198303097,0.14699973461955296,-0.7370817095081678,-409.58726906333624,-0.34874448645973855,-0.11136204590432902,SSM+DS,9.845178474173125,29.84120129928146,1.0716314956728628,13.159423631447995,2.818902922255255,90.90828674397959,5.954644056245002,27.38066556937602
replay-ablation-1-11,ablation-1-11,SSM+DS,A: adopted coordinates,1,True,3.751665644813329e-12,142,108.86253860583065,29.076648060947164,32.027856836806514,47.758033708076965,24.75764280400017,6.252776074688882e-13,26.45204176207021,48,15.864639362256893,94,MEAH+–water k at313.15K,True,12,0,252.9422509359997,,-0.06412981781548513,0.0,-0.4249241667803392,-0.6562594933135996,-519.6187079165603,-0.11320678575007752,0.18794602431054894,SSM+DS,75.87064134460952,229.96750003155572,20.933194930432315,257.05550943729526,28.927036193036173,932.8832433811231,26.010410221141026,119.6011611878686
replay-ablation-1-00,ablation-1-00,SSM+DS,B: matched Original Born coordinates,1,True,6.821210263296962e-13,142,108.86253860583004,29.0766389335211,32.027863861079375,47.75803581122956,24.735366818999864,3.410605131648481e-13,26.45203852397075,48,15.864640572829439,94,MEAH+–water k at313.15K,True,10,0,216.40371994999987,,-0.06412986630549707,0.0,-0.4249242337077602,-0.656259503832431,-519.6189481268134,-0.11320683808351018,0.18794611119456867,SSM+DS,75.87064134460891,229.96750003155387,20.93318580300625,257.0553973543015,28.927043217309034,932.8834699106023,26.010412324293622,119.60117085859238
replay-ablation-2-11,ablation-2-11,SSM+DS,A: adopted coordinates,2,True,9.066525308298878e-12,142,44.91884716213028,10.546893404118359,5.565704949604941,28.806248808406973,24.79207634100021,4.547473508864641e-13,16.641935340592013,48,9.51847568885335,94,HCO3-–water k,True,10,0,218.28616565400034,,0.012512714816619072,-0.23381254685500374,0.0,-0.7218845509997578,-445.3694006257143,-0.3308429992773824,-0.07272248808326218,SSM+DS,11.92694990090915,36.15114889111927,2.4034402736035094,29.51377302826765,2.4648843058346,79.49135370943303,7.058625321471034,32.45699616655234
replay-ablation-2-00,ablation-2-00,SSM+DS,B: matched Original Born coordinates,2,True,6.394884621840902e-13,142,44.91884716213917,10.54689366175768,5.56570475565183,28.80624874472966,24.517865275000077,7.958078640513122e-13,16.641935578455964,48,9.51847565837468,94,HCO3-–water k,True,10,0,218.06928531500034,,0.01251271682372472,-0.2338125498786865,0.0,-0.7218845512126946,-445.36941556416116,-0.3308430055556315,-0.07272248570371051,SSM+DS,11.926949900918046,36.151148891146235,2.403440531242831,29.51377619202776,2.4648841118814895,79.49134745453689,7.058625257793722,32.4569958737511
replay-ablation-3-11,ablation-3-11,SSM+DS,A: adopted coordinates,3,True,3.780087354243733e-12,142,167.31491882157712,127.82165731780829,25.28417254901731,14.209088954751534,24.166743002000658,6.252776074688882e-13,85.05333257938445,48,10.611382889273917,94,MEAH+–MEACOO- k,True,7,0,160.24613180300003,pair/bicarbonate-anion/water/k_ij,0.19637220760011154,-0.2651020905522159,0.5,0.0,-85.13673492802863,-0.28365041447439104,-0.23430814374329256,SSM+DS,134.32302156035598,407.1394272867116,119.67820418729343,1469.6247681323252,22.18335190524697,715.4026128474768,-7.538534532184405,-34.66371641348718
replay-ablation-3-00,ablation-3-00,SSM+DS,B: matched Original Born coordinates,3,True,1.8474111129762605e-12,142,167.3149188215888,127.82164738291542,25.28418068999206,14.209090748681342,23.641984887000035,6.252776074688882e-13,85.05332310963766,48,10.611383907092618,94,MEAH+–MEACOO- k,True,13,0,265.3135110940002,pair/bicarbonate-anion/water/k_ij,0.19637218996903483,-0.2651020332076119,0.5,0.0,-85.1366298171156,-0.28365033422978664,-0.23430812441729318,SSM+DS,134.3230215603677,407.1394272867471,119.67819425240057,1469.6246461337983,22.18336004622172,715.4028753900643,-7.538532738254597,-34.66370816463272
replay-ablation-4-11,ablation-4-11,SSM+DS,A: adopted coordinates,4,True,2.7213786779611837e-12,142,33.369119878049304,8.908836246647661,3.4377129067056575,21.02257072469598,25.078556915000263,4.547473508864641e-13,14.293203519720437,48,8.246768862716205,94,"MEAH+–water b,K",True,5,0,121.84504854500028,pair/bicarbonate-anion/water/k_ij,0.13143675945090974,-0.3696331215876774,0.5,-0.7141383311181719,0.0,-0.3696331215876774,-0.3696331215876774,SSM+DS,0.3772226168281776,1.1433795814815637,0.7653831161328117,9.398753868488493,0.3368922629353168,10.864616230291984,-0.7250527622399581,-3.3339402012155768
replay-ablation-4-00,ablation-4-00,SSM+DS,B: matched Original Born coordinates,4,True,1.8047785488306545e-12,142,33.36911987804888,8.908835677688215,3.4377136407885103,21.022570559572152,24.910118089000207,3.979039320256561e-13,14.293202003191272,48,8.246769028152928,94,"MEAH+–water b,K",True,13,0,263.05694254100035,pair/bicarbonate-anion/water/k_ij,0.1314367299576801,-0.3696330918385185,0.5,-0.7141383299673845,0.0,-0.3696330918385185,-0.3696330918385185,SSM+DS,0.37722261682775127,1.1433795814802714,0.7653825471733651,9.398746881778587,0.33689299701816955,10.864639904116983,-0.7250529273637873,-3.333940960488558
