problem,coordinate1,coordinate2,conditional_correlation
F1,pair/carbamate-anion/water/k_ij,pair/carbamate-anion/water/k_ij,1.0
F1,pair/carbamate-anion/water/k_ij,pair/protonated-monoethanolamine/water/k_ij,-0.48218888334089827
F1,pair/carbamate-anion/water/k_ij,pair/carbamate-anion/protonated-monoethanolamine/k_ij,0.15280522439043717
F1,pair/carbamate-anion/water/k_ij,pair/protonated-monoethanolamine/water/k_ij/reciprocal_temperature_slope,-0.1055244915614015
F1,pair/protonated-monoethanolamine/water/k_ij,pair/carbamate-anion/water/k_ij,-0.48218888334089804
F1,pair/protonated-monoethanolamine/water/k_ij,pair/protonated-monoethanolamine/water/k_ij,1.0
F1,pair/protonated-monoethanolamine/water/k_ij,pair/carbamate-anion/protonated-monoethanolamine/k_ij,0.2793845396867202
F1,pair/protonated-monoethanolamine/water/k_ij,pair/protonated-monoethanolamine/water/k_ij/reciprocal_temperature_slope,0.052854673577538584
F1,pair/carbamate-anion/protonated-monoethanolamine/k_ij,pair/carbamate-anion/water/k_ij,0.15280522439043717
F1,pair/carbamate-anion/protonated-monoethanolamine/k_ij,pair/protonated-monoethanolamine/water/k_ij,0.2793845396867202
F1,pair/carbamate-anion/protonated-monoethanolamine/k_ij,pair/carbamate-anion/protonated-monoethanolamine/k_ij,1.0
F1,pair/carbamate-anion/protonated-monoethanolamine/k_ij,pair/protonated-monoethanolamine/water/k_ij/reciprocal_temperature_slope,-0.012988064799654527
F1,pair/protonated-monoethanolamine/water/k_ij/reciprocal_temperature_slope,pair/carbamate-anion/water/k_ij,-0.1055244915614015
F1,pair/protonated-monoethanolamine/water/k_ij/reciprocal_temperature_slope,pair/protonated-monoethanolamine/water/k_ij,0.052854673577538584
F1,pair/protonated-monoethanolamine/water/k_ij/reciprocal_temperature_slope,pair/carbamate-anion/protonated-monoethanolamine/k_ij,-0.012988064799654522
F1,pair/protonated-monoethanolamine/water/k_ij/reciprocal_temperature_slope,pair/protonated-monoethanolamine/water/k_ij/reciprocal_temperature_slope,1.0
F2,pair/carbamate-anion/water/k_ij,pair/carbamate-anion/water/k_ij,1.0
F2,pair/carbamate-anion/water/k_ij,pair/protonated-monoethanolamine/water/k_ij,-0.49508068772131825
F2,pair/carbamate-anion/water/k_ij,pair/protonated-monoethanolamine/water/k_ij/reciprocal_temperature_slope,-0.08491942797992134
F2,pair/protonated-monoethanolamine/water/k_ij,pair/carbamate-anion/water/k_ij,-0.49508068772131825
F2,pair/protonated-monoethanolamine/water/k_ij,pair/protonated-monoethanolamine/water/k_ij,0.9999999999999999
F2,pair/protonated-monoethanolamine/water/k_ij,pair/protonated-monoethanolamine/water/k_ij/reciprocal_temperature_slope,0.04042316453059707
F2,pair/protonated-monoethanolamine/water/k_ij/reciprocal_temperature_slope,pair/carbamate-anion/water/k_ij,-0.08491942797992134
F2,pair/protonated-monoethanolamine/water/k_ij/reciprocal_temperature_slope,pair/protonated-monoethanolamine/water/k_ij,0.04042316453059707
F2,pair/protonated-monoethanolamine/water/k_ij/reciprocal_temperature_slope,pair/protonated-monoethanolamine/water/k_ij/reciprocal_temperature_slope,1.0
F3,pair/carbamate-anion/water/k_ij,pair/carbamate-anion/water/k_ij,1.0
F3,pair/carbamate-anion/water/k_ij,pair/protonated-monoethanolamine/water/k_ij,-0.361292732656522
F3,pair/carbamate-anion/water/k_ij,pair/protonated-monoethanolamine/water/k_ij/reciprocal_temperature_slope,0.010607073615113195
F3,pair/protonated-monoethanolamine/water/k_ij,pair/carbamate-anion/water/k_ij,-0.361292732656522
F3,pair/protonated-monoethanolamine/water/k_ij,pair/protonated-monoethanolamine/water/k_ij,1.0
F3,pair/protonated-monoethanolamine/water/k_ij,pair/protonated-monoethanolamine/water/k_ij/reciprocal_temperature_slope,-0.05369924526669185
F3,pair/protonated-monoethanolamine/water/k_ij/reciprocal_temperature_slope,pair/carbamate-anion/water/k_ij,0.01060707361511319
F3,pair/protonated-monoethanolamine/water/k_ij/reciprocal_temperature_slope,pair/protonated-monoethanolamine/water/k_ij,-0.05369924526669184
F3,pair/protonated-monoethanolamine/water/k_ij/reciprocal_temperature_slope,pair/protonated-monoethanolamine/water/k_ij/reciprocal_temperature_slope,1.0
F4,pair/carbamate-anion/water/k_ij,pair/carbamate-anion/water/k_ij,0.9999999999999998
F4,pair/carbamate-anion/water/k_ij,pair/protonated-monoethanolamine/water/k_ij,-0.710264322011024
F4,pair/carbamate-anion/water/k_ij,pair/bicarbonate-anion/water/k_ij,0.7282949968780997
F4,pair/carbamate-anion/water/k_ij,pair/carbamate-anion/protonated-monoethanolamine/k_ij,0.23917294451594312
F4,pair/carbamate-anion/water/k_ij,pair/protonated-monoethanolamine/water/k_ij/reciprocal_temperature_slope,0.2097530530104613
F4,pair/protonated-monoethanolamine/water/k_ij,pair/carbamate-anion/water/k_ij,-0.710264322011024
F4,pair/protonated-monoethanolamine/water/k_ij,pair/protonated-monoethanolamine/water/k_ij,1.0
F4,pair/protonated-monoethanolamine/water/k_ij,pair/bicarbonate-anion/water/k_ij,-0.8443514842239292
F4,pair/protonated-monoethanolamine/water/k_ij,pair/carbamate-anion/protonated-monoethanolamine/k_ij,0.06633618577186179
F4,pair/protonated-monoethanolamine/water/k_ij,pair/protonated-monoethanolamine/water/k_ij/reciprocal_temperature_slope,-0.2779082475413706
F4,pair/bicarbonate-anion/water/k_ij,pair/carbamate-anion/water/k_ij,0.7282949968780998
F4,pair/bicarbonate-anion/water/k_ij,pair/protonated-monoethanolamine/water/k_ij,-0.8443514842239292
F4,pair/bicarbonate-anion/water/k_ij,pair/bicarbonate-anion/water/k_ij,1.0
F4,pair/bicarbonate-anion/water/k_ij,pair/carbamate-anion/protonated-monoethanolamine/k_ij,0.07092255518975767
F4,pair/bicarbonate-anion/water/k_ij,pair/protonated-monoethanolamine/water/k_ij/reciprocal_temperature_slope,0.2760413621387671
F4,pair/carbamate-anion/protonated-monoethanolamine/k_ij,pair/carbamate-anion/water/k_ij,0.23917294451594312
F4,pair/carbamate-anion/protonated-monoethanolamine/k_ij,pair/protonated-monoethanolamine/water/k_ij,0.06633618577186173
F4,pair/carbamate-anion/protonated-monoethanolamine/k_ij,pair/bicarbonate-anion/water/k_ij,0.0709225551897577
F4,pair/carbamate-anion/protonated-monoethanolamine/k_ij,pair/carbamate-anion/protonated-monoethanolamine/k_ij,1.0
F4,pair/carbamate-anion/protonated-monoethanolamine/k_ij,pair/protonated-monoethanolamine/water/k_ij/reciprocal_temperature_slope,-0.020162137813082962
F4,pair/protonated-monoethanolamine/water/k_ij/reciprocal_temperature_slope,pair/carbamate-anion/water/k_ij,0.20975305301046124
F4,pair/protonated-monoethanolamine/water/k_ij/reciprocal_temperature_slope,pair/protonated-monoethanolamine/water/k_ij,-0.27790824754137056
F4,pair/protonated-monoethanolamine/water/k_ij/reciprocal_temperature_slope,pair/bicarbonate-anion/water/k_ij,0.27604136213876707
F4,pair/protonated-monoethanolamine/water/k_ij/reciprocal_temperature_slope,pair/carbamate-anion/protonated-monoethanolamine/k_ij,-0.020162137813082976
F4,pair/protonated-monoethanolamine/water/k_ij/reciprocal_temperature_slope,pair/protonated-monoethanolamine/water/k_ij/reciprocal_temperature_slope,1.0
F5,pair/carbamate-anion/water/k_ij,pair/carbamate-anion/water/k_ij,1.0
F5,pair/carbamate-anion/water/k_ij,pair/protonated-monoethanolamine/water/k_ij,-0.3290801241061151
F5,pair/carbamate-anion/water/k_ij,pair/protonated-monoethanolamine/water/k_ij/reciprocal_temperature_slope,0.005328986120068741
F5,pair/protonated-monoethanolamine/water/k_ij,pair/carbamate-anion/water/k_ij,-0.32908012410611504
F5,pair/protonated-monoethanolamine/water/k_ij,pair/protonated-monoethanolamine/water/k_ij,0.9999999999999999
F5,pair/protonated-monoethanolamine/water/k_ij,pair/protonated-monoethanolamine/water/k_ij/reciprocal_temperature_slope,-0.055072816723777125
F5,pair/protonated-monoethanolamine/water/k_ij/reciprocal_temperature_slope,pair/carbamate-anion/water/k_ij,0.005328986120068738
F5,pair/protonated-monoethanolamine/water/k_ij/reciprocal_temperature_slope,pair/protonated-monoethanolamine/water/k_ij,-0.05507281672377711
F5,pair/protonated-monoethanolamine/water/k_ij/reciprocal_temperature_slope,pair/protonated-monoethanolamine/water/k_ij/reciprocal_temperature_slope,0.9999999999999999
F6,pair/carbamate-anion/water/k_ij,pair/carbamate-anion/water/k_ij,1.0
F6,pair/carbamate-anion/water/k_ij,pair/protonated-monoethanolamine/water/k_ij,-0.4573653306945724
F6,pair/carbamate-anion/water/k_ij,pair/carbamate-anion/protonated-monoethanolamine/k_ij,0.1495682323830322
F6,pair/carbamate-anion/water/k_ij,pair/protonated-monoethanolamine/water/k_ij/reciprocal_temperature_slope,-0.09169040810060866
F6,pair/protonated-monoethanolamine/water/k_ij,pair/carbamate-anion/water/k_ij,-0.4573653306945724
F6,pair/protonated-monoethanolamine/water/k_ij,pair/protonated-monoethanolamine/water/k_ij,1.0000000000000002
F6,pair/protonated-monoethanolamine/water/k_ij,pair/carbamate-anion/protonated-monoethanolamine/k_ij,0.2774602696708349
F6,pair/protonated-monoethanolamine/water/k_ij,pair/protonated-monoethanolamine/water/k_ij/reciprocal_temperature_slope,0.02953857729164467
F6,pair/carbamate-anion/protonated-monoethanolamine/k_ij,pair/carbamate-anion/water/k_ij,0.14956823238303227
F6,pair/carbamate-anion/protonated-monoethanolamine/k_ij,pair/protonated-monoethanolamine/water/k_ij,0.27746026967083487
F6,pair/carbamate-anion/protonated-monoethanolamine/k_ij,pair/carbamate-anion/protonated-monoethanolamine/k_ij,1.0
F6,pair/carbamate-anion/protonated-monoethanolamine/k_ij,pair/protonated-monoethanolamine/water/k_ij/reciprocal_temperature_slope,-0.02174428836076704
F6,pair/protonated-monoethanolamine/water/k_ij/reciprocal_temperature_slope,pair/carbamate-anion/water/k_ij,-0.09169040810060866
F6,pair/protonated-monoethanolamine/water/k_ij/reciprocal_temperature_slope,pair/protonated-monoethanolamine/water/k_ij,0.02953857729164468
F6,pair/protonated-monoethanolamine/water/k_ij/reciprocal_temperature_slope,pair/carbamate-anion/protonated-monoethanolamine/k_ij,-0.021744288360767035
F6,pair/protonated-monoethanolamine/water/k_ij/reciprocal_temperature_slope,pair/protonated-monoethanolamine/water/k_ij/reciprocal_temperature_slope,0.9999999999999998
