problem,objective,targets,cost,pressure_n,pressure_cost,pressure_AARD_percent,species_n,species_cost,species_AARD_percent,Bottinger_n,Bottinger_cost,Bottinger_AARD_percent,Matin_n,Matin_cost,Matin_AARD_percent,heat_n,heat_cost,heat_AARD_percent,pair/carbamate-anion/water/k_ij,pair/protonated-monoethanolamine/water/k_ij,pair/bicarbonate-anion/water/k_ij,pair/carbamate-anion/protonated-monoethanolamine/k_ij,pair/protonated-monoethanolamine/water/k_ij/reciprocal_temperature_slope,active_bounds
F1,no heat,141,30.0897611888619,47,7.7898635002436425,13.256546301516455,94,22.29989768861825,7.937280955817266,40,2.973864040041225,5.033472568654362,54,19.326033648577024,10.088250131493488,0,0.0,,0.2230769983733113,-0.3194004575874091,0.5,-0.9674984297781464,-1.0308441902699457,pair/bicarbonate-anion/water/k_ij
F2,no heat,141,57.243013325663625,47,34.27764063708873,36.07921967144044,94,22.9653726885749,8.456011040592589,40,10.94600265210254,9.585869126800809,54,12.01937003647236,7.619079124882796,0,0.0,,0.09079391777687151,0.15155143831916423,0.5,-1.0,45.05599528559655,pair/bicarbonate-anion/water/k_ij;pair/carbamate-anion/protonated-monoethanolamine/k_ij
F3,no heat,141,154.63418707054436,47,110.17404280574526,79.57316454007945,94,44.460144264799105,11.645594467016656,40,31.349088895211565,16.590920917090966,54,13.111055369587543,7.982389689183833,0,0.0,,0.06913098904099575,0.1171609940787976,0.5,-1.0,-138.93031124815104,pair/bicarbonate-anion/water/k_ij;pair/carbamate-anion/protonated-monoethanolamine/k_ij
F4,no heat,159,46.05437701771276,47,9.40641230048465,13.866726633017628,112,36.64796471722813,14.073396427978084,40,5.552365037077264,6.781173424509094,72,31.095599680150865,18.124631429905303,0,0.0,,0.14906250082132566,-0.20924604254219273,0.29210940941159524,-0.9539161788772873,182.7001450518631,
F5,no heat,159,63.88978074951007,47,33.16755440757602,34.47150016634248,112,30.722226341934064,11.968093419949671,40,13.02868606272816,10.481025837399956,72,17.6935402792059,12.794242076921737,0,0.0,,0.07587756125132436,0.1704457731163423,0.5,-1.0,160.93384164917217,pair/bicarbonate-anion/water/k_ij;pair/carbamate-anion/protonated-monoethanolamine/k_ij
F6,no heat,141,30.17940497198291,47,8.13279940242706,14.332110919723915,94,22.04660556955585,7.969866700177093,40,4.198270322238029,5.994688572045569,54,17.848335247317824,9.43296160990415,0,0.0,,0.24444996501602806,-0.4061473823265143,0.5,-0.7528304046587994,474.7049645562139,pair/bicarbonate-anion/water/k_ij
F1,with heat,149,32.05668369629657,47,8.380386176644645,13.814751061070464,94,21.95047973426294,7.891434173196347,40,3.2131873635145034,5.188643306943783,54,18.73729237074844,9.89350148153158,8,1.7258177853889853,2.2983856846945967,0.2239502973575809,-0.312453113461325,0.5,-0.9682867488255271,107.96395673675056,pair/bicarbonate-anion/water/k_ij
F2,with heat,149,60.00805402516511,47,34.35524898508106,36.067831630019334,94,22.9940518905845,8.443475134756634,40,11.028243190003153,9.594296559682236,54,11.965808700581348,7.5910148199969285,8,2.6587531494995402,2.8541074464950187,0.09180443082208939,0.15468258112455058,0.5,-1.0,106.9930785696943,pair/bicarbonate-anion/water/k_ij;pair/carbamate-anion/protonated-monoethanolamine/k_ij
F3,with heat,149,160.55509027553617,47,111.1730225475784,80.24519999957022,94,45.1020033805751,11.981318440736581,40,29.957140184895795,16.17763498963188,54,15.144863195679301,8.87293581192525,8,4.280064347382688,3.579402328115576,0.07779197208871202,0.12356323060695855,0.5,-1.0,63.80801968384196,pair/bicarbonate-anion/water/k_ij;pair/carbamate-anion/protonated-monoethanolamine/k_ij
F4,with heat,167,47.614277776866906,47,8.755743909440238,13.344199811581964,112,37.40808446857513,14.082975132274482,40,5.680980053699671,6.852800239105994,72,31.727104414875463,18.09973896181253,8,1.4504493988515499,2.06831492819345,0.13661883778182876,-0.19850897395554984,0.2495167522676534,-0.9578784979489136,111.41726923149467,
F5,with heat,167,66.60176434115075,47,32.98019629000615,34.33751085860143,112,30.9844545644347,12.119114612943763,40,13.16138717222159,10.562083737480089,72,17.82306739221311,12.984131765979138,8,2.637113486709878,2.8115033254214645,0.07328826787191155,0.16944399012657685,0.5,-1.0,117.95226959917981,pair/bicarbonate-anion/water/k_ij;pair/carbamate-anion/protonated-monoethanolamine/k_ij
F6,with heat,149,40.90175539595565,47,8.316787708718564,14.731789883680989,94,22.23840589395759,7.989922712536633,40,4.630445665131617,6.317523193535421,54,17.607960228825974,9.228737171056048,8,10.346561793279504,5.452521595122052,0.24435717416690952,-0.3977182412117912,0.5,-0.7580020109439927,599.1411367289121,pair/bicarbonate-anion/water/k_ij
