row_id,temperature_k,liquid_co2_mole_fraction,observed_pressure_kpa,model_pressure_kpa,log_pressure_residual,multiplicative_error,k_ij,liquid_density_mol_m3,vapor_density_mol_m3,vapor_co2_mole_fraction,pressure_residual_inf,chemical_potential_residual_inf
kiepe-313.20-02,313.2,0.00036,95.09,289.04496384739934,1.111758448706162,3.039698852112728,0.06673908,55055.95427279794,112.45882984925146,0.9739292336891768,3.2758364216915343e-12,3.197442310920451e-14
kiepe-313.20-03,313.2,0.00097,245.74,781.3403622092379,1.156736791550489,3.1795408244861965,0.06673908,55029.842969258265,310.9635119766864,0.9900046453997849,1.1606662101355012e-12,7.105427357601002e-15
kiepe-313.20-04,313.2,0.00159,397.51,1303.6206287680175,1.1876806802890527,3.2794662493220743,0.06673908,55003.61492669102,532.1641220019249,0.9937703138166333,7.506686943130514e-13,1.724764486787933e-08
kiepe-313.20-05,313.2,0.00223,558.87,1869.937063126144,1.2077431652302508,3.3459249255213988,0.06673908,54976.921246468904,785.9963698609008,0.9954616635735097,2.1322775248395044e-12,4.884981308350689e-14
kiepe-313.20-06,313.2,0.00284,710.35,2440.3856363103473,1.2341535471491196,3.4354693268252934,0.06673908,54951.901907534404,1058.6187689700992,0.9963579309216982,8.762207904768495e-13,1.4891449406917445e-08
kiepe-313.20-07,313.2,0.00354,889.33,3140.445422367529,1.2616515528646666,3.531248717987168,0.06673908,54923.80891099225,1420.7618083248663,0.9969952397544564,6.791166248833878e-13,2.944311461305915e-13
kiepe-313.20-08,313.2,0.00446,1124.8,4158.592627810801,1.3075714643365561,3.6971840574420356,0.06673908,54888.19856772041,2016.6833872911664,0.9975054300150725,7.088061304551495e-14,7.105427357601002e-15
kiepe-313.20-09,313.2,0.00713,1834.4,10306.94919182203,1.7261008939982694,5.618703222755141,0.06673908,54825.75305809415,15301.65195366925,0.9937652495635945,2.439685017033875e-14,9.769962616701378e-15
kiepe-313.20-10,313.2,0.01639,4667.1,423115.2786171317,4.507106774420323,90.65914135483095,0.06673908,58361.22198294776,31840.338573583347,0.9567444629862367,4.2261280403437496e-16,1.3766765505351941e-14
kiepe-313.20-11,313.2,0.01902,5664.0,726609.3567395296,4.854258640741244,128.28555027180957,0.06673908,60312.83850015325,34678.2062561521,0.9458647011526423,2.789061142092816e-15,1.687538997430238e-14
kiepe-313.20-12,313.2,0.02123,6643.8,1118751.8394638405,5.126284824851221,168.39035483666578,0.06673908,62363.87736045852,37178.132683305856,0.9350179701200303,4.2622245736967737e-16,9.059419880941277e-13
kiepe-353.11-02,353.11,0.00022,134.23,289.6190721786842,0.7690117688141361,2.1576329596862416,0.07877593600000002,53932.82431164462,99.73274382869954,0.833972533572814,7.366924404270366e-12,4.3520742565306136e-13
kiepe-353.11-03,353.11,0.00134,578.58,1584.7398919699947,1.0075987410815461,2.7390160253897378,0.07877593600000002,53889.57441226156,568.3295700107474,0.9675986171770068,8.212851235840038e-14,3.3923974740446283e-12
kiepe-353.11-04,353.11,0.00222,933.8,2688.1301123835324,1.057338822839312,2.878700056097165,0.07877593600000002,53856.90048269912,1001.6186012243747,0.9797559178897544,3.551188369131475e-14,5.742477604542273e-10
kiepe-353.11-05,353.11,0.00349,1458.2,4461.76041308955,1.1183406012187618,3.059772605328179,0.07877593600000002,53812.45948052925,1779.2284289093877,0.9865133298295167,8.929654677366185e-13,3.730349362740526e-14
kiepe-353.11-06,353.11,0.00487,2043.6,6758.8448177768105,1.1961390320336125,3.307322772449017,0.07877593600000002,53769.604353768824,2984.8909089239855,0.9896750984185818,5.270588309016715e-13,7.882317021312701e-11
kiepe-353.11-07,353.11,0.00644,2728.9,10326.14359108891,1.3307802945455502,3.7839948664622773,0.07877593600000002,53734.586663022164,5553.533371518365,0.9909065332256388,5.952589113487034e-14,1.687538997430238e-14
kiepe-353.11-08,353.11,0.01111,4939.0,58396.91314053065,2.470100149696009,11.823630925395959,0.07877593600000002,54137.11466780394,21085.307438112824,0.9733852411204988,1.405988668964579e-13,5.0114135063950016e-11
kiepe-353.11-09,353.11,0.01437,6699.9,139492.78267941345,3.035920261945474,20.82012905855512,0.07877593600000002,54955.61985794425,25504.290019809567,0.9614032289080441,8.727661085576508e-11,8.052779332246018e-09
kiepe-353.11-10,353.11,0.01734,8550.3,257110.2786499067,3.4035387226109033,30.070322520836314,0.07877593600000002,56045.15256660485,28578.4548180965,0.9516737623495606,2.3762084198105565e-14,7.815970093361102e-14
kiepe-373.26-02,373.26,0.00015,175.56,286.5488273328115,0.48992808380434744,1.6321988342037568,0.084853176,53227.27829244795,93.53548639374303,0.6382290675245094,1.1263751548706369e-12,8.748557434046234e-14
kiepe-373.26-03,373.26,0.00061,394.75,864.0459820486838,0.7833733342159266,2.1888435264057855,0.084853176,53210.27318223994,285.5119945624033,0.8767495015832425,8.824997440048578e-14,1.7834622667578515e-12
kiepe-373.26-04,373.26,0.00085,509.79,1172.8177300032767,0.8331655724739078,2.300589909577035,0.084853176,53201.5232654456,390.6190854580215,0.9079745980799238,3.3673377172079877e-12,1.573852159708622e-12
kiepe-373.26-05,373.26,0.00144,795.06,1955.885084560955,0.9001805151398403,2.460047146832887,0.084853176,53180.40345267733,665.3497892181922,0.9429068615263368,1.3025473341808623e-12,3.622124822300066e-11
kiepe-373.26-06,373.26,0.00261,1369.2,3628.032304315826,0.9744638087057901,2.6497460592432267,0.084853176,53140.4413365335,1295.5052740798933,0.9668020532117357,3.40129940380505e-14,2.7977620220553945e-14
kiepe-373.26-07,373.26,0.00413,2133.6,6124.96500228459,1.054562348616079,2.870718505007776,0.084853176,53093.66127020544,2369.7818499164564,0.9777440297139418,3.6827365950285746e-13,4.4570569457391684e-10
kiepe-373.26-08,373.26,0.00639,3317.1,11117.042668048833,1.209388399099991,3.3514342853844723,0.084853176,53043.87639863992,5176.05458163263,0.98333510380757,1.337423343470569e-11,6.482938186280762e-09
kiepe-373.26-09,373.26,0.00843,4437.8,19485.63154149546,1.4795185917906613,4.390831389764175,0.084853176,53057.084730003175,10997.051578514456,0.9810631312108906,3.331280434378905e-10,1.4987255880782868e-10
kiepe-373.26-10,373.26,0.01092,5884.7,42580.04912917701,1.9790300509208854,7.235721299161726,0.084853176,53258.47326821805,17929.53746158586,0.9708224681674721,2.5557316730281026e-12,1.6360246490876307e-12
kiepe-373.26-11,373.26,0.01291,7128.0,72796.5852543816,2.323638358087612,10.21276448574377,0.084853176,53571.125219944886,21290.590788388286,0.9629538715326469,4.902466363561963e-12,1.1296465984855786e-09
kiepe-373.26-12,373.26,0.01449,8186.9,104588.13943077982,2.547494839605285,12.775060087552042,0.084853176,53904.74879050976,23330.83037464164,0.9573230303298262,9.545803237551141e-15,3.82804898890754e-13
kiepe-373.26-13,373.26,0.01599,9257.6,142088.28010269196,2.7310037194959014,15.348284663702463,0.084853176,54290.463339504575,24993.74783115839,0.9523746166241691,8.599549639227093e-15,1.3855583347321954e-12
kiepe-393.17-02,393.17,3e-05,204.54,240.56938491342757,0.16224499531756553,1.1761483568662734,0.09085803200000002,52474.30589921602,75.17162570240647,0.16213961968494214,6.768167094422233e-12,4.1300296516055823e-14
kiepe-393.17-03,393.17,0.00071,619.9,1164.726037212389,0.6306830024461163,1.878893429928035,0.09085803200000002,52450.59105976852,367.3806914963517,0.8191124858893462,1.73568595965651e-11,8.667289108643672e-11
kiepe-393.17-04,393.17,0.00118,846.51,1828.7668846693432,0.7702751703411103,2.1603606391765524,0.09085803200000002,52434.642294284575,585.0588052913589,0.8818305084898582,2.3431172128729593e-12,3.231992451446786e-11
kiepe-393.17-05,393.17,0.00229,1534.5,3493.828689489112,0.822793585520675,2.2768515408857035,0.09085803200000002,52398.65062668558,1161.9281563499678,0.9340407520387226,2.037867828023282e-13,1.9539925233402755e-14
kiepe-393.17-06,393.17,0.0065,4230.3,12028.030499067396,1.0449668882662915,2.843304375355742,0.09085803200000002,52299.3481813176,5021.563905403533,0.9713865435244382,3.2520326695948178e-15,5.1601389827737876e-11
kiepe-393.17-07,393.17,0.00927,6322.6,23277.513575467892,1.3033572960164868,3.6816362849884374,0.09085803200000002,52324.92057286921,11166.496516981837,0.970293240785858,1.5299647506521675e-13,3.552713678800501e-14
