fit,source,species,family,n,mean_ln,rms_ln,aard_percent
baseline-11,Hilliard2008,pCO2,pressure,31,-0.02728018376601271,0.13494678640090638,10.61669421901095
baseline-11,Jou1995,pCO2,pressure,17,0.07983912658587358,0.23025457439855124,18.832944024272873
baseline-11,Bottinger2008,MEA + MEAH+,Bottinger,18,-0.001652488436700507,0.024815793244922724,1.9197253397036134
baseline-11,Bottinger2008,MEACOO-,Bottinger,18,-0.03510927941891873,0.0554374049438604,5.00551134537467
baseline-11,Bottinger2008,HCO3-,Bottinger,4,0.08964428829030788,0.2107252788321542,20.75664935675806
baseline-11,Matin2012,MEA,Matin,18,-0.1820204358530392,0.28024263386449283,14.930807413256685
baseline-11,Matin2012,MEAH+,Matin,18,0.09540111636890851,0.10761656918287552,10.148110139012262
baseline-11,Matin2012,MEACOO-,Matin,18,0.06285823779126873,0.07433329667218862,6.64859084927793
baseline-00,Hilliard2008,pCO2,pressure,31,0.038573226700415755,0.1635135282542788,13.569928510505783
baseline-00,Jou1995,pCO2,pressure,17,0.11765892578122926,0.26896284241262064,24.136386392617702
baseline-00,Bottinger2008,MEA + MEAH+,Bottinger,18,0.008637232250071576,0.025920034873651892,1.9521916905683705
baseline-00,Bottinger2008,MEACOO-,Bottinger,18,-0.06335712261112053,0.07734360753472427,7.116839137294345
baseline-00,Bottinger2008,HCO3-,Bottinger,4,0.25254561589478935,0.2855945840772198,29.861323622366147
baseline-00,Matin2012,MEA,Matin,18,-0.1406968290715803,0.20443671951222198,12.233722311445112
baseline-00,Matin2012,MEAH+,Matin,18,0.1073304913365213,0.11347270760451955,11.406261171754409
baseline-00,Matin2012,MEACOO-,Matin,18,0.034890955298440246,0.04936161431206839,3.6530835456348743
diameters-0.8-00-start-00,Hilliard2008,pCO2,pressure,31,-0.01791374240793186,0.14273027874794436,11.814290308247912
diameters-0.8-00-start-00,Jou1995,pCO2,pressure,17,0.09425645470265938,0.2356579628518116,20.239832765828407
diameters-0.8-00-start-00,Bottinger2008,MEA + MEAH+,Bottinger,18,0.004831961935451052,0.024878184235323533,1.8450260981517734
diameters-0.8-00-start-00,Bottinger2008,MEACOO-,Bottinger,18,-0.05523351767916515,0.07165596167359856,6.612769729811552
diameters-0.8-00-start-00,Bottinger2008,HCO3-,Bottinger,4,0.1721044479651287,0.22156336164711268,21.553983980472974
diameters-0.8-00-start-00,Matin2012,MEA,Matin,18,-0.156604887333496,0.2338950523531016,13.305824888714548
diameters-0.8-00-start-00,Matin2012,MEAH+,Matin,18,0.10489712821348825,0.11140842609816547,11.138438724421945
diameters-0.8-00-start-00,Matin2012,MEACOO-,Matin,18,0.04228137628324308,0.05492891823107864,4.3841148466992905
diameters-0.8-00-start-11,Hilliard2008,pCO2,pressure,31,-0.01791376403192775,0.14273022494529872,11.814284073414495
diameters-0.8-00-start-11,Jou1995,pCO2,pressure,17,0.09425636993006431,0.23565798424986345,20.239832057992192
diameters-0.8-00-start-11,Bottinger2008,MEA + MEAH+,Bottinger,18,0.004831973121993072,0.024878189208661108,1.8450263945595273
diameters-0.8-00-start-11,Bottinger2008,MEACOO-,Bottinger,18,-0.055233544865157885,0.07165598506536706,6.612771945806761
diameters-0.8-00-start-11,Bottinger2008,HCO3-,Bottinger,4,0.1721045984508982,0.2215634905596082,21.55399478101958
diameters-0.8-00-start-11,Matin2012,MEA,Matin,18,-0.15660485085184161,0.23389498411576226,13.30582250120731
diameters-0.8-00-start-11,Matin2012,MEAH+,Matin,18,0.1048971517660244,0.11140844711790368,11.138441327473979
diameters-0.8-00-start-11,Matin2012,MEACOO-,Matin,18,0.04228133828259231,0.054928888476520006,4.384110877019978
eps-mea-24-00-start-00,Hilliard2008,pCO2,pressure,31,0.0007989466842106905,0.14713587334553294,12.414688009791975
eps-mea-24-00-start-00,Jou1995,pCO2,pressure,17,0.1025715523466713,0.24769080561423878,21.644764220180402
eps-mea-24-00-start-00,Bottinger2008,MEA + MEAH+,Bottinger,18,0.005990876599676755,0.025135952238064863,1.875073867214148
eps-mea-24-00-start-00,Bottinger2008,MEACOO-,Bottinger,18,-0.05689195976949489,0.07228806158928057,6.678408803934062
eps-mea-24-00-start-00,Bottinger2008,HCO3-,Bottinger,4,0.20445651034935747,0.24844334629827455,23.945179125002188
eps-mea-24-00-start-00,Matin2012,MEA,Matin,18,-0.14771889423455453,0.21716480470859162,12.718030201564693
eps-mea-24-00-start-00,Matin2012,MEAH+,Matin,18,0.10333258869039677,0.11038750619282746,10.970244511868865
eps-mea-24-00-start-00,Matin2012,MEACOO-,Matin,18,0.041487232649581186,0.05458608994768653,4.302869293205566
eps-mea-24-00-start-11,Hilliard2008,pCO2,pressure,31,0.0007989579663124324,0.1471359074353572,12.414691644488599
eps-mea-24-00-start-11,Jou1995,pCO2,pressure,17,0.10257159985047426,0.24769079408924022,21.64476488065033
eps-mea-24-00-start-11,Bottinger2008,MEA + MEAH+,Bottinger,18,0.005990870515677937,0.025135949232334386,1.8750736014511067
eps-mea-24-00-start-11,Bottinger2008,MEACOO-,Bottinger,18,-0.05689194514596449,0.07228804903824043,6.678407631321718
eps-mea-24-00-start-11,Bottinger2008,HCO3-,Bottinger,4,0.20445642763827,0.24844327351822584,23.94517316240653
eps-mea-24-00-start-11,Matin2012,MEA,Matin,18,-0.14771891327189332,0.21716483894501598,12.718031505310535
eps-mea-24-00-start-11,Matin2012,MEAH+,Matin,18,0.10333257692959018,0.1103874956164691,10.97024321218509
eps-mea-24-00-start-11,Matin2012,MEACOO-,Matin,18,0.04148725246237051,0.0545861051472502,4.302871360569844
diameters-0.8-11-start-11,Hilliard2008,pCO2,pressure,31,-0.028581822313684706,0.13257372463091674,10.3208276964713
diameters-0.8-11-start-11,Jou1995,pCO2,pressure,17,0.0653560836061949,0.24212305710885576,19.571895477115287
diameters-0.8-11-start-11,Bottinger2008,MEA + MEAH+,Bottinger,18,-0.00680313571205888,0.024791320638886186,1.9565159203037474
diameters-0.8-11-start-11,Bottinger2008,MEACOO-,Bottinger,18,-0.02439790394317992,0.04940621050612018,4.23205848468097
diameters-0.8-11-start-11,Bottinger2008,HCO3-,Bottinger,4,-0.014521084698912862,0.21243447042523875,16.45300184290409
diameters-0.8-11-start-11,Matin2012,MEA,Matin,18,-0.1787925057290055,0.2702722538416916,14.8084829163745
diameters-0.8-11-start-11,Matin2012,MEAH+,Matin,18,0.08629935964923491,0.09799273479363621,9.132227230822426
diameters-0.8-11-start-11,Matin2012,MEACOO-,Matin,18,0.07493746608338243,0.08418948449562577,7.862636038079455
diameters-0.8-11-start-00,Hilliard2008,pCO2,pressure,31,-0.028581756659259175,0.13257376953945318,10.320834168824861
diameters-0.8-11-start-00,Jou1995,pCO2,pressure,17,0.06535611330202616,0.24212318187280055,19.5719034937069
diameters-0.8-11-start-00,Bottinger2008,MEA + MEAH+,Bottinger,18,-0.006803125540308728,0.024791323338231485,1.9565159075500032
diameters-0.8-11-start-00,Bottinger2008,MEACOO-,Bottinger,18,-0.02439791994759726,0.04940622173048002,4.23205996731624
diameters-0.8-11-start-00,Bottinger2008,HCO3-,Bottinger,4,-0.014520915691458074,0.21243457705362195,16.453019205982113
diameters-0.8-11-start-00,Matin2012,MEA,Matin,18,-0.17879239378558634,0.27027201664217354,14.808476542813187
diameters-0.8-11-start-00,Matin2012,MEAH+,Matin,18,0.0862993731219946,0.09799275015926862,9.132228739068502
diameters-0.8-11-start-00,Matin2012,MEACOO-,Matin,18,0.07493743553796088,0.08418946216048005,7.862632788237272
eps-mea-24-11-start-11,Hilliard2008,pCO2,pressure,31,-0.027994109746281557,0.13532947044450458,10.765555197837408
eps-mea-24-11-start-11,Jou1995,pCO2,pressure,17,0.07893807882292343,0.23235324974509275,19.16321839411935
eps-mea-24-11-start-11,Bottinger2008,MEA + MEAH+,Bottinger,18,-0.002290163105147484,0.024752836894302875,1.9210004351315688
eps-mea-24-11-start-11,Bottinger2008,MEACOO-,Bottinger,18,-0.033518117875190434,0.05436222245842683,4.881134911261859
eps-mea-24-11-start-11,Bottinger2008,HCO3-,Bottinger,4,0.0799833106971661,0.21125898408003504,20.544167523815787
eps-mea-24-11-start-11,Matin2012,MEA,Matin,18,-0.18117610854177774,0.27800539212941605,14.892158107781656
eps-mea-24-11-start-11,Matin2012,MEAH+,Matin,18,0.09394994666225837,0.10638447141903846,9.989040713299763
eps-mea-24-11-start-11,Matin2012,MEACOO-,Matin,18,0.06466611831070014,0.07592814225482317,6.83788630001544
eps-mea-24-11-start-00,Hilliard2008,pCO2,pressure,31,-0.0279939542981999,0.13532952759286604,10.765569466814387
eps-mea-24-11-start-00,Jou1995,pCO2,pressure,17,0.07893822364929562,0.2323533220329294,19.163217463664473
eps-mea-24-11-start-00,Bottinger2008,MEA + MEAH+,Bottinger,18,-0.0022901604978649167,0.02475284019351885,1.9210005904694842
eps-mea-24-11-start-00,Bottinger2008,MEACOO-,Bottinger,18,-0.03351811912038156,0.054362225070125884,4.881135140693952
eps-mea-24-11-start-00,Bottinger2008,HCO3-,Bottinger,4,0.0799833446669263,0.21125908793648784,20.544177503856233
eps-mea-24-11-start-00,Matin2012,MEA,Matin,18,-0.18117602521716078,0.2780052095421264,14.892153544395429
eps-mea-24-11-start-00,Matin2012,MEAH+,Matin,18,0.09394994917012564,0.10638447412549364,9.989040994927272
eps-mea-24-11-start-00,Matin2012,MEACOO-,Matin,18,0.06466610730149594,0.0759281367823354,6.837885634467439
