family,observation_id,temperature_C,target,status,jacobian_status,wall_s,R4_native_dlog10_per_kj_mol,R4_finite_difference_dlog10_per_kj_mol,R4_relative_deviation,R5_native_dlog10_per_kj_mol,R5_finite_difference_dlog10_per_kj_mol,R5_relative_deviation
pressure,vle_obs_0206,80,pCO2,evaluated,evaluated,1.0812519479986804,0.017420114262867055,0.017417808364391107,0.00013238740648115324,0.019305733619736247,0.01930656459795188,4.3041226284344984e-05
pressure,vle_obs_0208,80,pCO2,evaluated,evaluated,0.5195473829990078,0.011282868698919446,,,0.019718356659471734,,
pressure,vle_obs_0211,80,pCO2,evaluated,evaluated,0.49164751899661496,-0.008896554515380267,-0.008896278659791302,3.100797530230472e-05,0.017705979058767106,0.01770418666880551,0.00010124102254032871
pressure,vle_obs_0227,120,pCO2,non_evaluable,non_evaluable,10.846307309999247,,,,,,
pressure,vle_obs_0228,120,pCO2,non_evaluable,non_evaluable,8.197332144001848,,,,,,
pressure,vle_obs_0232,120,pCO2,non_evaluable,non_evaluable,11.869546062000154,,,,,,
speciation,Bottinger2008_state_030,20,MEA + MEAH+,evaluated,evaluated,0.4804597559996182,-7.906219138311396e-05,-7.909852921745711e-05,0.0004593996209873062,6.998513519486003e-05,7.002208617506002e-05,0.0005277046460400238
speciation,Bottinger2008_state_030,20,MEACOO-,evaluated,evaluated,0.4804597559996182,0.0010799932768814973,0.00108071462940717,0.0006674773395714876,-0.0009559998014088846,-0.0009566863278928639,0.0007176087542626534
speciation,Bottinger2008_state_033,20,MEA + MEAH+,evaluated,evaluated,0.7999368870005128,-0.0007432751636223192,-0.000743315157045945,5.3804127692900574e-05,0.0006203913436744676,0.0006205335222178428,0.00022912306633667166
speciation,Bottinger2008_state_033,20,MEACOO-,evaluated,evaluated,0.7999368870005128,0.002180391791347743,0.002181496072443087,0.0005062035679520551,-0.0018199019497053494,-0.00182109865889874,0.0006571358380518983
speciation,Matin2012_state_019,20,MEA,evaluated,evaluated,0.6585383109995746,-0.00473713002624805,-0.004737040612700088,1.887540244467672e-05,-0.0022433662159096405,-0.0022441655069460166,0.00035616403242193115
speciation,Matin2012_state_019,20,MEAH+,evaluated,evaluated,0.6585383109995746,-0.0013489013201487452,-0.0013485232467659925,0.00028036104209501185,0.0015811660693609455,0.0015808515288205428,0.0001989690585538003
speciation,Matin2012_state_019,20,MEACOO-,evaluated,evaluated,0.6585383109995746,0.0038162548765793857,0.003816987010772388,0.00019180945361778814,-0.0027990523380607116,-0.002800140575756094,0.000388636808024687
speciation,Matin2012_state_019,20,HCO3-,evaluated,evaluated,0.6585383109995746,-0.0024469723242217167,-0.0024464655962997323,0.00020712652683560134,-0.0011208527781960884,-0.0011210373387420425,0.00016463371876732945
speciation,Bottinger2008_state_055,60,MEA + MEAH+,evaluated,evaluated,0.607420242002263,8.907602721528559e-05,8.91099748118766e-05,0.0003809629243265988,-4.790184951165596e-05,-4.7927560190428804e-05,0.0005364487295136278
speciation,Bottinger2008_state_055,60,MEACOO-,evaluated,evaluated,0.607420242002263,-0.0006363129385518689,-0.0006366272763890304,0.0004937548999541094,0.0003421732829517861,0.0003423795089593562,0.0006023316295910474
speciation,Bottinger2008_state_057,60,MEA + MEAH+,evaluated,evaluated,0.40337161400020705,0.00034821951321500395,0.00034829131306442706,0.00020614883785467495,-0.0001598892977875675,-0.00015997249271672078,0.0005200577158012037
speciation,Bottinger2008_state_057,60,MEACOO-,evaluated,evaluated,0.40337161400020705,-0.0010569463644292162,-0.0010573719282541694,0.0004024731634930169,0.0004852308068395058,0.0004855367093286156,0.0006300295801171882
speciation,Bottinger2008_state_059,60,MEA + MEAH+,evaluated,evaluated,0.4666201350009942,0.0011332635493958966,0.0011331953214685484,6.020844425988868e-05,-0.0003749980122955447,-0.0003751588614533119,0.0004287494560146566
speciation,Bottinger2008_state_059,60,MEACOO-,evaluated,evaluated,0.4666201350009942,-0.0021928494533069317,-0.002193258335770526,0.00018642695068141974,0.0007236211391446593,0.0007240634061937534,0.0006108125963981871
speciation,Bottinger2008_state_059,60,HCO3-,evaluated,evaluated,0.4666201350009942,0.004265434873507849,0.004265272736485315,3.801328368682016e-05,0.000427187562244667,0.00042744119820310457,0.0005933821061325434
speciation,Bottinger2008_state_063,80,MEA + MEAH+,evaluated,evaluated,0.4524135159990692,5.8885199739975485e-05,5.897084544741506e-05,0.0014523398263968468,-2.1635262417301707e-05,-2.1676915803638813e-05,0.0019215550179935395
speciation,Bottinger2008_state_063,80,MEACOO-,evaluated,evaluated,0.4524135159990692,-0.0009074341083159773,-0.0009090130595745368,0.0017369951310693928,0.0003333730741842086,0.0003340522917830439,0.0020332672924046674
speciation,Bottinger2008_state_065,80,MEA + MEAH+,evaluated,evaluated,0.6750720010022633,0.00048331132011708165,0.0004837054820464957,0.0008148800128259283,-0.00013361015861733055,-0.0001338743757987107,0.001973620267536615
speciation,Bottinger2008_state_065,80,MEACOO-,evaluated,evaluated,0.6750720010022633,-0.0016853517704322652,-0.0016876933460885895,0.0013874414221939169,0.00046559162409358373,0.00046660266364035306,0.0021668104911390087
speciation,Bottinger2008_state_067,80,MEA + MEAH+,evaluated,evaluated,0.48797656999886385,0.0014883844272534758,0.0014881980862193986,0.00012521252096926936,-0.0002934087877594823,,
speciation,Bottinger2008_state_067,80,MEACOO-,evaluated,evaluated,0.48797656999886385,-0.0031258137907611,-0.0031279803303830684,0.0006926321118211566,0.0006135836982101988,,
speciation,Bottinger2008_state_067,80,HCO3-,evaluated,evaluated,0.48797656999886385,0.0128661042867965,0.012865150960689447,7.410143184215297e-05,0.0005330509215201102,,
