record_role,record_sha256,group,identity,target,source,temperature_k,mea_mass_fraction,loading_mol_CO2_per_mol_MEA,quantity,unit,observed,predicted,ln_pred_over_obs,relative_error,scaled_residual,status,numerically_complete,failure_code,solver_status,tolerance_met,balance_errors,max_abs_stationarity
primary,7e38de2e62bbcf5a022e9773adf19e37c36db3a3e73bc44684a30d4756efad26,transfer-15wt,canonical:vle_obs_0001,vle_obs_0001-pco2,Aronu2011,313.15,0.15,0.11099999999999977,pressure,Pa,1.7,3.722327973548081,0.7837210208330139,1.1896046903224007,2.612403402776713,evaluated,True,,SUCCESS,True,[],1.7053025658242404e-13
primary,7e38de2e62bbcf5a022e9773adf19e37c36db3a3e73bc44684a30d4756efad26,transfer-15wt,canonical:vle_obs_0002,vle_obs_0002-pco2,Aronu2011,313.15,0.15,0.14800000000000013,pressure,Pa,3.5,7.029709686537486,0.6973824401071308,1.008488481867853,2.324608133690436,evaluated,True,,SUCCESS,True,[],5.684341886080802e-14
primary,7e38de2e62bbcf5a022e9773adf19e37c36db3a3e73bc44684a30d4756efad26,transfer-15wt,canonical:vle_obs_0003,vle_obs_0003-pco2,Aronu2011,313.15,0.15,0.18599999999999994,pressure,Pa,6.8,12.271984988570855,0.5903964092161179,0.8047036747898317,1.9679880307203932,evaluated,True,,SUCCESS,True,[],5.684341886080802e-14
primary,7e38de2e62bbcf5a022e9773adf19e37c36db3a3e73bc44684a30d4756efad26,transfer-15wt,canonical:vle_obs_0004,vle_obs_0004-pco2,Aronu2011,313.15,0.15,0.2200000000000002,pressure,Pa,17.0,19.368891219452973,0.13045488956905232,0.13934654232076316,0.4348496318968411,evaluated,True,,SUCCESS,True,[],5.684341886080802e-14
primary,7e38de2e62bbcf5a022e9773adf19e37c36db3a3e73bc44684a30d4756efad26,transfer-15wt,canonical:vle_obs_0005,vle_obs_0005-pco2,Aronu2011,313.15,0.15,0.2360000000000002,pressure,Pa,21.5,23.83956623096749,0.10329371188824761,0.10881703399848774,0.3443123729608254,evaluated,True,,SUCCESS,True,[],5.684341886080802e-14
primary,7e38de2e62bbcf5a022e9773adf19e37c36db3a3e73bc44684a30d4756efad26,transfer-15wt,canonical:vle_obs_0006,vle_obs_0006-pco2,Aronu2011,313.15,0.15,0.2950000000000004,pressure,Pa,42.7,51.00709170258195,0.1777657558145787,0.19454547312838288,0.5925525193819291,evaluated,True,,SUCCESS,True,[],5.684341886080802e-14
primary,7e38de2e62bbcf5a022e9773adf19e37c36db3a3e73bc44684a30d4756efad26,transfer-15wt,canonical:vle_obs_0007,vle_obs_0007-pco2,Aronu2011,313.15,0.15,0.29800000000000004,pressure,Pa,45.0,53.05580928167316,0.1646818750751846,0.1790179840371815,0.5489395835839488,evaluated,True,,SUCCESS,True,[],5.684341886080802e-14
primary,7e38de2e62bbcf5a022e9773adf19e37c36db3a3e73bc44684a30d4756efad26,transfer-15wt,canonical:vle_obs_0008,vle_obs_0008-pco2,Aronu2011,313.15,0.15,0.3420000000000001,pressure,Pa,84.5,96.64042292146951,0.13424557607072876,0.1436736440410593,0.4474852535690959,evaluated,True,,SUCCESS,True,[],8.526512829121202e-14
primary,7e38de2e62bbcf5a022e9773adf19e37c36db3a3e73bc44684a30d4756efad26,transfer-15wt,canonical:vle_obs_0009,vle_obs_0009-pco2,Aronu2011,313.15,0.15,0.39800000000000013,pressure,Pa,222.0,230.0257478718427,0.03551386805416928,0.03615201744073282,0.11837956018056427,evaluated,True,,SUCCESS,True,[],5.684341886080802e-14
primary,7e38de2e62bbcf5a022e9773adf19e37c36db3a3e73bc44684a30d4756efad26,transfer-15wt,canonical:vle_obs_0010,vle_obs_0010-pco2,Aronu2011,313.15,0.15,0.44200000000000017,pressure,Pa,663.4,521.539261975481,-0.24059356827997835,-0.21383891773367336,-0.8019785609332613,evaluated,True,,SUCCESS,True,[],8.526512829121202e-14
primary,7e38de2e62bbcf5a022e9773adf19e37c36db3a3e73bc44684a30d4756efad26,transfer-15wt,canonical:vle_obs_0011,vle_obs_0011-pco2,Aronu2011,313.15,0.15,0.4500000000000002,pressure,Pa,701.3000000000001,615.1743162810809,-0.1310300867907402,-0.12280861787953679,-0.43676695596913406,evaluated,True,,SUCCESS,True,[],5.684341886080802e-14
primary,7e38de2e62bbcf5a022e9773adf19e37c36db3a3e73bc44684a30d4756efad26,transfer-15wt,canonical:vle_obs_0012,vle_obs_0012-pco2,Aronu2011,313.15,0.15,0.516,pressure,Pa,4840.5,2766.030410840873,-0.559604793476385,-0.4285651459888703,-1.8653493115879503,evaluated,True,,SUCCESS,True,[],5.684341886080802e-14
primary,7e38de2e62bbcf5a022e9773adf19e37c36db3a3e73bc44684a30d4756efad26,transfer-15wt,canonical:vle_obs_0013,vle_obs_0013-pco2,Aronu2011,313.15,0.15,0.5290000000000004,pressure,Pa,7886.099999999999,3733.6836285807294,-0.7477064017596207,-0.526548784750291,-2.492354672532069,evaluated,True,,SUCCESS,True,[],1.2789769243681803e-13
primary,7e38de2e62bbcf5a022e9773adf19e37c36db3a3e73bc44684a30d4756efad26,transfer-15wt,canonical:vle_obs_0014,vle_obs_0014-pco2,Aronu2011,313.15,0.15,0.565,pressure,Pa,16002.400000000001,8105.631433048032,-0.6801796522310389,-0.49347401433234817,-2.2672655074367967,evaluated,True,,SUCCESS,True,[],8.526512829121202e-14
primary,7e38de2e62bbcf5a022e9773adf19e37c36db3a3e73bc44684a30d4756efad26,transfer-15wt,canonical:vle_obs_0015,vle_obs_0015-pco2,Aronu2011,333.15,0.15,0.04800000000000004,pressure,Pa,4.2,3.786189106937085,-0.10372452474350415,-0.09852640311021788,-0.3457484158116805,evaluated,True,,SUCCESS,True,[],5.684341886080802e-14
primary,7e38de2e62bbcf5a022e9773adf19e37c36db3a3e73bc44684a30d4756efad26,transfer-15wt,canonical:vle_obs_0016,vle_obs_0016-pco2,Aronu2011,333.15,0.15,0.06000000000000005,pressure,Pa,5.6,5.76798854314779,0.02955681596144943,0.02999795413353401,0.0985227198714981,evaluated,True,,SUCCESS,True,[],5.684341886080802e-14
primary,7e38de2e62bbcf5a022e9773adf19e37c36db3a3e73bc44684a30d4756efad26,transfer-15wt,canonical:vle_obs_0017,vle_obs_0017-pco2,Aronu2011,333.15,0.15,0.07499999999999973,pressure,Pa,6.8,8.85773256654634,0.2643682016853027,0.30260773037446165,0.8812273389510089,evaluated,True,,SUCCESS,True,[],5.684341886080802e-14
primary,7e38de2e62bbcf5a022e9773adf19e37c36db3a3e73bc44684a30d4756efad26,transfer-15wt,canonical:vle_obs_0018,vle_obs_0018-pco2,Aronu2011,333.15,0.15,0.06899999999999995,pressure,Pa,7.8,7.537121970022462,-0.03428332613080836,-0.033702311535581786,-0.11427775376936121,evaluated,True,,SUCCESS,True,[],2.842170943040401e-14
primary,7e38de2e62bbcf5a022e9773adf19e37c36db3a3e73bc44684a30d4756efad26,transfer-15wt,canonical:vle_obs_0019,vle_obs_0019-pco2,Aronu2011,333.15,0.15,0.09799999999999986,pressure,Pa,9.4,15.056775174030525,0.4711183782958039,0.6017845929819707,1.5703945943193462,evaluated,True,,SUCCESS,True,[],2.842170943040401e-14
primary,7e38de2e62bbcf5a022e9773adf19e37c36db3a3e73bc44684a30d4756efad26,transfer-15wt,canonical:vle_obs_0020,vle_obs_0020-pco2,Aronu2011,333.15,0.15,0.13500000000000023,pressure,Pa,15.100000000000001,29.538626488422487,0.6710040355331892,0.9562004296968534,2.236680118443964,evaluated,True,,SUCCESS,True,[],5.684341886080802e-14
primary,7e38de2e62bbcf5a022e9773adf19e37c36db3a3e73bc44684a30d4756efad26,transfer-15wt,canonical:vle_obs_0021,vle_obs_0021-pco2,Aronu2011,333.15,0.15,0.14400000000000013,pressure,Pa,23.400000000000002,34.08976209190226,0.376261084938168,0.4568274398248826,1.2542036164605601,evaluated,True,,SUCCESS,True,[],5.684341886080802e-14
primary,7e38de2e62bbcf5a022e9773adf19e37c36db3a3e73bc44684a30d4756efad26,transfer-15wt,canonical:vle_obs_0022,vle_obs_0022-pco2,Aronu2011,333.15,0.15,0.17500000000000027,pressure,Pa,41.7,53.739193907437716,0.25364147440849216,0.2887096860296814,0.8454715813616406,evaluated,True,,SUCCESS,True,[],5.684341886080802e-14
primary,7e38de2e62bbcf5a022e9773adf19e37c36db3a3e73bc44684a30d4756efad26,transfer-15wt,canonical:vle_obs_0023,vle_obs_0023-pco2,Aronu2011,333.15,0.15,0.22999999999999998,pressure,Pa,96.5,110.59951737000432,0.1363727169905933,0.14610898829020025,0.4545757233019777,evaluated,True,,SUCCESS,True,[],5.684341886080802e-14
primary,7e38de2e62bbcf5a022e9773adf19e37c36db3a3e73bc44684a30d4756efad26,transfer-15wt,canonical:vle_obs_0024,vle_obs_0024-pco2,Aronu2011,333.15,0.15,0.2530000000000001,pressure,Pa,146.2,147.41995738306852,0.008309819360281918,0.008344441744654763,0.027699397867606397,evaluated,True,,SUCCESS,True,[],1.1368683772161603e-13
primary,7e38de2e62bbcf5a022e9773adf19e37c36db3a3e73bc44684a30d4756efad26,transfer-15wt,canonical:vle_obs_0025,vle_obs_0025-pco2,Aronu2011,333.15,0.15,0.4149999999999996,pressure,Pa,1799.8,1382.4179740293089,-0.2638414265879185,-0.23190467050266206,-0.8794714219597283,evaluated,True,,SUCCESS,True,[],5.684341886080802e-14
primary,7e38de2e62bbcf5a022e9773adf19e37c36db3a3e73bc44684a30d4756efad26,transfer-15wt,canonical:vle_obs_0026,vle_obs_0026-pco2,Aronu2011,333.15,0.15,0.48,pressure,Pa,5409.0,4655.084103049245,-0.150104255073364,-0.13938175207076264,-0.5003475169112134,evaluated,True,,SUCCESS,True,[],5.684341886080802e-14
primary,7e38de2e62bbcf5a022e9773adf19e37c36db3a3e73bc44684a30d4756efad26,transfer-15wt,canonical:vle_obs_0027,vle_obs_0027-pco2,Aronu2011,333.15,0.15,0.492,pressure,Pa,8229.699999999999,5948.8399896966275,-0.3245533211841574,-0.27714983660441717,-1.0818444039471915,evaluated,True,,SUCCESS,True,[],2.842170943040401e-14
primary,7e38de2e62bbcf5a022e9773adf19e37c36db3a3e73bc44684a30d4756efad26,transfer-15wt,canonical:vle_obs_0028,vle_obs_0028-pco2,Aronu2011,353.15,0.15,0.1030000000000002,pressure,Pa,60.3,77.31492617526138,0.24855492733719045,0.282171246687585,0.8285164244573016,evaluated,True,,SUCCESS,True,[],5.684341886080802e-14
primary,7e38de2e62bbcf5a022e9773adf19e37c36db3a3e73bc44684a30d4756efad26,transfer-15wt,canonical:vle_obs_0029,vle_obs_0029-pco2,Aronu2011,353.15,0.15,0.14700000000000024,pressure,Pa,131.5,163.60364184716016,0.2184398329825252,0.24413415853353726,0.7281327766084174,evaluated,True,,SUCCESS,True,[],5.684341886080802e-14
primary,7e38de2e62bbcf5a022e9773adf19e37c36db3a3e73bc44684a30d4756efad26,transfer-15wt,canonical:vle_obs_0030,vle_obs_0030-pco2,Aronu2011,353.15,0.15,0.2110000000000003,pressure,Pa,354.4,390.47043082688634,0.09692602636782002,0.10177886802168845,0.3230867545594001,evaluated,True,,SUCCESS,True,[],5.684341886080802e-14
primary,7e38de2e62bbcf5a022e9773adf19e37c36db3a3e73bc44684a30d4756efad26,transfer-15wt,canonical:vle_obs_0031,vle_obs_0031-pco2,Aronu2011,353.15,0.15,0.242,pressure,Pa,525.0,572.1307646311594,0.08596931215603944,0.0897728850117323,0.2865643738534648,evaluated,True,,SUCCESS,True,[],5.684341886080802e-14
primary,7e38de2e62bbcf5a022e9773adf19e37c36db3a3e73bc44684a30d4756efad26,transfer-15wt,canonical:vle_obs_0032,vle_obs_0032-pco2,Aronu2011,353.15,0.15,0.3730000000000002,pressure,Pa,3637.4,2980.377026506103,-0.1992193292345367,-0.18062983820693268,-0.664064430781789,evaluated,True,,SUCCESS,True,[],4.973799150320701e-14
primary,7e38de2e62bbcf5a022e9773adf19e37c36db3a3e73bc44684a30d4756efad26,transfer-15wt,canonical:vle_obs_0033,vle_obs_0033-pco2,Aronu2011,353.15,0.15,0.4089999999999998,pressure,Pa,6309.2,5047.238793979995,-0.2231675653483452,-0.20001921099664066,-0.7438918844944841,evaluated,True,,SUCCESS,True,[],5.684341886080802e-14
primary,7e38de2e62bbcf5a022e9773adf19e37c36db3a3e73bc44684a30d4756efad26,transfer-45wt,canonical:vle_obs_0070,vle_obs_0070-pco2,Aronu2011,313.15,0.45,0.14100000000000001,pressure,Pa,3.5,3.315137828262592,-0.05426376856872829,-0.052817763353545155,-0.18087922856242764,evaluated,True,,SUCCESS,True,[],2.842170943040401e-14
primary,7e38de2e62bbcf5a022e9773adf19e37c36db3a3e73bc44684a30d4756efad26,transfer-45wt,canonical:vle_obs_0071,vle_obs_0071-pco2,Aronu2011,313.15,0.45,0.14800000000000013,pressure,Pa,3.5,3.6690303377097195,0.04716444550255058,0.04829438220277704,0.15721481834183526,evaluated,True,,SUCCESS,True,[],2.842170943040401e-14
primary,7e38de2e62bbcf5a022e9773adf19e37c36db3a3e73bc44684a30d4756efad26,transfer-45wt,canonical:vle_obs_0072,vle_obs_0072-pco2,Aronu2011,313.15,0.45,0.19499999999999984,pressure,Pa,7.7,6.813457206707866,-0.12232067133385763,-0.11513542770027718,-0.4077355711128588,evaluated,True,,SUCCESS,True,[],5.684341886080802e-14
primary,7e38de2e62bbcf5a022e9773adf19e37c36db3a3e73bc44684a30d4756efad26,transfer-45wt,canonical:vle_obs_0073,vle_obs_0073-pco2,Aronu2011,313.15,0.45,0.21700000000000008,pressure,Pa,9.9,8.88910725524214,-0.10770813388988586,-0.10211037825836977,-0.3590271129662862,evaluated,True,,SUCCESS,True,[],5.684341886080802e-14
primary,7e38de2e62bbcf5a022e9773adf19e37c36db3a3e73bc44684a30d4756efad26,transfer-45wt,canonical:vle_obs_0074,vle_obs_0074-pco2,Aronu2011,313.15,0.45,0.23400000000000043,pressure,Pa,12.3,10.857462463761754,-0.12474663412888687,-0.11727947449091436,-0.41582211376295625,evaluated,True,,SUCCESS,True,[],2.842170943040401e-14
primary,7e38de2e62bbcf5a022e9773adf19e37c36db3a3e73bc44684a30d4756efad26,transfer-45wt,canonical:vle_obs_0075,vle_obs_0075-pco2,Aronu2011,313.15,0.45,0.27600000000000025,pressure,Pa,16.400000000000002,17.675755805360826,0.07491263730335701,0.07778998813175741,0.24970879101119003,evaluated,True,,SUCCESS,True,[],5.684341886080802e-14
primary,7e38de2e62bbcf5a022e9773adf19e37c36db3a3e73bc44684a30d4756efad26,transfer-45wt,canonical:vle_obs_0076,vle_obs_0076-pco2,Aronu2011,313.15,0.45,0.27100000000000035,pressure,Pa,17.8,16.67731808738487,-0.06514885942291954,-0.06307201756264791,-0.21716286474306512,evaluated,True,,SUCCESS,True,[],2.842170943040401e-14
primary,7e38de2e62bbcf5a022e9773adf19e37c36db3a3e73bc44684a30d4756efad26,transfer-45wt,canonical:vle_obs_0077,vle_obs_0077-pco2,Aronu2011,313.15,0.45,0.2999999999999998,pressure,Pa,36.4,23.447415669396303,-0.43980849181942683,-0.3558402288627389,-1.466028306064756,evaluated,True,,SUCCESS,True,[],5.684341886080802e-14
primary,7e38de2e62bbcf5a022e9773adf19e37c36db3a3e73bc44684a30d4756efad26,transfer-45wt,canonical:vle_obs_0078,vle_obs_0078-pco2,Aronu2011,313.15,0.45,0.35399999999999965,pressure,Pa,59.8,46.475079416517524,-0.25208941854973094,-0.22282475892111164,-0.8402980618324365,evaluated,True,,SUCCESS,True,[],1.1368683772161603e-13
primary,7e38de2e62bbcf5a022e9773adf19e37c36db3a3e73bc44684a30d4756efad26,transfer-45wt,canonical:vle_obs_0079,vle_obs_0079-pco2,Aronu2011,313.15,0.45,0.3900000000000001,pressure,Pa,108.7,79.3038621497844,-0.3153049636485525,-0.2704336508759486,-1.051016545495175,evaluated,True,,SUCCESS,True,[],7.105427357601002e-14
primary,7e38de2e62bbcf5a022e9773adf19e37c36db3a3e73bc44684a30d4756efad26,transfer-45wt,canonical:vle_obs_0080,vle_obs_0080-pco2,Aronu2011,313.15,0.45,0.4039999999999999,pressure,Pa,178.1,100.59654322270103,-0.5712272948237199,-0.43516820200617046,-1.904090982745733,evaluated,True,,SUCCESS,True,[],7.105427357601002e-14
primary,7e38de2e62bbcf5a022e9773adf19e37c36db3a3e73bc44684a30d4756efad26,transfer-45wt,canonical:vle_obs_0081,vle_obs_0081-pco2,Aronu2011,313.15,0.45,0.42799999999999994,pressure,Pa,278.7,160.72382758108637,-0.5504483990514715,-0.42330883537464525,-1.8348279968382384,evaluated,True,,SUCCESS,True,[],5.684341886080802e-14
primary,7e38de2e62bbcf5a022e9773adf19e37c36db3a3e73bc44684a30d4756efad26,transfer-45wt,canonical:vle_obs_0082,vle_obs_0082-pco2,Aronu2011,313.15,0.45,0.46399999999999997,pressure,Pa,917.3,410.4488346940627,-0.8041832928188897,-0.552546784373637,-2.6806109760629657,evaluated,True,,SUCCESS,True,[],5.684341886080802e-14
primary,7e38de2e62bbcf5a022e9773adf19e37c36db3a3e73bc44684a30d4756efad26,transfer-45wt,canonical:vle_obs_0083,vle_obs_0083-pco2,Aronu2011,313.15,0.45,0.4750000000000001,pressure,Pa,2160.8999999999996,594.3825303163288,-1.2907569780421069,-0.7249375120013286,-4.302523260140356,evaluated,True,,SUCCESS,True,[],5.684341886080802e-14
primary,7e38de2e62bbcf5a022e9773adf19e37c36db3a3e73bc44684a30d4756efad26,transfer-45wt,canonical:vle_obs_0084,vle_obs_0084-pco2,Aronu2011,313.15,0.45,0.4969999999999999,pressure,Pa,5487.099999999999,1419.7018182112495,-1.3519530204183747,-0.7412655467895155,-4.5065100680612495,evaluated,True,,SUCCESS,True,[],7.105427357601002e-14
primary,7e38de2e62bbcf5a022e9773adf19e37c36db3a3e73bc44684a30d4756efad26,transfer-45wt,canonical:vle_obs_0085,vle_obs_0085-pco2,Aronu2011,333.15,0.45,0.04499999999999993,pressure,Pa,1.9,2.8096731058399147,0.3912142579648048,0.478775318863113,1.3040475265493494,evaluated,True,,SUCCESS,True,[],5.684341886080802e-14
primary,7e38de2e62bbcf5a022e9773adf19e37c36db3a3e73bc44684a30d4756efad26,transfer-45wt,canonical:vle_obs_0086,vle_obs_0086-pco2,Aronu2011,333.15,0.45,0.08700000000000019,pressure,Pa,5.8999999999999995,8.810710054700795,0.40101568223600464,0.4933406872374231,1.3367189407866822,evaluated,True,,SUCCESS,True,[],6.394884621840902e-14
primary,7e38de2e62bbcf5a022e9773adf19e37c36db3a3e73bc44684a30d4756efad26,transfer-45wt,canonical:vle_obs_0087,vle_obs_0087-pco2,Aronu2011,333.15,0.45,0.1200000000000001,pressure,Pa,9.9,15.920510261040384,0.47507347433494046,0.6081323496000388,1.5835782477831348,evaluated,True,,SUCCESS,True,[],5.684341886080802e-14
primary,7e38de2e62bbcf5a022e9773adf19e37c36db3a3e73bc44684a30d4756efad26,transfer-45wt,canonical:vle_obs_0088,vle_obs_0088-pco2,Aronu2011,333.15,0.45,0.16900000000000004,pressure,Pa,20.5,31.52080104728528,0.430222792459103,0.5376000510870869,1.4340759748636767,evaluated,True,,SUCCESS,True,[],2.842170943040401e-14
primary,7e38de2e62bbcf5a022e9773adf19e37c36db3a3e73bc44684a30d4756efad26,transfer-45wt,canonical:vle_obs_0089,vle_obs_0089-pco2,Aronu2011,333.15,0.45,0.2320000000000002,pressure,Pa,78.7,65.24231940893614,-0.18753482635682028,-0.17099975338073525,-0.6251160878560676,evaluated,True,,SUCCESS,True,[],5.684341886080802e-14
primary,7e38de2e62bbcf5a022e9773adf19e37c36db3a3e73bc44684a30d4756efad26,transfer-45wt,canonical:vle_obs_0090,vle_obs_0090-pco2,Aronu2011,333.15,0.45,0.26900000000000013,pressure,Pa,128.39999999999998,97.32623674190468,-0.2770817904996762,-0.24200750201008803,-0.923605968332254,evaluated,True,,SUCCESS,True,[],5.684341886080802e-14
primary,7e38de2e62bbcf5a022e9773adf19e37c36db3a3e73bc44684a30d4756efad26,transfer-45wt,canonical:vle_obs_0091,vle_obs_0091-pco2,Aronu2011,333.15,0.45,0.35199999999999987,pressure,Pa,427.9,252.11960145749114,-0.5289859395442581,-0.41079784655879603,-1.763286465147527,evaluated,True,,SUCCESS,True,[],7.815970093361102e-14
primary,7e38de2e62bbcf5a022e9773adf19e37c36db3a3e73bc44684a30d4756efad26,transfer-45wt,canonical:vle_obs_0092,vle_obs_0092-pco2,Aronu2011,333.15,0.45,0.39200000000000035,pressure,Pa,1425.8999999999999,442.34237758763646,-1.170474280139028,-0.68978022470886,-3.90158093379676,evaluated,True,,SUCCESS,True,[],8.526512829121202e-14
primary,7e38de2e62bbcf5a022e9773adf19e37c36db3a3e73bc44684a30d4756efad26,transfer-45wt,canonical:vle_obs_0093,vle_obs_0093-pco2,Aronu2011,333.15,0.45,0.45399999999999974,pressure,Pa,4634.9,1558.534511480174,-1.0898686597959213,-0.6637393446503325,-3.632895532653071,evaluated,True,,SUCCESS,True,[],1.1368683772161603e-13
primary,7e38de2e62bbcf5a022e9773adf19e37c36db3a3e73bc44684a30d4756efad26,transfer-45wt,canonical:vle_obs_0094,vle_obs_0094-pco2,Aronu2011,333.15,0.45,0.45999999999999996,pressure,Pa,6292.799999999999,1841.933220039639,-1.2285904395696283,-0.7072951277587657,-4.095301465232095,evaluated,True,,SUCCESS,True,[],5.684341886080802e-14
primary,7e38de2e62bbcf5a022e9773adf19e37c36db3a3e73bc44684a30d4756efad26,transfer-45wt,canonical:vle_obs_0095,vle_obs_0095-pco2,Aronu2011,333.15,0.45,0.4710000000000001,pressure,Pa,8290.0,2577.235299499218,-1.1683327341174243,-0.6891151629072114,-3.8944424470580814,evaluated,True,,SUCCESS,True,[],5.684341886080802e-14
primary,7e38de2e62bbcf5a022e9773adf19e37c36db3a3e73bc44684a30d4756efad26,transfer-45wt,canonical:vle_obs_0096,vle_obs_0096-pco2,Aronu2011,353.15,0.45,0.016999999999999904,pressure,Pa,0.8,3.1237780420592682,1.362186731490727,2.904722552574085,4.540622438302424,evaluated,True,,SUCCESS,True,[],5.684341886080802e-14
primary,7e38de2e62bbcf5a022e9773adf19e37c36db3a3e73bc44684a30d4756efad26,transfer-45wt,canonical:vle_obs_0097,vle_obs_0097-pco2,Aronu2011,353.15,0.45,0.02699999999999969,pressure,Pa,2.3,6.791570110144142,1.0827730305113596,1.9528565696278881,3.6092434350378655,evaluated,True,,SUCCESS,True,[],5.684341886080802e-14
primary,7e38de2e62bbcf5a022e9773adf19e37c36db3a3e73bc44684a30d4756efad26,transfer-45wt,canonical:vle_obs_0098,vle_obs_0098-pco2,Aronu2011,353.15,0.45,0.03799999999999981,pressure,Pa,5.6,12.028465090363522,0.7645093339441963,1.1479401947077719,2.5483644464806545,evaluated,True,,SUCCESS,True,[],5.684341886080802e-14
primary,7e38de2e62bbcf5a022e9773adf19e37c36db3a3e73bc44684a30d4756efad26,transfer-45wt,canonical:vle_obs_0099,vle_obs_0099-pco2,Aronu2011,353.15,0.45,0.04499999999999993,pressure,Pa,6.0,15.970816630869042,0.9790036269995184,1.661802771811507,3.263345423331728,evaluated,True,,SUCCESS,True,[],5.684341886080802e-14
primary,7e38de2e62bbcf5a022e9773adf19e37c36db3a3e73bc44684a30d4756efad26,transfer-45wt,canonical:vle_obs_0100,vle_obs_0100-pco2,Aronu2011,353.15,0.45,0.06099999999999994,pressure,Pa,9.9,26.70183783140521,0.9921976385337016,1.6971553365055767,3.3073254617790053,evaluated,True,,SUCCESS,True,[],5.684341886080802e-14
primary,7e38de2e62bbcf5a022e9773adf19e37c36db3a3e73bc44684a30d4756efad26,transfer-45wt,canonical:vle_obs_0101,vle_obs_0101-pco2,Aronu2011,353.15,0.45,0.08599999999999985,pressure,Pa,28.8,48.28667663419944,0.5167802893812707,0.6766207164652582,1.722600964604236,evaluated,True,,SUCCESS,True,[],5.684341886080802e-14
primary,7e38de2e62bbcf5a022e9773adf19e37c36db3a3e73bc44684a30d4756efad26,transfer-45wt,canonical:vle_obs_0102,vle_obs_0102-pco2,Aronu2011,353.15,0.45,0.10899999999999999,pressure,Pa,52.900000000000006,73.65272626653764,0.3309578198771138,0.3923010636396529,1.1031927329237128,evaluated,True,,SUCCESS,True,[],3.552713678800501e-14
primary,7e38de2e62bbcf5a022e9773adf19e37c36db3a3e73bc44684a30d4756efad26,transfer-45wt,canonical:vle_obs_0103,vle_obs_0103-pco2,Aronu2011,353.15,0.45,0.13500000000000023,pressure,Pa,123.60000000000001,109.47895603027398,-0.12131819660836052,-0.11424792855765398,-0.4043939886945351,evaluated,True,,SUCCESS,True,[],2.842170943040401e-14
primary,7e38de2e62bbcf5a022e9773adf19e37c36db3a3e73bc44684a30d4756efad26,transfer-45wt,canonical:vle_obs_0104,vle_obs_0104-pco2,Aronu2011,353.15,0.45,0.2360000000000002,pressure,Pa,398.1,355.0616368598812,-0.11441183064451237,-0.10810942763154685,-0.38137276881504123,evaluated,True,,SUCCESS,True,[],5.684341886080802e-14
primary,7e38de2e62bbcf5a022e9773adf19e37c36db3a3e73bc44684a30d4756efad26,transfer-45wt,canonical:vle_obs_0105,vle_obs_0105-pco2,Aronu2011,353.15,0.45,0.38900000000000023,pressure,Pa,4500.200000000001,1992.6290686334892,-0.8146669334174526,-0.5572132197161261,-2.715556444724842,evaluated,True,,SUCCESS,True,[],5.684341886080802e-14
primary,7e38de2e62bbcf5a022e9773adf19e37c36db3a3e73bc44684a30d4756efad26,transfer-45wt,canonical:vle_obs_0106,vle_obs_0106-pco2,Aronu2011,353.15,0.45,0.43500000000000005,pressure,Pa,11249.0,4452.454950957113,-0.9268236173765183,-0.60419104356324,-3.0894120579217277,evaluated,True,,SUCCESS,True,[],1.1368683772161603e-13
secondary,4cf35f01019a210ca610fc912da284c844bfa618fe54322c2880c902eff22e24,transfer-15wt,canonical:vle_obs_0001,vle_obs_0001-pco2,Aronu2011,313.15,0.15,0.11099999999999977,pressure,Pa,1.7,3.46139273611657,0.7110427819052347,1.0361133741862179,2.3701426063507824,evaluated,True,,SUCCESS,True,[],5.684341886080802e-14
secondary,4cf35f01019a210ca610fc912da284c844bfa618fe54322c2880c902eff22e24,transfer-15wt,canonical:vle_obs_0002,vle_obs_0002-pco2,Aronu2011,313.15,0.15,0.14800000000000013,pressure,Pa,3.5,6.550462927401172,0.6267727545934763,0.8715608364003349,2.0892425153115877,evaluated,True,,SUCCESS,True,[],5.684341886080802e-14
secondary,4cf35f01019a210ca610fc912da284c844bfa618fe54322c2880c902eff22e24,transfer-15wt,canonical:vle_obs_0003,vle_obs_0003-pco2,Aronu2011,313.15,0.15,0.18599999999999994,pressure,Pa,6.8,11.459644556810824,0.521909082638433,0.6852418465898271,1.7396969421281103,evaluated,True,,SUCCESS,True,[],5.684341886080802e-14
secondary,4cf35f01019a210ca610fc912da284c844bfa618fe54322c2880c902eff22e24,transfer-15wt,canonical:vle_obs_0004,vle_obs_0004-pco2,Aronu2011,313.15,0.15,0.2200000000000002,pressure,Pa,17.0,18.12073133758847,0.06384331653820803,0.06592537279932187,0.21281105512736012,evaluated,True,,SUCCESS,True,[],1.1368683772161603e-13
secondary,4cf35f01019a210ca610fc912da284c844bfa618fe54322c2880c902eff22e24,transfer-15wt,canonical:vle_obs_0005,vle_obs_0005-pco2,Aronu2011,313.15,0.15,0.2360000000000002,pressure,Pa,21.5,22.322639216761708,0.03754843986773682,0.03826228915170726,0.12516146622578941,evaluated,True,,SUCCESS,True,[],2.842170943040401e-14
secondary,4cf35f01019a210ca610fc912da284c844bfa618fe54322c2880c902eff22e24,transfer-15wt,canonical:vle_obs_0006,vle_obs_0006-pco2,Aronu2011,313.15,0.15,0.2950000000000004,pressure,Pa,42.7,47.90480357955016,0.11501686265215258,0.12189235549297806,0.38338954217384197,evaluated,True,,SUCCESS,True,[],5.684341886080802e-14
secondary,4cf35f01019a210ca610fc912da284c844bfa618fe54322c2880c902eff22e24,transfer-15wt,canonical:vle_obs_0007,vle_obs_0007-pco2,Aronu2011,313.15,0.15,0.29800000000000004,pressure,Pa,45.0,49.835843195096345,0.10207197824302186,0.10746318211325212,0.34023992747673953,evaluated,True,,SUCCESS,True,[],8.526512829121202e-14
secondary,4cf35f01019a210ca610fc912da284c844bfa618fe54322c2880c902eff22e24,transfer-15wt,canonical:vle_obs_0008,vle_obs_0008-pco2,Aronu2011,313.15,0.15,0.3420000000000001,pressure,Pa,84.5,90.93519040184626,0.07339552503723006,0.07615609943013313,0.2446517501241002,evaluated,True,,SUCCESS,True,[],5.684341886080802e-14
secondary,4cf35f01019a210ca610fc912da284c844bfa618fe54322c2880c902eff22e24,transfer-15wt,canonical:vle_obs_0009,vle_obs_0009-pco2,Aronu2011,313.15,0.15,0.39800000000000013,pressure,Pa,222.0,216.6073242361095,-0.024591233305946335,-0.02429133226977709,-0.08197077768648779,evaluated,True,,SUCCESS,True,[],1.1368683772161603e-13
secondary,4cf35f01019a210ca610fc912da284c844bfa618fe54322c2880c902eff22e24,transfer-15wt,canonical:vle_obs_0010,vle_obs_0010-pco2,Aronu2011,313.15,0.15,0.44200000000000017,pressure,Pa,663.4,490.02184725018714,-0.30292815017734426,-0.261347833508913,-1.0097605005911476,evaluated,True,,SUCCESS,True,[],1.1368683772161603e-13
secondary,4cf35f01019a210ca610fc912da284c844bfa618fe54322c2880c902eff22e24,transfer-15wt,canonical:vle_obs_0011,vle_obs_0011-pco2,Aronu2011,313.15,0.15,0.4500000000000002,pressure,Pa,701.3000000000001,577.4994904304721,-0.1942281955187825,-0.17653002933056894,-0.6474273183959417,evaluated,True,,SUCCESS,True,[],1.1368683772161603e-13
secondary,4cf35f01019a210ca610fc912da284c844bfa618fe54322c2880c902eff22e24,transfer-15wt,canonical:vle_obs_0012,vle_obs_0012-pco2,Aronu2011,313.15,0.15,0.516,pressure,Pa,4840.5,2562.416190256218,-0.6360673834897991,-0.47062985430095683,-2.1202246116326635,evaluated,True,,SUCCESS,True,[],8.526512829121202e-14
secondary,4cf35f01019a210ca610fc912da284c844bfa618fe54322c2880c902eff22e24,transfer-15wt,canonical:vle_obs_0013,vle_obs_0013-pco2,Aronu2011,313.15,0.15,0.5290000000000004,pressure,Pa,7886.099999999999,3447.6864399417923,-0.827398307100884,-0.5628147702994138,-2.757994357002947,evaluated,True,,SUCCESS,True,[],5.684341886080802e-14
secondary,4cf35f01019a210ca610fc912da284c844bfa618fe54322c2880c902eff22e24,transfer-15wt,canonical:vle_obs_0014,vle_obs_0014-pco2,Aronu2011,313.15,0.15,0.565,pressure,Pa,16002.400000000001,7425.469523720973,-0.7678227927834479,-0.5359777581037237,-2.5594093092781596,evaluated,True,,SUCCESS,True,[],8.526512829121202e-14
secondary,4cf35f01019a210ca610fc912da284c844bfa618fe54322c2880c902eff22e24,transfer-15wt,canonical:vle_obs_0015,vle_obs_0015-pco2,Aronu2011,333.15,0.15,0.04800000000000004,pressure,Pa,4.2,3.6263163691357536,-0.14686716658740653,-0.13659134068196344,-0.4895572219580218,evaluated,True,,SUCCESS,True,[],5.684341886080802e-14
secondary,4cf35f01019a210ca610fc912da284c844bfa618fe54322c2880c902eff22e24,transfer-15wt,canonical:vle_obs_0016,vle_obs_0016-pco2,Aronu2011,333.15,0.15,0.06000000000000005,pressure,Pa,5.6,5.523222077564916,-0.013805198040555359,-0.013710343291979288,-0.0460173268018512,evaluated,True,,SUCCESS,True,[],2.842170943040401e-14
secondary,4cf35f01019a210ca610fc912da284c844bfa618fe54322c2880c902eff22e24,transfer-15wt,canonical:vle_obs_0017,vle_obs_0017-pco2,Aronu2011,333.15,0.15,0.07499999999999973,pressure,Pa,6.8,8.479365080765055,0.22071296226737053,0.24696545305368445,0.7357098742245685,evaluated,True,,SUCCESS,True,[],8.526512829121202e-14
secondary,4cf35f01019a210ca610fc912da284c844bfa618fe54322c2880c902eff22e24,transfer-15wt,canonical:vle_obs_0018,vle_obs_0018-pco2,Aronu2011,333.15,0.15,0.06899999999999995,pressure,Pa,7.8,7.21602472210278,-0.07781952492906623,-0.07486862537143846,-0.25939841643022077,evaluated,True,,SUCCESS,True,[],1.7053025658242404e-13
secondary,4cf35f01019a210ca610fc912da284c844bfa618fe54322c2880c902eff22e24,transfer-15wt,canonical:vle_obs_0019,vle_obs_0019-pco2,Aronu2011,333.15,0.15,0.09799999999999986,pressure,Pa,9.4,14.40682276874476,0.42699220848166775,0.5326407200792298,1.4233073616055592,evaluated,True,,SUCCESS,True,[],2.842170943040401e-14
secondary,4cf35f01019a210ca610fc912da284c844bfa618fe54322c2880c902eff22e24,transfer-15wt,canonical:vle_obs_0020,vle_obs_0020-pco2,Aronu2011,333.15,0.15,0.13500000000000023,pressure,Pa,15.100000000000001,28.24114278941443,0.626085135032647,0.8702743569148628,2.0869504501088234,evaluated,True,,SUCCESS,True,[],2.842170943040401e-14
secondary,4cf35f01019a210ca610fc912da284c844bfa618fe54322c2880c902eff22e24,transfer-15wt,canonical:vle_obs_0021,vle_obs_0021-pco2,Aronu2011,333.15,0.15,0.14400000000000013,pressure,Pa,23.400000000000002,32.585895488493584,0.33114351866018676,0.39255963626040935,1.1038117288672893,evaluated,True,,SUCCESS,True,[],2.842170943040401e-14
secondary,4cf35f01019a210ca610fc912da284c844bfa618fe54322c2880c902eff22e24,transfer-15wt,canonical:vle_obs_0022,vle_obs_0022-pco2,Aronu2011,333.15,0.15,0.17500000000000027,pressure,Pa,41.7,51.332419395325445,0.20782138079510418,0.23099327087111376,0.6927379359836806,evaluated,True,,SUCCESS,True,[],4.263256414560601e-14
secondary,4cf35f01019a210ca610fc912da284c844bfa618fe54322c2880c902eff22e24,transfer-15wt,canonical:vle_obs_0023,vle_obs_0023-pco2,Aronu2011,333.15,0.15,0.22999999999999998,pressure,Pa,96.5,105.50596644168469,0.08922449692168448,0.09332607711590346,0.29741498973894825,evaluated,True,,SUCCESS,True,[],1.1368683772161603e-13
secondary,4cf35f01019a210ca610fc912da284c844bfa618fe54322c2880c902eff22e24,transfer-15wt,canonical:vle_obs_0024,vle_obs_0024-pco2,Aronu2011,333.15,0.15,0.2530000000000001,pressure,Pa,146.2,140.54705057714034,-0.03943323504891955,-0.0386658647254422,-0.13144411682973184,evaluated,True,,SUCCESS,True,[],5.684341886080802e-14
secondary,4cf35f01019a210ca610fc912da284c844bfa618fe54322c2880c902eff22e24,transfer-15wt,canonical:vle_obs_0025,vle_obs_0025-pco2,Aronu2011,333.15,0.15,0.4149999999999996,pressure,Pa,1799.8,1310.3708313285479,-0.3173653731134478,-0.27193530874066685,-1.0578845770448262,evaluated,True,,SUCCESS,True,[],5.684341886080802e-14
secondary,4cf35f01019a210ca610fc912da284c844bfa618fe54322c2880c902eff22e24,transfer-15wt,canonical:vle_obs_0026,vle_obs_0026-pco2,Aronu2011,333.15,0.15,0.48,pressure,Pa,5409.0,4393.136478335306,-0.20802080114960877,-0.1878098579524301,-0.693402670498696,evaluated,True,,SUCCESS,True,[],5.684341886080802e-14
secondary,4cf35f01019a210ca610fc912da284c844bfa618fe54322c2880c902eff22e24,transfer-15wt,canonical:vle_obs_0027,vle_obs_0027-pco2,Aronu2011,333.15,0.15,0.492,pressure,Pa,8229.699999999999,5608.434737715159,-0.3834778943014577,-0.3185128573684144,-1.2782596476715256,evaluated,True,,SUCCESS,True,[],5.684341886080802e-14
secondary,4cf35f01019a210ca610fc912da284c844bfa618fe54322c2880c902eff22e24,transfer-15wt,canonical:vle_obs_0028,vle_obs_0028-pco2,Aronu2011,353.15,0.15,0.1030000000000002,pressure,Pa,60.3,75.66002026359976,0.2269177832961823,0.2547267042056345,0.7563926109872744,evaluated,True,,SUCCESS,True,[],5.684341886080802e-14
secondary,4cf35f01019a210ca610fc912da284c844bfa618fe54322c2880c902eff22e24,transfer-15wt,canonical:vle_obs_0029,vle_obs_0029-pco2,Aronu2011,353.15,0.15,0.14700000000000024,pressure,Pa,131.5,159.5272827628534,0.19320810778411152,0.21313523013576718,0.6440270259470384,evaluated,True,,SUCCESS,True,[],8.526512829121202e-14
secondary,4cf35f01019a210ca610fc912da284c844bfa618fe54322c2880c902eff22e24,transfer-15wt,canonical:vle_obs_0030,vle_obs_0030-pco2,Aronu2011,353.15,0.15,0.2110000000000003,pressure,Pa,354.4,378.70240787161913,0.06632447441279973,0.06857338564226634,0.22108158137599912,evaluated,True,,SUCCESS,True,[],5.684341886080802e-14
secondary,4cf35f01019a210ca610fc912da284c844bfa618fe54322c2880c902eff22e24,transfer-15wt,canonical:vle_obs_0031,vle_obs_0031-pco2,Aronu2011,353.15,0.15,0.242,pressure,Pa,525.0,553.4233865204344,0.05272506357272081,0.05413978384844653,0.17575021190906936,evaluated,True,,SUCCESS,True,[],5.684341886080802e-14
secondary,4cf35f01019a210ca610fc912da284c844bfa618fe54322c2880c902eff22e24,transfer-15wt,canonical:vle_obs_0032,vle_obs_0032-pco2,Aronu2011,353.15,0.15,0.3730000000000002,pressure,Pa,3637.4,2851.814669870707,-0.24331362278396348,-0.2159744130778285,-0.8110454092798783,evaluated,True,,SUCCESS,True,[],5.684341886080802e-14
secondary,4cf35f01019a210ca610fc912da284c844bfa618fe54322c2880c902eff22e24,transfer-15wt,canonical:vle_obs_0033,vle_obs_0033-pco2,Aronu2011,353.15,0.15,0.4089999999999998,pressure,Pa,6309.2,4817.673377455423,-0.269717775879411,-0.2364050311520599,-0.89905925293137,evaluated,True,,SUCCESS,True,[],5.684341886080802e-14
secondary,4cf35f01019a210ca610fc912da284c844bfa618fe54322c2880c902eff22e24,transfer-45wt,canonical:vle_obs_0070,vle_obs_0070-pco2,Aronu2011,313.15,0.45,0.14100000000000001,pressure,Pa,3.5,3.336538110304564,-0.04782919295883608,-0.04670339705583881,-0.15943064319612027,evaluated,True,,SUCCESS,True,[],5.684341886080802e-14
secondary,4cf35f01019a210ca610fc912da284c844bfa618fe54322c2880c902eff22e24,transfer-45wt,canonical:vle_obs_0071,vle_obs_0071-pco2,Aronu2011,313.15,0.45,0.14800000000000013,pressure,Pa,3.5,3.7002617272598317,0.05564058575031209,0.05721763635995192,0.18546861916770696,evaluated,True,,SUCCESS,True,[],5.684341886080802e-14
secondary,4cf35f01019a210ca610fc912da284c844bfa618fe54322c2880c902eff22e24,transfer-45wt,canonical:vle_obs_0072,vle_obs_0072-pco2,Aronu2011,313.15,0.45,0.19499999999999984,pressure,Pa,7.7,6.971280265982471,-0.09942143860431683,-0.09463892649578298,-0.33140479534772277,evaluated,True,,SUCCESS,True,[],5.684341886080802e-14
secondary,4cf35f01019a210ca610fc912da284c844bfa618fe54322c2880c902eff22e24,transfer-45wt,canonical:vle_obs_0073,vle_obs_0073-pco2,Aronu2011,313.15,0.45,0.21700000000000008,pressure,Pa,9.9,9.160773987072927,-0.07760408561878412,-0.07466929423505786,-0.2586802853959471,evaluated,True,,SUCCESS,True,[],5.684341886080802e-14
secondary,4cf35f01019a210ca610fc912da284c844bfa618fe54322c2880c902eff22e24,transfer-45wt,canonical:vle_obs_0074,vle_obs_0074-pco2,Aronu2011,313.15,0.45,0.23400000000000043,pressure,Pa,12.3,11.2541219714205,-0.08886480337550062,-0.08503073403085382,-0.29621601125166874,evaluated,True,,SUCCESS,True,[],5.684341886080802e-14
secondary,4cf35f01019a210ca610fc912da284c844bfa618fe54322c2880c902eff22e24,transfer-45wt,canonical:vle_obs_0075,vle_obs_0075-pco2,Aronu2011,313.15,0.45,0.27600000000000025,pressure,Pa,16.400000000000002,18.600175777608115,0.12588969625338634,0.13415705961025082,0.41963232084462115,evaluated,True,,SUCCESS,True,[],5.684341886080802e-14
secondary,4cf35f01019a210ca610fc912da284c844bfa618fe54322c2880c902eff22e24,transfer-45wt,canonical:vle_obs_0076,vle_obs_0076-pco2,Aronu2011,313.15,0.45,0.27100000000000035,pressure,Pa,17.8,17.516919937444147,-0.016031189902190175,-0.015903374300890616,-0.05343729967396725,evaluated,True,,SUCCESS,True,[],5.684341886080802e-14
secondary,4cf35f01019a210ca610fc912da284c844bfa618fe54322c2880c902eff22e24,transfer-45wt,canonical:vle_obs_0077,vle_obs_0077-pco2,Aronu2011,313.15,0.45,0.2999999999999998,pressure,Pa,36.4,24.90068739341344,-0.37967336539189384,-0.3159151814996308,-1.2655778846396462,evaluated,True,,SUCCESS,True,[],5.684341886080802e-14
secondary,4cf35f01019a210ca610fc912da284c844bfa618fe54322c2880c902eff22e24,transfer-45wt,canonical:vle_obs_0078,vle_obs_0078-pco2,Aronu2011,313.15,0.45,0.35399999999999965,pressure,Pa,59.8,50.444406563831045,-0.17013379118900934,-0.15644805077205604,-0.5671126372966978,evaluated,True,,SUCCESS,True,[],5.684341886080802e-14
secondary,4cf35f01019a210ca610fc912da284c844bfa618fe54322c2880c902eff22e24,transfer-45wt,canonical:vle_obs_0079,vle_obs_0079-pco2,Aronu2011,313.15,0.45,0.3900000000000001,pressure,Pa,108.7,87.35179228587293,-0.21864823931600808,-0.19639565514376334,-0.7288274643866937,evaluated,True,,SUCCESS,True,[],5.684341886080802e-14
secondary,4cf35f01019a210ca610fc912da284c844bfa618fe54322c2880c902eff22e24,transfer-45wt,canonical:vle_obs_0080,vle_obs_0080-pco2,Aronu2011,313.15,0.45,0.4039999999999999,pressure,Pa,178.1,111.39202243457288,-0.4692894772645962,-0.37455349559476203,-1.564298257548654,evaluated,True,,SUCCESS,True,[],5.684341886080802e-14
secondary,4cf35f01019a210ca610fc912da284c844bfa618fe54322c2880c902eff22e24,transfer-45wt,canonical:vle_obs_0081,vle_obs_0081-pco2,Aronu2011,313.15,0.45,0.42799999999999994,pressure,Pa,278.7,179.25240901262973,-0.44134101569747797,-0.3568266630332625,-1.4711367189915934,evaluated,True,,SUCCESS,True,[],5.684341886080802e-14
secondary,4cf35f01019a210ca610fc912da284c844bfa618fe54322c2880c902eff22e24,transfer-45wt,canonical:vle_obs_0082,vle_obs_0082-pco2,Aronu2011,313.15,0.45,0.46399999999999997,pressure,Pa,917.3,456.28387750950884,-0.6983194182998217,-0.5025794423748949,-2.327731394332739,evaluated,True,,SUCCESS,True,[],5.684341886080802e-14
secondary,4cf35f01019a210ca610fc912da284c844bfa618fe54322c2880c902eff22e24,transfer-45wt,canonical:vle_obs_0083,vle_obs_0083-pco2,Aronu2011,313.15,0.45,0.4750000000000001,pressure,Pa,2160.8999999999996,654.8059527621151,-1.193941144145468,-0.6969753562117103,-3.9798038138182266,evaluated,True,,SUCCESS,True,[],5.684341886080802e-14
secondary,4cf35f01019a210ca610fc912da284c844bfa618fe54322c2880c902eff22e24,transfer-45wt,canonical:vle_obs_0084,vle_obs_0084-pco2,Aronu2011,313.15,0.45,0.4969999999999999,pressure,Pa,5487.099999999999,1507.069204198632,-1.2922330423854447,-0.7253432224310414,-4.307443474618149,evaluated,True,,SUCCESS,True,[],5.684341886080802e-14
secondary,4cf35f01019a210ca610fc912da284c844bfa618fe54322c2880c902eff22e24,transfer-45wt,canonical:vle_obs_0085,vle_obs_0085-pco2,Aronu2011,333.15,0.45,0.04499999999999993,pressure,Pa,1.9,3.0054245583404873,0.45856495580867546,0.5818023991265724,1.528549852695585,evaluated,True,,SUCCESS,True,[],5.684341886080802e-14
secondary,4cf35f01019a210ca610fc912da284c844bfa618fe54322c2880c902eff22e24,transfer-45wt,canonical:vle_obs_0086,vle_obs_0086-pco2,Aronu2011,333.15,0.45,0.08700000000000019,pressure,Pa,5.8999999999999995,9.458361253055084,0.47194678808228135,0.6031120767889975,1.5731559602742713,evaluated,True,,SUCCESS,True,[],5.684341886080802e-14
secondary,4cf35f01019a210ca610fc912da284c844bfa618fe54322c2880c902eff22e24,transfer-45wt,canonical:vle_obs_0087,vle_obs_0087-pco2,Aronu2011,333.15,0.45,0.1200000000000001,pressure,Pa,9.9,17.141940071753357,0.5489933393408488,0.7315090981569048,1.8299777978028295,evaluated,True,,SUCCESS,True,[],5.684341886080802e-14
secondary,4cf35f01019a210ca610fc912da284c844bfa618fe54322c2880c902eff22e24,transfer-45wt,canonical:vle_obs_0088,vle_obs_0088-pco2,Aronu2011,333.15,0.45,0.16900000000000004,pressure,Pa,20.5,34.10096307024975,0.508900740275614,0.6634616131829145,1.6963358009187135,evaluated,True,,SUCCESS,True,[],4.263256414560601e-14
secondary,4cf35f01019a210ca610fc912da284c844bfa618fe54322c2880c902eff22e24,transfer-45wt,canonical:vle_obs_0089,vle_obs_0089-pco2,Aronu2011,333.15,0.45,0.2320000000000002,pressure,Pa,78.7,71.06136037531516,-0.10209942097607483,-0.09706022394771086,-0.3403314032535828,evaluated,True,,SUCCESS,True,[],5.684341886080802e-14
secondary,4cf35f01019a210ca610fc912da284c844bfa618fe54322c2880c902eff22e24,transfer-45wt,canonical:vle_obs_0090,vle_obs_0090-pco2,Aronu2011,333.15,0.45,0.26900000000000013,pressure,Pa,128.39999999999998,106.4688416912903,-0.18729801519120826,-0.17080341361923435,-0.6243267173040276,evaluated,True,,SUCCESS,True,[],5.684341886080802e-14
secondary,4cf35f01019a210ca610fc912da284c844bfa618fe54322c2880c902eff22e24,transfer-45wt,canonical:vle_obs_0091,vle_obs_0091-pco2,Aronu2011,333.15,0.45,0.35199999999999987,pressure,Pa,427.9,278.7925896944061,-0.4284214241779946,-0.3484632164187751,-1.4280714139266488,evaluated,True,,SUCCESS,True,[],7.815970093361102e-14
secondary,4cf35f01019a210ca610fc912da284c844bfa618fe54322c2880c902eff22e24,transfer-45wt,canonical:vle_obs_0092,vle_obs_0092-pco2,Aronu2011,333.15,0.45,0.39200000000000035,pressure,Pa,1425.8999999999999,491.71871286119085,-1.0646516411178557,-0.6551520353031833,-3.548838803726186,evaluated,True,,SUCCESS,True,[],8.526512829121202e-14
secondary,4cf35f01019a210ca610fc912da284c844bfa618fe54322c2880c902eff22e24,transfer-45wt,canonical:vle_obs_0093,vle_obs_0093-pco2,Aronu2011,333.15,0.45,0.45399999999999974,pressure,Pa,4634.9,1736.0438970283424,-0.98200572158693,-0.625440916302759,-3.2733524052897667,evaluated,True,,SUCCESS,True,[],5.684341886080802e-14
secondary,4cf35f01019a210ca610fc912da284c844bfa618fe54322c2880c902eff22e24,transfer-45wt,canonical:vle_obs_0094,vle_obs_0094-pco2,Aronu2011,333.15,0.45,0.45999999999999996,pressure,Pa,6292.799999999999,2049.1768330980203,-1.1219679550160384,-0.674361677933826,-3.739893183386795,evaluated,True,,SUCCESS,True,[],1.1368683772161603e-13
secondary,4cf35f01019a210ca610fc912da284c844bfa618fe54322c2880c902eff22e24,transfer-45wt,canonical:vle_obs_0095,vle_obs_0095-pco2,Aronu2011,333.15,0.45,0.4710000000000001,pressure,Pa,8290.0,2856.3918670581015,-1.0654907257283939,-0.6554412705599395,-3.5516357524279796,evaluated,True,,SUCCESS,True,[],9.947598300641403e-14
secondary,4cf35f01019a210ca610fc912da284c844bfa618fe54322c2880c902eff22e24,transfer-45wt,canonical:vle_obs_0096,vle_obs_0096-pco2,Aronu2011,353.15,0.45,0.016999999999999904,pressure,Pa,0.8,3.5741446711111373,1.4968694459986096,3.4676808388889215,4.9895648199953655,evaluated,True,,SUCCESS,True,[],5.684341886080802e-14
secondary,4cf35f01019a210ca610fc912da284c844bfa618fe54322c2880c902eff22e24,transfer-45wt,canonical:vle_obs_0097,vle_obs_0097-pco2,Aronu2011,353.15,0.45,0.02699999999999969,pressure,Pa,2.3,7.7676413395924895,1.2170574354628134,2.377235365040213,4.056858118209378,evaluated,True,,SUCCESS,True,[],5.684341886080802e-14
secondary,4cf35f01019a210ca610fc912da284c844bfa618fe54322c2880c902eff22e24,transfer-45wt,canonical:vle_obs_0098,vle_obs_0098-pco2,Aronu2011,353.15,0.45,0.03799999999999981,pressure,Pa,5.6,13.750749720052232,0.8983267499797457,1.4554910214378989,2.9944224999324858,evaluated,True,,SUCCESS,True,[],8.526512829121202e-14
secondary,4cf35f01019a210ca610fc912da284c844bfa618fe54322c2880c902eff22e24,transfer-45wt,canonical:vle_obs_0099,vle_obs_0099-pco2,Aronu2011,353.15,0.45,0.04499999999999993,pressure,Pa,6.0,18.251992433413232,1.1125147792749523,2.041998738902205,3.708382597583175,evaluated,True,,SUCCESS,True,[],5.684341886080802e-14
secondary,4cf35f01019a210ca610fc912da284c844bfa618fe54322c2880c902eff22e24,transfer-45wt,canonical:vle_obs_0100,vle_obs_0100-pco2,Aronu2011,353.15,0.45,0.06099999999999994,pressure,Pa,9.9,30.493744086598557,1.1249867935196947,2.0801761703634907,3.749955978398982,evaluated,True,,SUCCESS,True,[],5.684341886080802e-14
secondary,4cf35f01019a210ca610fc912da284c844bfa618fe54322c2880c902eff22e24,transfer-45wt,canonical:vle_obs_0101,vle_obs_0101-pco2,Aronu2011,353.15,0.45,0.08599999999999985,pressure,Pa,28.8,55.07844240392531,0.6483830075228643,0.9124459168029619,2.161276691742881,evaluated,True,,SUCCESS,True,[],7.105427357601002e-14
secondary,4cf35f01019a210ca610fc912da284c844bfa618fe54322c2880c902eff22e24,transfer-45wt,canonical:vle_obs_0102,vle_obs_0102-pco2,Aronu2011,353.15,0.45,0.10899999999999999,pressure,Pa,52.900000000000006,83.91532527960479,0.46140491918706844,0.586301044983077,1.538016397290228,evaluated,True,,SUCCESS,True,[],5.684341886080802e-14
secondary,4cf35f01019a210ca610fc912da284c844bfa618fe54322c2880c902eff22e24,transfer-45wt,canonical:vle_obs_0103,vle_obs_0103-pco2,Aronu2011,353.15,0.45,0.13500000000000023,pressure,Pa,123.60000000000001,124.56094315390999,0.007744554357798595,0.007774620986326752,0.025815181192661987,evaluated,True,,SUCCESS,True,[],5.684341886080802e-14
secondary,4cf35f01019a210ca610fc912da284c844bfa618fe54322c2880c902eff22e24,transfer-45wt,canonical:vle_obs_0104,vle_obs_0104-pco2,Aronu2011,353.15,0.45,0.2360000000000002,pressure,Pa,398.1,401.45480997695154,0.008391744062050994,0.0084270534462485,0.02797248020683665,evaluated,True,,SUCCESS,True,[],5.684341886080802e-14
secondary,4cf35f01019a210ca610fc912da284c844bfa618fe54322c2880c902eff22e24,transfer-45wt,canonical:vle_obs_0105,vle_obs_0105-pco2,Aronu2011,353.15,0.45,0.38900000000000023,pressure,Pa,4500.200000000001,2225.113554031705,-0.7043138903972905,-0.5055522967797643,-2.3477129679909687,evaluated,True,,SUCCESS,True,[],5.684341886080802e-14
secondary,4cf35f01019a210ca610fc912da284c844bfa618fe54322c2880c902eff22e24,transfer-45wt,canonical:vle_obs_0106,vle_obs_0106-pco2,Aronu2011,353.15,0.45,0.43500000000000005,pressure,Pa,11249.0,4950.2078982947305,-0.8208496604565496,-0.559942403920817,-2.7361655348551657,evaluated,True,,SUCCESS,True,[],5.684341886080802e-14
