target,weight,prediction,weighted_residual,d/d[pair/carbamate-anion/water/k_ij],d/d[pair/protonated-monoethanolamine/water/k_ij],d/d[pair/bicarbonate-anion/water/k_ij],d/d[pair/carbamate-anion/protonated-monoethanolamine/k_ij],d/d[pair/protonated-monoethanolamine/water/k_ij/reciprocal_temperature_slope]
vle_obs_0119-pco2,11.11111111111111,5.408309102565312,-0.17509893731256848,-15.582946334588888,-11.436085034727045,-0.10070084007708925,2.1179631507312764,0.0
vle_obs_0120-pco2,11.11111111111111,6.2314632559659975,-0.21166928573503344,-15.027085232218926,-11.073567787750266,-0.1032525306983602,2.2694477328823544,0.0
vle_obs_0121-pco2,11.11111111111111,6.861353723081583,-0.16521397767006268,-14.633290940793039,-10.817571657269577,-0.10513713815248173,2.376463315192479,0.0
vle_obs_0122-pco2,11.11111111111111,9.056061995705694,-0.3137939463918295,-13.428226718174432,-10.03868809065677,-0.11136216454872395,2.7023002450194005,0.0
vle_obs_0123-pco2,11.11111111111111,9.41156656829987,-0.15177345448708135,-13.253126484069263,-9.926103941913595,-0.11233124271685005,2.7494291288623933,0.0
vle_obs_0124-pco2,11.11111111111111,15.086038667584186,0.1091606528581756,-10.96948895627943,-8.472854619268016,-0.12689346820248873,3.3584721306308727,0.0
vle_obs_0125-pco2,11.11111111111111,17.8724873560483,-0.2214194128228341,-10.096802323870142,-7.925548407761018,-0.1336447110133138,3.5881437367226923,0.0
vle_obs_0126-pco2,11.11111111111111,23.596198701607218,0.07084336521512853,-8.625824691930596,-7.014427232870012,-0.14707091450152282,3.9706955545706824,0.0
vle_obs_0127-pco2,11.11111111111111,24.470616529121173,0.29470704527169844,-8.430538794362437,-6.894626078932557,-0.1490853915923692,4.021000920091355,0.0
vle_obs_0128-pco2,11.11111111111111,48.21426007238815,-0.019696561727524025,-4.78549788082149,-4.718817915175154,-0.20214415670129487,4.9322087402225625,0.0
vle_obs_0129-pco2,11.11111111111111,65.06817730676515,-0.057482870322645006,-3.2381336918366586,-3.839709412470397,-0.2390083112111755,5.2960516317120225,0.0
vle_obs_0130-pco2,11.11111111111111,66.93573378659917,-0.24773694146302705,-3.0961160667832233,-3.760815223906413,-0.24307457202177626,5.328428359371604,0.0
vle_obs_0131-pco2,11.11111111111111,77.35023068249744,-0.7407839396108564,-2.3835364257076534,-3.3703958348006275,-0.2656969454179041,5.487661507171407,0.0
vle_obs_0132-pco2,11.11111111111111,108.68352123239711,-0.6225237972140646,-0.8090928165130606,-2.548212425007717,-0.33326073766503933,5.814582203715337,0.0
vle_obs_0133-pco2,11.11111111111111,116.06713013963528,-0.11107670320778067,-0.523468337294368,-2.4068388567365107,-0.34907052869241106,5.868945705080241,0.0
vle_obs_0134-pco2,11.11111111111111,122.04291513269729,0.25661642516482286,-0.30973380568226955,-2.3030281981187217,-0.3618324910543362,5.908343923679193,0.0
vle_obs_0135-pco2,11.11111111111111,147.783755961834,0.47906611006266364,0.46822777891063827,-1.9422457171134033,-0.41643953878129963,6.040583291554308,0.0
vle_obs_0136-pco2,11.11111111111111,631.9781362341045,-0.5707280251606499,4.202187687511958,-1.477604825108648,-1.3032379989528005,5.834035567705053,0.0
vle_obs_0137-pco2,11.11111111111111,669.7409605268043,0.5142053840897209,4.268010997525332,-1.5559872610213927,-1.361539210443404,5.773205971307155,0.0
vle_obs_0138-pco2,11.11111111111111,1063.6071966539089,0.6203207501940399,4.582040239502181,-2.452098024344042,-1.8954099666573943,5.140916458540113,0.0
vle_obs_0139-pco2,11.11111111111111,1481.6432686633755,0.9928053623016058,4.60575222041705,-3.358742859427445,-2.3453267864292355,4.545709128581976,0.0
vle_obs_0140-pco2,11.11111111111111,2087.697545893003,0.36707791720698635,4.500867953567723,-4.465986409657842,-2.851924421048036,3.84216089726894,0.0
vle_obs_0141-pco2,11.11111111111111,3743.056810008255,0.7044666231767154,4.174600892725904,-6.526196798836755,-3.7462989374689175,2.5667653152646266,0.0
vle_obs_0142-pco2,11.11111111111111,26622.50734517148,-0.20368268613645604,4.11315826480644,-12.003344590199168,-6.246830585483438,-0.7467008193632393,0.0
vle_obs_0143-pco2,11.11111111111111,17.04589199440199,-0.43121276704970163,-16.477348548588456,-11.936499340380799,-0.10802311294180166,1.4285320893460278,0.0022883093778309598
vle_obs_0144-pco2,11.11111111111111,50.80230457193713,-0.4929979050425949,-12.545397705044634,-9.306773663409395,-0.1266355295570035,2.5012296848273854,0.0017841728000841579
vle_obs_0145-pco2,11.11111111111111,163.6335188734528,-0.8156832189742446,-6.7961208456026725,-5.5836125613236645,-0.18076496008082774,4.011431807166754,0.001070417098171101
vle_obs_0146-pco2,11.11111111111111,579.4029111753845,-0.9175330716540075,-0.7309307248999719,-2.062536488328897,-0.3799209895318261,5.386989135293706,0.0003954024922864051
vle_obs_0147-pco2,11.11111111111111,5165.370644441886,0.20312807622356868,3.9916132506702624,-2.5906710708948855,-1.9623566720454924,4.507813160070987,0.0004966495399827179
vle_obs_0148-pco2,11.11111111111111,30163.56313933433,0.5208672848622391,3.540756302852864,-8.299355517738949,-4.336802835336119,1.1383227280289328,0.0015910437825726255
vle_obs_0149-pco2,11.11111111111111,51208.17193678192,0.06628033584008783,3.4871448326735663,-9.72996175069372,-4.9405377504450305,0.283884196185972,0.0018653008796914697
vle_obs_0186-pco2,11.11111111111111,1.7876078774018964,0.6520531465613357,-18.972634642324056,-13.672926709771357,-0.08720500090455342,1.1844029895936417,0.0
vle_obs_0187-pco2,11.11111111111111,10.549626651744648,0.544400812829424,-12.723329434041222,-9.586417914555012,-0.11537643466920759,2.89167314673409,0.0
vle_obs_0188-pco2,11.11111111111111,83.32785105212693,0.6923221991244878,-2.0260531109504893,-3.178322724516119,-0.27864348977586334,5.5652557954752595,0.0
vle_obs_0189-pco2,11.11111111111111,839.083580104003,1.0957870742943356,4.466248889405973,-1.9339158826643439,-1.6066857232023273,5.4969256345648985,0.0
vle_obs_0190-pco2,11.11111111111111,3158.5689810912004,0.6873772401241695,4.276259887671696,-5.92208093437894,-3.4871901794681635,2.937585516726002,0.0
vle_obs_0191-pco2,11.11111111111111,12137.006768065587,1.3521015489758468,3.8003558022799635,-10.20352851830454,-5.357396850196014,0.3406174196704576,0.0
vle_obs_0192-pco2,11.11111111111111,37585.24777472858,0.13439587217409063,4.396064934625692,-12.67718382292421,-6.615300030955118,-1.1593068767110042,0.0
vle_obs_0193-pco2,11.11111111111111,64549.95602276449,-1.5576318407556327,4.98636069883498,-13.65144745658319,-7.186730848324375,-1.7676233405716553,0.0
vle_obs_0194-pco2,11.11111111111111,4.64258038144726,0.2710577292003218,-19.166505165733902,-13.756559377380444,-0.09827845251589658,0.6836772930096643,0.0026372274594323292
vle_obs_0195-pco2,11.11111111111111,18.542682426924383,-0.1334328767245292,-16.234151033950955,-11.772578162190092,-0.10898253346452035,1.4954976367224868,0.0022568845556462905
vle_obs_0196-pco2,11.11111111111111,60.94153219975442,0.17065843807294503,-11.730815463957047,-8.768614274994727,-0.13167898923019833,2.720317131784446,0.0016810039278578608
vle_obs_0197-pco2,11.11111111111111,607.871836047125,0.46955926688062655,-0.5371656245511711,-1.9674738398299838,-0.393441681671316,5.420891017316139,0.00037717832590073407
vle_obs_0198-pco2,11.11111111111111,1523.6743885208589,-0.9233664782013181,2.4184985125144056,-0.9820467562866199,-0.8027748619170115,5.6607361704245935,0.00018826514690759304
vle_obs_0199-pco2,11.11111111111111,9235.735139053393,-0.5827168624540674,3.9787174620673658,-4.36483732302658,-2.7401553701636336,3.44515514923861,0.0008367694660023868
vle_obs_0200-pco2,11.11111111111111,46561.00621035927,1.0480096320691363,3.485282426250568,-9.493344353651928,-4.838034021265216,0.4268638741064838,0.0018199396901861884
vle_obs_0201-pco2,11.11111111111111,70028.74697868839,-0.5260447279769361,3.529161347581084,-10.44780708793751,-5.260615948101218,-0.15594047426896604,0.002002916789532822
vle_obs_0202-pco2,11.11111111111111,298009.3415553089,0.18405920859001598,4.217528792453137,-12.80555577599354,-6.452145593922946,-1.7270171112310861,0.0024549134997571736
Bottinger2008_state_030::MEA + MEAH+,1.0,0.10393619472272655,-0.1268462112022044,-0.07648230715037257,0.025654564401196806,0.013404119243010559,0.0011004595068516377,5.589234435616612e-06
Bottinger2008_state_030::MEACOO-,1.0,0.008282673987450256,-0.17060538309126017,0.4745198394471138,-0.15916822370402348,-0.08316318968862575,-0.0068276129516492085,-3.467720219568237e-05
Bottinger2008_state_031::MEA + MEAH+,1.0,0.09573970470490767,-0.08070312336701091,-0.1894023320505581,0.0810289520918028,0.031875620189612056,0.006023951055756575,1.7653381372256148e-05
Bottinger2008_state_031::MEACOO-,1.0,0.01647916346707624,-0.22909097155858313,0.7450302987571841,-0.3187329176133957,-0.12538527568497115,-0.023695869303746293,-6.944078141534293e-05
Bottinger2008_state_032::MEA + MEAH+,1.0,0.08666425237974543,-0.044876170983992804,-0.39291743016078434,0.22189735192261326,0.06126704535509533,0.02197996665478669,4.834369046937129e-05
Bottinger2008_state_032::MEACOO-,1.0,0.025554614330604766,-0.3120941878461133,1.0395732572154899,-0.5870895369648955,-0.16209889964207952,-0.05815475150805204,-0.0001279063251856006
Bottinger2008_state_033::MEA + MEAH+,1.0,0.07912579580968886,0.12793134201009732,-0.6711602757850262,0.4774803053211077,0.09912389524637825,0.057568834361821315,0.00010402629813137539
Bottinger2008_state_033::MEACOO-,1.0,0.03309306772118562,-0.4024348059720219,1.3154151205438136,-0.9358176678618964,-0.19427396997101842,-0.11283164476183986,-0.00020388201697270418
Bottinger2008_state_034::MEA + MEAH+,1.0,0.07184481232844127,0.5198987568690577,-1.0840574060001902,1.0036875339825382,0.16497187077998418,0.1582220107853405,0.0002186684926629516
Bottinger2008_state_034::MEACOO-,1.0,0.04037404024133004,-0.4954641054094259,1.5913095517968587,-1.473338377454613,-0.24216607692504813,-0.2322641648600087,-0.0003209890242455519
Bottinger2008_state_035::MEA + MEAH+,1.0,0.06624573528568044,0.5896854563445052,-1.3540058256593885,1.904486085722934,0.30199979670267546,0.46758018174597604,0.0004149210661311695
Bottinger2008_state_035::MEACOO-,1.0,0.04597300985104803,-0.561043869975036,1.6439124389203876,-2.3123808952561347,-0.36666942673143355,-0.5677606713267058,-0.0005037871127301088
Bottinger2008_state_043::MEA + MEAH+,1.0,0.08975644369320845,-0.35237488460266375,-0.23500971223393674,0.08800723096589029,0.05928170228049753,0.01672254723731485,0.0
Bottinger2008_state_043::MEACOO-,1.0,0.022462417669407684,-0.4802294224610897,0.712616995530647,-0.2668554069225811,-0.17975736588059812,-0.05070905375721639,0.0
Bottinger2008_state_044::MEA + MEAH+,1.0,0.08643904398456424,-0.11895041141759778,-0.2943809864021336,0.12946583405265236,0.07505030668888199,0.02607557884543535,0.0
Bottinger2008_state_044::MEACOO-,1.0,0.025779814170842675,-0.3558452369696291,0.774443301439616,-0.3405838043463881,-0.19743685146320378,-0.0686007921048393,0.0
Bottinger2008_state_045::MEA + MEAH+,1.0,0.08180447390560869,-0.2335666057863103,-0.37585062642021,0.2072984169397745,0.09816503678976439,0.04486193833086346,0.0
Bottinger2008_state_045::MEACOO-,1.0,0.030414377415589208,-0.5352746099322696,0.8274053441143361,-0.4563426100936292,-0.2161008999376452,-0.09876458291005491,0.0
Bottinger2008_state_047::MEA + MEAH+,1.0,0.07433836253629965,-0.06615282257954601,-0.5462220119104966,0.44907647016408153,0.15712027482448154,0.11033429751937902,0.0
Bottinger2008_state_047::MEACOO-,1.0,0.037880463504651976,-0.6116738226172599,0.9092953142138785,-0.7475793133654107,-0.26155866561999674,-0.18368830500346015,0.0
Bottinger2008_state_048::MEA + MEAH+,1.0,0.06568424665633282,0.09123288751104278,-0.6706878194695383,1.2392504879162256,0.32958182440777345,0.40246153571377435,0.0
Bottinger2008_state_048::MEACOO-,1.0,0.046534316621395684,-0.45028435449397236,0.8495342879330642,-1.5700500916571627,-0.41753018903679723,-0.5099746876793158,0.0
Bottinger2008_state_049::MEA + MEAH+,1.0,0.06538251044126106,-0.12024764858963795,-0.6484512315525781,1.2721273232977777,0.3359201329826823,0.4202709134027634,0.0
Bottinger2008_state_049::MEACOO-,1.0,0.04683599727492307,-0.5588044393815504,0.8216892293043732,-1.6124079093126447,-0.42573990405420536,-0.5327818400220575,0.0
Bottinger2008_state_049::HCO3-,1.0,0.00545460886847033,1.0390063346216643,-3.5407234580558167,6.930915029497718,1.8314611791894286,2.286409920619572,0.0
Bottinger2008_state_050::MEA + MEAH+,1.0,0.0646711556173383,0.009538286506473845,-0.6203591704679315,1.4698447291055274,0.3801341155799005,0.5099282414062863,0.0
Bottinger2008_state_050::MEACOO-,1.0,0.047547021780347185,-0.5815021636092987,0.7570588095908589,-1.7946838404688559,-0.46406364880582507,-0.6227784591903608,0.0
Bottinger2008_state_050::HCO3-,1.0,0.007097068639855358,1.2480714735890512,-3.057089460767718,7.211210022201766,1.8677113979453381,2.4965318482593646,0.0
Bottinger2008_state_055::MEA + MEAH+,1.0,0.09781648655096843,0.03877900847005877,-0.13795936764716138,0.023049667799037794,0.04027369797181779,0.0062219622813901206,-4.418780538276608e-06
Bottinger2008_state_055::MEACOO-,1.0,0.014402368884244253,-0.12049842743147636,0.5998954638387076,-0.10020696206594955,-0.17511706614584874,-0.02705694425773101,1.9210366832068815e-05
Bottinger2008_state_056::MEA + MEAH+,1.0,0.08999941000677154,-0.0498099495749705,-0.22693263027372465,0.06355639222703051,0.07098583086795476,0.0195637155195985,-1.2184199421199527e-05
Bottinger2008_state_056::MEACOO-,1.0,0.02221942582581517,-0.2660344937114285,0.6890546491010797,-0.19295124924509924,-0.21553072372391974,-0.05940859190244524,3.699008733809158e-05
Bottinger2008_state_057::MEA + MEAH+,1.0,0.08211411432613394,0.33828443615420173,-0.3401591077362558,0.1584982970668579,0.11866180056494026,0.05251558668274372,-3.0385218413354085e-05
Bottinger2008_state_057::MEACOO-,1.0,0.030104682021217046,-0.02371093999575995,0.753960254535578,-0.35127727084964677,-0.2630035822404245,-0.11641765588526773,6.734227935528602e-05
Bottinger2008_state_058::MEA + MEAH+,1.0,0.06862514924343183,-0.009510896641444794,-0.4447608646724032,0.6685411283072988,0.27132653050139943,0.2556520504199502,-0.0001281639524073794
Bottinger2008_state_058::MEACOO-,1.0,0.04359329483130097,0.36620789773713136,0.6768861429844641,-1.0177463882348379,-0.4130159335864248,-0.3893120939223489,0.0001951090129559767
Bottinger2008_state_058::HCO3-,1.0,0.002973573888377169,-0.8636803602977682,-2.469472688777604,3.7032886060622436,1.504038456437588,1.412421148578714,-0.0007099460071512402
Bottinger2008_state_059::MEA + MEAH+,1.0,0.06431815624192251,-0.4720312510355761,-0.282399663081659,1.2157738229139035,0.4051611131853204,0.5089099726887124,-0.00023307224010674842
Bottinger2008_state_059::MEACOO-,1.0,0.047898288343409395,1.0492916685895792,0.4189978574748625,-1.8100267442423246,-0.6028621194953405,-0.7582095998135312,0.0003469946300723718
Bottinger2008_state_059::HCO3-,1.0,0.006953949722780766,-0.14305248675536855,-1.3156597271056654,5.506046095784561,1.8435081192973182,2.2906540105449267,-0.0010555470709179787
Matin2012_state_001::MEA,1.0,0.08854606791314659,-0.29102779180821736,-0.07041565591189783,0.0038554701423223923,0.02263657558155134,0.0027757664980147985,8.399724176940105e-07
Matin2012_state_001::MEAH+,1.0,0.011987720277514907,0.22684664070460808,-0.2768452190278917,0.2067781150934269,-0.0011728588031979204,-0.0001430642942755602,4.504973630961988e-05
Matin2012_state_001::MEACOO-,1.0,0.011685080350868694,1.0076550004409612,0.6649431565045347,-0.24553532581224946,-0.11535004528112158,-0.014145483948324006,-5.349358019605075e-05
Matin2012_state_002::MEA,1.0,0.08364166549072696,-0.31627037324436774,-0.08931288034061206,0.006899156573730545,0.029556980504671856,0.004538398491629894,1.50308548980105e-06
Matin2012_state_002::MEAH+,1.0,0.014489148956390264,0.24650583949383476,-0.32825299003349745,0.2460754276370917,-0.001577950376840586,-0.0001446728722120169,5.361124953827538e-05
Matin2012_state_002::MEACOO-,1.0,0.014088053931729827,0.7535955052365301,0.7357958694577299,-0.29233626806303614,-0.12591280815957653,-0.019437873483565103,-6.36898725188001e-05
Matin2012_state_003::MEA,1.0,0.07874105200732315,-0.32267698938678807,-0.11011525010428191,0.011181586717798123,0.03765538879874748,0.007045933817105874,2.436077594248106e-06
Matin2012_state_003::MEAH+,1.0,0.016998652697584528,0.3048292738872247,-0.38521832679491774,0.29054712942611044,-0.0021014519325381112,-0.00015110490400602067,6.330008163702117e-05
Matin2012_state_003::MEACOO-,1.0,0.01647916346707624,0.5494675167634421,0.8043952628015812,-0.3441299628415547,-0.13537613430528758,-0.025583986379742015,-7.497391140859734e-05
Matin2012_state_004::MEA,1.0,0.07362241317342673,-0.36608143163286455,-0.13334490310511743,0.017345651201156265,0.04741481555666599,0.010685746993642446,3.779012166629283e-06
Matin2012_state_004::MEAH+,1.0,0.019632787300747384,0.3611144408207642,-0.45022795346609235,0.34230594615481297,-0.0028050941510376543,-0.00016365343212057133,7.457652181673987e-05
Matin2012_state_004::MEACOO-,1.0,0.01896366742299231,0.45619762562899313,0.8827038635780827,-0.40778058684693913,-0.14568159194527674,-0.03331589375023381,-8.884116146109819e-05
Matin2012_state_005::MEA,1.0,0.06873164900006985,-0.37510403422128974,-0.15787695105254523,0.025504397199246246,0.05859738752078029,0.01554862094787955,5.556518241994432e-06
Matin2012_state_005::MEAH+,1.0,0.022164739101426197,0.3757222907826436,-0.5164951702389706,0.3961216974040041,-0.003658209011063235,-0.00018111152553574296,8.630109625724458e-05
Matin2012_state_005::MEACOO-,1.0,0.021322479462078697,0.3374519676827386,0.9546446089166312,-0.47412527910003305,-0.15445087602217802,-0.04179124847835137,-0.00010329535498246933
Matin2012_state_006::MEA,1.0,0.06362521851428207,-0.4133830059528549,-0.18499190342218647,0.03706031961764169,0.0723212246697752,0.022502868746036197,8.074150523959695e-06
Matin2012_state_006::MEAH+,1.0,0.024827566831788384,0.4274152190983182,-0.5941767224208069,0.4602326805685049,-0.004820757491251199,-0.00020554983199936057,0.0001002686425075154
Matin2012_state_006::MEACOO-,1.0,0.023766081773226845,0.29453712598379395,1.0381991943710223,-0.5554256557446194,-0.16442854791096084,-0.05248089309343813,-0.00012100787029414337
Matin2012_state_007::MEA,1.0,0.05852699750940564,-0.45584992905213934,-0.21377316310962116,0.05286945729713165,0.08882957473092232,0.032121291542465236,1.1518410006747373e-05
Matin2012_state_007::MEAH+,1.0,0.027510085946601863,0.507026875798841,-0.6810790189122422,0.5331119489024295,-0.006345861716931253,-0.00023364752143755917,0.00011614649215034581
Matin2012_state_007::MEACOO-,1.0,0.026181783090160234,0.27891565061370266,1.1268037188230478,-0.6485248675804927,-0.17475612703823692,-0.06528394247003377,-0.00014129094010520397
Matin2012_state_008::MEA,1.0,0.05343889723373352,-0.5031590967464797,-0.2437997021885252,0.07454105780700396,0.10893138665404539,0.04546340796582278,1.6239895585315782e-05
Matin2012_state_008::MEAH+,1.0,0.030216610034557504,0.5555406914849093,-0.7738155286207191,0.612337218083714,-0.008307491643091029,-0.0002593024011999619,0.00013340691395109065
Matin2012_state_008::MEACOO-,1.0,0.02856335852995296,0.2562123749874896,1.2172406570710315,-0.7529079223318084,-0.18510905465202118,-0.08050841023020613,-0.00016403236556802306
Matin2012_state_009::MEA,1.0,0.048363531640394086,-0.55606284136018,-0.2742718022514459,0.10443532058854565,0.13377438136497877,0.06409866292396986,2.2752812365074873e-05
Matin2012_state_009::MEAH+,1.0,0.03295224659163505,0.6317442058502601,-0.8763582800961223,0.7012003023388282,-0.010887184272091451,-0.00027822533625842003,0.0001527670793706451
Matin2012_state_009::MEACOO-,1.0,0.030903086574462047,0.2514001439754505,1.31215344724665,-0.8717428560079742,-0.19617577608968315,-0.09900038438760275,-0.00018992235118890747
Matin2012_state_010::MEA,1.0,0.04330459866227721,-0.6318807271920537,-0.3032198315565986,0.14586365073533322,0.16474928015062978,0.09025603974774378,3.177859997329154e-05
Matin2012_state_010::MEAH+,1.0,0.035722932922302254,0.7079468202113007,-0.9864636151097148,0.7979767533092482,-0.014259006202372014,-0.00028892366298403005,0.00017385129128170003
Matin2012_state_010::MEACOO-,1.0,0.03319133187851871,0.25922372411370787,1.4103382036903949,-1.0064892090486293,-0.20820363226698302,-0.12169397681760301,-0.00021927887990289552
Matin2012_state_011::MEA,1.0,0.03804915326947879,-0.7419743218730657,-0.32868563731934103,0.20699927904218113,0.20602038280684717,0.12934902517241578,4.5097920217129024e-05
Matin2012_state_011::MEAH+,1.0,0.03865870975632474,0.8371291216758882,-1.1134296965022863,0.9104322937705591,-0.018990401586471462,-0.0003145203754499456,0.00019835142971293034
Matin2012_state_011::MEACOO-,1.0,0.03551099846841838,0.2966059883299505,1.517008470491799,-1.1679101432108738,-0.22261960137276862,-0.15156603057118945,-0.0002544468691051183
Matin2012_state_012::MEA,1.0,0.03282723676237004,-0.9071684156326885,-0.3432261966361449,0.29523165471901747,0.2598654770769266,0.1864296474791344,6.432067624436561e-05
Matin2012_state_012::MEAH+,1.0,0.04164812198924094,0.9423987265340985,-1.2439550526693182,1.0266409803999128,-0.025279683838969877,-0.0004448581390318462,0.0002236692477381807
Matin2012_state_012::MEACOO-,1.0,0.03774349984410741,0.33409087534792326,1.620791280458635,-1.3498450989463895,-0.23910083794890807,-0.18961102017752232,-0.00029408414782624486
Matin2012_state_013::MEA,1.0,0.027655069852398486,-1.0769976653084155,-0.3394251374401983,0.4285923899595998,0.3345207992569359,0.27343378931143536,9.33753271871445e-05
Matin2012_state_013::MEAH+,1.0,0.04469898629454365,1.0726692903934518,-1.380450679026746,1.1465777131125443,-0.033847717303556374,-0.0009514614406490172,0.00024979927692478067
Matin2012_state_013::MEACOO-,1.0,0.03986479794132759,0.366901858903865,1.7155466545882316,-1.553587602867052,-0.25872541755747047,-0.23892301075978,-0.0003384725303808515
Matin2012_state_014::MEA,1.0,0.022561853398113535,-1.2936220860658998,-0.2986301569119852,0.6355946562230206,0.44084790298177806,0.40908181866813376,0.00013847389821555043
Matin2012_state_014::MEAH+,1.0,0.04781652867226206,1.2265104217984584,-1.5195579810697304,1.2634211748513284,-0.045670414752753435,-0.0024979796359184945,0.00027525539029759667
Matin2012_state_014::MEACOO-,1.0,0.041840464463098186,0.36809289261963696,1.7885106716094497,-1.776751037983773,-0.2827133593068277,-0.30342965643857495,-0.0003870920562016329
Matin2012_state_015::MEA,1.0,0.01740240432774949,-1.6200598386087188,-0.18116062562021473,0.9821043183803276,0.6041964992632145,0.6357984308717055,0.00021396626307180789
Matin2012_state_015::MEAH+,1.0,0.05113174168120228,1.4051756867914709,-1.6614956883131138,1.3688734414860326,-0.06293545772913293,-0.0066910580482293465,0.00029822975972251705
Matin2012_state_015::MEACOO-,1.0,0.04368468565765079,0.38388504016456243,1.837119697608755,-2.0403627121578345,-0.3169020830521172,-0.39521812092577696,-0.00044452384197989656
Matin2012_state_017::MEA,1.0,0.008402695231638635,-2.1690658588771763,0.4808567285261204,2.453293250535894,1.2320142914525085,1.574849338723961,0.0005344869981858418
Matin2012_state_017::MEAH+,1.0,0.0576688054153815,1.7276959125444535,-1.878895002751168,1.4458024519944002,-0.11191512130377952,-0.023520612006778106,0.0003149899068802379
Matin2012_state_017::MEACOO-,1.0,0.046147215420784406,0.24584223007014708,1.7720184435727413,-2.574389050997719,-0.4104765957904172,-0.6506328181797963,-0.0005608695477924227
Matin2012_state_018::MEA,1.0,0.005156799369473669,-2.0227371739612265,0.9073046002315286,3.464547418638441,1.64754063153267,2.18060769220729,0.0007548039964060854
Matin2012_state_018::MEAH+,1.0,0.06077466666149926,1.8749440707213532,-1.8973525797608408,1.4217934821512868,-0.12196730011044876,-0.0038885352742617924,0.00030975919008020646
Matin2012_state_018::MEACOO-,1.0,0.04628699991843721,0.015480412533311833,1.7051504661974581,-2.6791071747548867,-0.42758834643837645,-0.7331825120891329,-0.0005836839731002796
Matin2012_state_019::MEA,1.0,0.0031557021461437696,-0.9892451053809797,0.9614148354809243,4.0961526082023285,1.9389376566133687,2.5027004781157434,0.0008924087290383791
Matin2012_state_019::MEAH+,1.0,0.06366605977672284,1.9782211019061526,-1.8057623321548775,1.394306964379893,-0.09900443133260407,0.06468981692077892,0.000303770836926337
Matin2012_state_019::MEACOO-,1.0,0.04539600425438205,-0.365912303585731,1.6866572015266759,-2.5312190446076226,-0.3861783435389479,-0.7047698102504867,-0.0005514643097019227
