partition,block,identity,target_identity,temperature_k,loading_mol_co2_per_mol_mea,observed,predicted,unit,k_co2_water,target,mea_mass_fraction
reserved,pressure,vle_obs_0186,CO2 partial pressure,313.15,0.0888,1.47,0.6517557531338923,pascal,0.0,CO2 partial pressure,0.3
reserved,pressure,vle_obs_0187,CO2 partial pressure,313.15,0.203,8.959999999999999,8.787173328701753,pascal,0.0,CO2 partial pressure,0.3
reserved,pressure,vle_obs_0188,CO2 partial pressure,313.15,0.365,67.7,200.16138437199493,pascal,0.0,CO2 partial pressure,0.3
reserved,pressure,vle_obs_0189,CO2 partial pressure,313.15,0.4735,604.0,2010.9310377163583,pascal,0.0,CO2 partial pressure,0.3
reserved,pressure,vle_obs_0190,CO2 partial pressure,313.15,0.513,2570.0,4502.588905360122,pascal,0.0,CO2 partial pressure,0.3
reserved,pressure,vle_obs_0191,CO2 partial pressure,313.15,0.557,8090.0,9817.298302509327,pascal,0.0,CO2 partial pressure,0.3
reserved,pressure,vle_obs_0192,CO2 partial pressure,313.15,0.609,36100.0,20614.27784624437,pascal,0.0,CO2 partial pressure,0.3
reserved,pressure,vle_obs_0193,CO2 partial pressure,313.15,0.642,103000.0,30353.87214448149,pascal,0.0,CO2 partial pressure,0.3
temperature challenge,pressure,vle_obs_0194,vle_obs_0194,333.15,0.0564,4.28,1.214809962217078,pascal,0.006032,CO2 partial pressure,0.3
temperature challenge,pressure,vle_obs_0143,vle_obs_0143,333.15,0.114,19.4,7.0641376604728965,pascal,0.006032,CO2 partial pressure,0.3
temperature challenge,pressure,vle_obs_0195,vle_obs_0195,333.15,0.119,19.3,7.987861769577916,pascal,0.006032,CO2 partial pressure,0.3
temperature challenge,pressure,vle_obs_0144,vle_obs_0144,333.15,0.191,58.9,37.74865173104404,pascal,0.006032,CO2 partial pressure,0.3
temperature challenge,pressure,vle_obs_0196,vle_obs_0196,333.15,0.206,57.9,50.60851691789341,pascal,0.006032,CO2 partial pressure,0.3
temperature challenge,pressure,vle_obs_0145,vle_obs_0145,333.15,0.291,209.0,250.2283227834263,pascal,0.006032,CO2 partial pressure,0.3
temperature challenge,pressure,vle_obs_0146,vle_obs_0146,333.15,0.386,763.0,1539.61747225825,pascal,0.006032,CO2 partial pressure,0.3
temperature challenge,pressure,vle_obs_0197,vle_obs_0197,333.15,0.389,528.0,1633.7109556834955,pascal,0.006032,CO2 partial pressure,0.3
temperature challenge,pressure,vle_obs_0198,vle_obs_0198,333.15,0.438,2010.0,4350.851664697264,pascal,0.006032,CO2 partial pressure,0.3
temperature challenge,pressure,vle_obs_0147,vle_obs_0147,333.15,0.485,4860.0,10929.83903722817,pascal,0.006032,CO2 partial pressure,0.3
temperature challenge,pressure,vle_obs_0199,vle_obs_0199,333.15,0.504,11000.0,15522.59656215059,pascal,0.006032,CO2 partial pressure,0.3
temperature challenge,pressure,vle_obs_0148,vle_obs_0148,333.15,0.544,25800.0,30434.575595861406,pascal,0.006032,CO2 partial pressure,0.3
temperature challenge,pressure,vle_obs_0200,vle_obs_0200,333.15,0.561,34000.0,39319.77513961319,pascal,0.006032,CO2 partial pressure,0.3
temperature challenge,pressure,vle_obs_0149,vle_obs_0149,333.15,0.565,50200.0,41652.85657998498,pascal,0.006032,CO2 partial pressure,0.3
temperature challenge,pressure,vle_obs_0201,vle_obs_0201,333.15,0.579,82000.0,50573.70536486029,pascal,0.006032,CO2 partial pressure,0.3
temperature challenge,pressure,vle_obs_0202,vle_obs_0202,333.15,0.668,282000.0,136716.89444567065,pascal,0.006032,CO2 partial pressure,0.3
temperature challenge,pressure,vle_obs_0203,vle_obs_0203,353.15,0.0174,2.96,0.555112222221143,pascal,0.012064,CO2 partial pressure,0.3
temperature challenge,pressure,vle_obs_0204,vle_obs_0204,353.15,0.0236,4.84,0.994338989125936,pascal,0.012064,CO2 partial pressure,0.3
temperature challenge,pressure,vle_obs_0205,vle_obs_0205,353.15,0.0781,46.5,12.900720113271916,pascal,0.012064,CO2 partial pressure,0.3
temperature challenge,pressure,vle_obs_0206,vle_obs_0206,353.15,0.118,99.2,38.35383953426778,pascal,0.012064,CO2 partial pressure,0.3
temperature challenge,pressure,vle_obs_0207,vle_obs_0207,353.15,0.187,278.0,169.9479184037745,pascal,0.012064,CO2 partial pressure,0.3
temperature challenge,pressure,vle_obs_0208,vle_obs_0208,353.15,0.348,2670.0,3389.9654770293937,pascal,0.012064,CO2 partial pressure,0.3
temperature challenge,pressure,vle_obs_0209,vle_obs_0209,353.15,0.46,16000.0,27330.757744520448,pascal,0.012064,CO2 partial pressure,0.3
temperature challenge,pressure,vle_obs_0210,vle_obs_0210,353.15,0.517,56000.0,71756.68082834412,pascal,0.012064,CO2 partial pressure,0.3
temperature challenge,pressure,vle_obs_0211,vle_obs_0211,353.15,0.5785,235000.0,168136.75030731675,pascal,0.012064,CO2 partial pressure,0.3
temperature challenge,pressure,vle_obs_0212,vle_obs_0212,353.15,0.64,558000.0,322997.71327483933,pascal,0.012064,CO2 partial pressure,0.3
temperature challenge,pressure,vle_obs_0213,vle_obs_0213,353.15,0.689,958000.0,486487.8947839783,pascal,0.012064,CO2 partial pressure,0.3
training,pressure,vle_obs_0119,CO2 partial pressure,313.15,0.153,5.7,3.159483519631828,pascal,0.0,CO2 partial pressure,0.3
training,pressure,vle_obs_0120,CO2 partial pressure,313.15,0.163,6.64,3.9105273959869775,pascal,0.0,CO2 partial pressure,0.3
training,pressure,vle_obs_0121,CO2 partial pressure,313.15,0.17,7.21,4.526134651565707,pascal,0.0,CO2 partial pressure,0.3
training,pressure,vle_obs_0122,CO2 partial pressure,313.15,0.191,9.95,6.932239014819723,pascal,0.0,CO2 partial pressure,0.3
training,pressure,vle_obs_0123,CO2 partial pressure,313.15,0.194,9.85,7.358369740324097,pascal,0.0,CO2 partial pressure,0.3
training,pressure,vle_obs_0124,CO2 partial pressure,313.15,0.232,14.6,15.38595125297832,pascal,0.0,CO2 partial pressure,0.3
training,pressure,vle_obs_0125,CO2 partial pressure,313.15,0.246,19.1,20.081897823943923,pascal,0.0,CO2 partial pressure,0.3
training,pressure,vle_obs_0126,CO2 partial pressure,313.15,0.269,23.1,31.038165860097976,pascal,0.0,CO2 partial pressure,0.3
training,pressure,vle_obs_0127,CO2 partial pressure,313.15,0.272,22.4,32.85099801514723,pascal,0.0,CO2 partial pressure,0.3
training,pressure,vle_obs_0128,CO2 partial pressure,313.15,0.326,48.5,92.2928913930146,pascal,0.0,CO2 partial pressure,0.3
training,pressure,vle_obs_0129,CO2 partial pressure,313.15,0.348,66.19999999999999,142.26942450119913,pascal,0.0,CO2 partial pressure,0.3
training,pressure,vle_obs_0130,CO2 partial pressure,313.15,0.35,72.1,148.0499824793533,pascal,0.0,CO2 partial pressure,0.3
training,pressure,vle_obs_0131,CO2 partial pressure,313.15,0.36,96.6,180.9141351224404,pascal,0.0,CO2 partial pressure,0.3
training,pressure,vle_obs_0132,CO2 partial pressure,313.15,0.382,131.0,283.5477185686618,pascal,0.0,CO2 partial pressure,0.3
training,pressure,vle_obs_0133,CO2 partial pressure,313.15,0.386,120.0,308.07776579035686,pascal,0.0,CO2 partial pressure,0.3
training,pressure,vle_obs_0134,CO2 partial pressure,313.15,0.389,113.0,327.9422321661812,pascal,0.0,CO2 partial pressure,0.3
training,pressure,vle_obs_0135,CO2 partial pressure,313.15,0.4,128.0,413.1409676043625,pascal,0.0,CO2 partial pressure,0.3
training,pressure,vle_obs_0136,CO2 partial pressure,313.15,0.464,750.0,1640.9088090240357,pascal,0.0,CO2 partial pressure,0.3
training,pressure,vle_obs_0137,CO2 partial pressure,313.15,0.466,574.0,1712.993946327667,pascal,0.0,CO2 partial pressure,0.3
training,pressure,vle_obs_0138,CO2 partial pressure,313.15,0.481,883.0,2356.641971186893,pascal,0.0,CO2 partial pressure,0.3
training,pressure,vle_obs_0139,CO2 partial pressure,313.15,0.491,1100.0,2901.72646557932,pascal,0.0,CO2 partial pressure,0.3
training,pressure,vle_obs_0140,CO2 partial pressure,313.15,0.501,1870.0,3555.518379175649,pascal,0.0,CO2 partial pressure,0.3
training,pressure,vle_obs_0141,CO2 partial pressure,313.15,0.518,3030.0,4954.496666959896,pascal,0.0,CO2 partial pressure,0.3
training,pressure,vle_obs_0142,CO2 partial pressure,313.15,0.591,28300.0,16271.773030664332,pascal,0.0,CO2 partial pressure,0.3
reserved,speciation,Jakobsen2005_state_015,Jakobsen2005_state_015::CO2,293.15,0.78,0.0005,0.0006296734394272,dimensionless,-0.006032,CO2,0.3
reserved,speciation,Jakobsen2005_state_016,Jakobsen2005_state_016::CO2,293.15,0.99,0.0018,0.0046645085409673,dimensionless,-0.006032,CO2,0.3
reserved,speciation,Jakobsen2005_state_023::CO2,CO2,313.15,0.78,0.0009,0.0015056608064732,dimensionless,0.0,CO2,0.3
reserved,speciation,Jakobsen2005_state_024::CO2,CO2,313.15,0.99,0.0032,0.0076539562513978,dimensionless,0.0,CO2,0.3
reserved,speciation,Jakobsen2005_state_009,Jakobsen2005_state_009::CO3^2-,293.15,0.11,0.0001,0.0009629292961937,dimensionless,-0.006032,CO3^2-,0.3
reserved,speciation,Jakobsen2005_state_010,Jakobsen2005_state_010::CO3^2-,293.15,0.21,0.0004,0.0015198312214143,dimensionless,-0.006032,CO3^2-,0.3
reserved,speciation,Jakobsen2005_state_012,Jakobsen2005_state_012::CO3^2-,293.15,0.25,0.0006,0.0017384665297561,dimensionless,-0.006032,CO3^2-,0.3
reserved,speciation,Jakobsen2005_state_011,Jakobsen2005_state_011::CO3^2-,293.15,0.29,0.0006,0.0019623726185988,dimensionless,-0.006032,CO3^2-,0.3
reserved,speciation,Jakobsen2005_state_013,Jakobsen2005_state_013::CO3^2-,293.15,0.4,0.0012,0.0025884637727067,dimensionless,-0.006032,CO3^2-,0.3
reserved,speciation,Jakobsen2005_state_014,Jakobsen2005_state_014::CO3^2-,293.15,0.6,0.0014,0.0024550834017261,dimensionless,-0.006032,CO3^2-,0.3
reserved,speciation,Jakobsen2005_state_015,Jakobsen2005_state_015::CO3^2-,293.15,0.78,0.0014,0.0013276046485221,dimensionless,-0.006032,CO3^2-,0.3
reserved,speciation,Jakobsen2005_state_016,Jakobsen2005_state_016::CO3^2-,293.15,0.99,0.0017,0.0002819531334972,dimensionless,-0.006032,CO3^2-,0.3
reserved,speciation,Jakobsen2005_state_017::CO3^2-,CO3^2-,313.15,0.11,0.0001,0.0005348892864198,dimensionless,0.0,CO3^2-,0.3
reserved,speciation,Jakobsen2005_state_018::CO3^2-,CO3^2-,313.15,0.21,0.0027,0.0008142013406047,dimensionless,0.0,CO3^2-,0.3
reserved,speciation,Jakobsen2005_state_020::CO3^2-,CO3^2-,313.15,0.25,0.0004,0.0009179302210847,dimensionless,0.0,CO3^2-,0.3
reserved,speciation,Jakobsen2005_state_019::CO3^2-,CO3^2-,313.15,0.29,0.0004,0.0010205511978734,dimensionless,0.0,CO3^2-,0.3
reserved,speciation,Jakobsen2005_state_021::CO3^2-,CO3^2-,313.15,0.4,0.001,0.0012823738460761,dimensionless,0.0,CO3^2-,0.3
reserved,speciation,Jakobsen2005_state_022::CO3^2-,CO3^2-,313.15,0.6,0.0009,0.0011530060258252,dimensionless,0.0,CO3^2-,0.3
reserved,speciation,Jakobsen2005_state_023::CO3^2-,CO3^2-,313.15,0.78,0.0009,0.0006283892029689,dimensionless,0.0,CO3^2-,0.3
reserved,speciation,Jakobsen2005_state_024::CO3^2-,CO3^2-,313.15,0.99,0.0011,0.0001859456912966,dimensionless,0.0,CO3^2-,0.3
reserved,speciation,Jakobsen2005_state_010,Jakobsen2005_state_010::HCO3-,293.15,0.21,0.0001,0.0004787292333877,dimensionless,-0.006032,HCO3-,0.3
reserved,speciation,Jakobsen2005_state_012,Jakobsen2005_state_012::HCO3-,293.15,0.25,0.0002,0.0007098018789622,dimensionless,-0.006032,HCO3-,0.3
reserved,speciation,Jakobsen2005_state_011,Jakobsen2005_state_011::HCO3-,293.15,0.29,0.0002,0.0010473591873545,dimensionless,-0.006032,HCO3-,0.3
reserved,speciation,Jakobsen2005_state_013,Jakobsen2005_state_013::HCO3-,293.15,0.4,0.0006,0.0032814866351813,dimensionless,-0.006032,HCO3-,0.3
reserved,speciation,Jakobsen2005_state_014,Jakobsen2005_state_014::HCO3-,293.15,0.6,0.0139,0.0269621892827564,dimensionless,-0.006032,HCO3-,0.3
reserved,speciation,Jakobsen2005_state_015,Jakobsen2005_state_015::HCO3-,293.15,0.78,0.0442,0.0632134821080399,dimensionless,-0.006032,HCO3-,0.3
reserved,speciation,Jakobsen2005_state_016,Jakobsen2005_state_016::HCO3-,293.15,0.99,0.0671,0.1004769943594561,dimensionless,-0.006032,HCO3-,0.3
reserved,speciation,Jakobsen2005_state_017::HCO3-,HCO3-,313.15,0.11,0.0001,0.0002159606777834,dimensionless,0.0,HCO3-,0.3
reserved,speciation,Jakobsen2005_state_018::HCO3-,HCO3-,313.15,0.21,0.002,0.0006572498626847,dimensionless,0.0,HCO3-,0.3
reserved,speciation,Jakobsen2005_state_020::HCO3-,HCO3-,313.15,0.25,0.0004,0.0009670940975492,dimensionless,0.0,HCO3-,0.3
reserved,speciation,Jakobsen2005_state_019::HCO3-,HCO3-,313.15,0.29,0.0003,0.0014141613866506,dimensionless,0.0,HCO3-,0.3
reserved,speciation,Jakobsen2005_state_021::HCO3-,HCO3-,313.15,0.4,0.0012,0.004219678273905,dimensionless,0.0,HCO3-,0.3
reserved,speciation,Jakobsen2005_state_022::HCO3-,HCO3-,313.15,0.6,0.0151,0.0278743563790178,dimensionless,0.0,HCO3-,0.3
reserved,speciation,Jakobsen2005_state_023::HCO3-,HCO3-,313.15,0.78,0.0448,0.0619726809902535,dimensionless,0.0,HCO3-,0.3
reserved,speciation,Jakobsen2005_state_024::HCO3-,HCO3-,313.15,0.99,0.0696,0.0945096246353343,dimensionless,0.0,HCO3-,0.3
training,speciation,Matin2012_state_001,Matin2012_state_001::HCO3-,293.15,0.106,0.0024,0.0001461619789068,dimensionless,-0.006032,HCO3-,0.3
training,speciation,Matin2012_state_002,Matin2012_state_002::HCO3-,293.15,0.128,0.0022,0.0001951409632612,dimensionless,-0.006032,HCO3-,0.3
training,speciation,Matin2012_state_003,Matin2012_state_003::HCO3-,293.15,0.15,0.002,0.0002534863004354,dimensionless,-0.006032,HCO3-,0.3
training,speciation,Matin2012_state_004,Matin2012_state_004::HCO3-,293.15,0.173,0.002,0.0003267331444873,dimensionless,-0.006032,HCO3-,0.3
training,speciation,Matin2012_state_005,Matin2012_state_005::HCO3-,293.15,0.195,0.002,0.0004112532079871,dimensionless,-0.006032,HCO3-,0.3
training,speciation,Matin2012_state_006,Matin2012_state_006::HCO3-,293.15,0.218,0.0021,0.0005185119641567,dimensionless,-0.006032,HCO3-,0.3
training,speciation,Matin2012_state_007,Matin2012_state_007::HCO3-,293.15,0.241,0.0023,0.0006501935550965,dimensionless,-0.006032,HCO3-,0.3
training,speciation,Matin2012_state_008,Matin2012_state_008::HCO3-,293.15,0.264,0.0026,0.0008132394939989,dimensionless,-0.006032,HCO3-,0.3
training,speciation,Matin2012_state_009,Matin2012_state_009::HCO3-,293.15,0.287,0.003,0.0010171203494179,dimensionless,-0.006032,HCO3-,0.3
training,speciation,Matin2012_state_010,Matin2012_state_010::HCO3-,293.15,0.31,0.0034,0.0012749638544178,dimensionless,-0.006032,HCO3-,0.3
training,speciation,Matin2012_state_011,Matin2012_state_011::HCO3-,293.15,0.334,0.004,0.0016216247973079,dimensionless,-0.006032,HCO3-,0.3
training,speciation,Matin2012_state_012,Matin2012_state_012::HCO3-,293.15,0.358,0.0046,0.002077457199807,dimensionless,-0.006032,HCO3-,0.3
training,speciation,Matin2012_state_013,Matin2012_state_013::HCO3-,293.15,0.382,0.0053,0.0026865698610205,dimensionless,-0.006032,HCO3-,0.3
training,speciation,Matin2012_state_014,Matin2012_state_014::HCO3-,293.15,0.406,0.0061,0.0035128039013229,dimensionless,-0.006032,HCO3-,0.3
training,speciation,Matin2012_state_015,Matin2012_state_015::HCO3-,293.15,0.431,0.007,0.0047003999717789,dimensionless,-0.006032,HCO3-,0.3
training,speciation,Matin2012_state_016,Matin2012_state_016::HCO3-,293.15,0.455,0.008,0.0062703987335843,dimensionless,-0.006032,HCO3-,0.3
training,speciation,Matin2012_state_017,Matin2012_state_017::HCO3-,293.15,0.48,0.0091,0.0084766250676992,dimensionless,-0.006032,HCO3-,0.3
training,speciation,Matin2012_state_018,Matin2012_state_018::HCO3-,293.15,0.505,0.0102,0.0113378621836096,dimensionless,-0.006032,HCO3-,0.3
training,speciation,Matin2012_state_019,Matin2012_state_019::HCO3-,293.15,0.531,0.0114,0.0149808726669654,dimensionless,-0.006032,HCO3-,0.3
training,speciation,Bottinger2008_state_049::HCO3-,HCO3-,313.15,0.466,0.004,0.0085719764669462,dimensionless,0.0,HCO3-,0.3
training,speciation,Bottinger2008_state_050::HCO3-,HCO3-,313.15,0.487,0.0052,0.0106967287831475,dimensionless,0.0,HCO3-,0.3
training,speciation,Bottinger2008_state_058,Bottinger2008_state_058::HCO3-,333.15,0.415,0.0042,0.0059455317042716,dimensionless,0.006032,HCO3-,0.3
training,speciation,Bottinger2008_state_059,Bottinger2008_state_059::HCO3-,333.15,0.489,0.0072,0.012196621354553,dimensionless,0.006032,HCO3-,0.3
training,speciation,Bottinger2008_state_067,Bottinger2008_state_067::HCO3-,353.15,0.398,0.0046,0.005882174777243,dimensionless,0.012064,HCO3-,0.3
training,speciation,Matin2012_state_001,Matin2012_state_001::MEA,293.15,0.106,0.0915,0.0885700654213225,dimensionless,-0.006032,MEA,0.3
training,speciation,Matin2012_state_002,Matin2012_state_002::MEA,293.15,0.128,0.0867,0.0836826057342472,dimensionless,-0.006032,MEA,0.3
training,speciation,Matin2012_state_003,Matin2012_state_003::MEA,293.15,0.15,0.0817,0.0788041688299226,dimensionless,-0.006032,MEA,0.3
training,speciation,Matin2012_state_004,Matin2012_state_004::MEA,293.15,0.173,0.0768,0.0737160012051978,dimensionless,-0.006032,MEA,0.3
training,speciation,Matin2012_state_005,Matin2012_state_005::MEA,293.15,0.195,0.0718,0.0688633680255693,dimensionless,-0.006032,MEA,0.3
training,speciation,Matin2012_state_006,Matin2012_state_006::MEA,293.15,0.218,0.0668,0.0638089531885124,dimensionless,-0.006032,MEA,0.3
training,speciation,Matin2012_state_007,Matin2012_state_007::MEA,293.15,0.241,0.0618,0.0587788907322183,dimensionless,-0.006032,MEA,0.3
training,speciation,Matin2012_state_008,Matin2012_state_008::MEA,293.15,0.264,0.0568,0.0537801512627861,dimensionless,-0.006032,MEA,0.3
training,speciation,Matin2012_state_009,Matin2012_state_009::MEA,293.15,0.287,0.0518,0.0488222324489908,dimensionless,-0.006032,MEA,0.3
training,speciation,Matin2012_state_010,Matin2012_state_010::MEA,293.15,0.31,0.0469,0.0439182925661624,dimensionless,-0.006032,MEA,0.3
training,speciation,Matin2012_state_011,Matin2012_state_011::MEA,293.15,0.334,0.0419,0.0388788067745339,dimensionless,-0.006032,MEA,0.3
training,speciation,Matin2012_state_012,Matin2012_state_012::MEA,293.15,0.358,0.0371,0.0339486278143837,dimensionless,-0.006032,MEA,0.3
training,speciation,Matin2012_state_013,Matin2012_state_013::MEA,293.15,0.382,0.0322,0.0291719896663713,dimensionless,-0.006032,MEA,0.3
training,speciation,Matin2012_state_014,Matin2012_state_014::MEA,293.15,0.406,0.0274,0.0246129610410623,dimensionless,-0.006032,MEA,0.3
training,speciation,Matin2012_state_015,Matin2012_state_015::MEA,293.15,0.431,0.0227,0.0201918868483108,dimensionless,-0.006032,MEA,0.3
training,speciation,Matin2012_state_016,Matin2012_state_016::MEA,293.15,0.455,0.0181,0.0163793094366061,dimensionless,-0.006032,MEA,0.3
training,speciation,Matin2012_state_017,Matin2012_state_017::MEA,293.15,0.48,0.0135,0.0129819603022047,dimensionless,-0.006032,MEA,0.3
training,speciation,Matin2012_state_018,Matin2012_state_018::MEA,293.15,0.505,0.009,0.0102451556287355,dimensionless,-0.006032,MEA,0.3
training,speciation,Matin2012_state_019,Matin2012_state_019::MEA,293.15,0.531,0.0046,0.0080749715431048,dimensionless,-0.006032,MEA,0.3
reserved,speciation,Jakobsen2005_state_009,Jakobsen2005_state_009::MEA + MEAH+,293.15,0.11,0.1101,0.100993243074283,dimensionless,-0.006032,MEA + MEAH+,0.3
reserved,speciation,Jakobsen2005_state_010,Jakobsen2005_state_010::MEA + MEAH+,293.15,0.21,0.091,0.0906524515813213,dimensionless,-0.006032,MEA + MEAH+,0.3
reserved,speciation,Jakobsen2005_state_012,Jakobsen2005_state_012::MEA + MEAH+,293.15,0.25,0.0836,0.0866133959054909,dimensionless,-0.006032,MEA + MEAH+,0.3
reserved,speciation,Jakobsen2005_state_011,Jakobsen2005_state_011::MEA + MEAH+,293.15,0.29,0.0792,0.0826861353796756,dimensionless,-0.006032,MEA + MEAH+,0.3
reserved,speciation,Jakobsen2005_state_013,Jakobsen2005_state_013::MEA + MEAH+,293.15,0.4,0.0778,0.0732032683216959,dimensionless,-0.006032,MEA + MEAH+,0.3
reserved,speciation,Jakobsen2005_state_014,Jakobsen2005_state_014::MEA + MEAH+,293.15,0.6,0.0641,0.0743884099008681,dimensionless,-0.006032,MEA + MEAH+,0.3
reserved,speciation,Jakobsen2005_state_015,Jakobsen2005_state_015::MEA + MEAH+,293.15,0.78,0.0752,0.0898436294647855,dimensionless,-0.006032,MEA + MEAH+,0.3
reserved,speciation,Jakobsen2005_state_016,Jakobsen2005_state_016::MEA + MEAH+,293.15,0.99,0.0832,0.1065404221969081,dimensionless,-0.006032,MEA + MEAH+,0.3
reserved,speciation,Jakobsen2005_state_017::MEA + MEAH+,MEA + MEAH+,313.15,0.11,0.105,0.1006267306270303,dimensionless,0.0,MEA + MEAH+,0.3
reserved,speciation,Jakobsen2005_state_018::MEA + MEAH+,MEA + MEAH+,313.15,0.21,0.0875,0.0901254588632908,dimensionless,0.0,MEA + MEAH+,0.3
reserved,speciation,Jakobsen2005_state_020::MEA + MEAH+,MEA + MEAH+,313.15,0.25,0.0777,0.086050388203479,dimensionless,0.0,MEA + MEAH+,0.3
reserved,speciation,Jakobsen2005_state_019::MEA + MEAH+,MEA + MEAH+,313.15,0.29,0.0788,0.0821115912177425,dimensionless,0.0,MEA + MEAH+,0.3
reserved,speciation,Jakobsen2005_state_021::MEA + MEAH+,MEA + MEAH+,313.15,0.4,0.0849,0.0728389625557441,dimensionless,0.0,MEA + MEAH+,0.3
reserved,speciation,Jakobsen2005_state_022::MEA + MEAH+,MEA + MEAH+,313.15,0.6,0.0638,0.0741324589937841,dimensionless,0.0,MEA + MEAH+,0.3
reserved,speciation,Jakobsen2005_state_023::MEA + MEAH+,MEA + MEAH+,313.15,0.78,0.0755,0.0887579735289204,dimensionless,0.0,MEA + MEAH+,0.3
reserved,speciation,Jakobsen2005_state_024::MEA + MEAH+,MEA + MEAH+,313.15,0.99,0.0857,0.1034631379807696,dimensionless,0.0,MEA + MEAH+,0.3
training,speciation,Bottinger2008_state_030,Bottinger2008_state_030::MEA + MEAH+,293.15,0.075,0.1054,0.1046376636244031,dimensionless,-0.006032,MEA + MEAH+,0.3
training,speciation,Bottinger2008_state_031,Bottinger2008_state_031::MEA + MEAH+,293.15,0.15,0.0966,0.0968326998751082,dimensionless,-0.006032,MEA + MEAH+,0.3
training,speciation,Bottinger2008_state_032,Bottinger2008_state_032::MEA + MEAH+,293.15,0.235,0.0871,0.0881175684784252,dimensionless,-0.006032,MEA + MEAH+,0.3
training,speciation,Bottinger2008_state_033,Bottinger2008_state_033::MEA + MEAH+,293.15,0.309,0.078,0.080877668220958,dimensionless,-0.006032,MEA + MEAH+,0.3
training,speciation,Bottinger2008_state_034,Bottinger2008_state_034::MEA + MEAH+,293.15,0.388,0.0678,0.074073579151103,dimensionless,-0.006032,MEA + MEAH+,0.3
training,speciation,Bottinger2008_state_035,Bottinger2008_state_035::MEA + MEAH+,293.15,0.474,0.062,0.0697810589138817,dimensionless,-0.006032,MEA + MEAH+,0.3
training,speciation,Bottinger2008_state_042::MEA + MEAH+,MEA + MEAH+,313.15,0.125,0.1009,0.0990349464705922,dimensionless,0.0,MEA + MEAH+,0.3
training,speciation,Bottinger2008_state_043::MEA + MEAH+,MEA + MEAH+,313.15,0.205,0.0934,0.0906417673982606,dimensionless,0.0,MEA + MEAH+,0.3
training,speciation,Bottinger2008_state_044::MEA + MEAH+,MEA + MEAH+,313.15,0.236,0.0876,0.0874641332864969,dimensionless,0.0,MEA + MEAH+,0.3
training,speciation,Bottinger2008_state_045::MEA + MEAH+,MEA + MEAH+,313.15,0.28,0.084,0.0830798848857594,dimensionless,0.0,MEA + MEAH+,0.3
training,speciation,Bottinger2008_state_046::MEA + MEAH+,MEA + MEAH+,313.15,0.343,0.0758,0.0772443569146142,dimensionless,0.0,MEA + MEAH+,0.3
training,speciation,Bottinger2008_state_047::MEA + MEAH+,MEA + MEAH+,313.15,0.354,0.0749,0.076309367134304,dimensionless,0.0,MEA + MEAH+,0.3
training,speciation,Bottinger2008_state_048::MEA + MEAH+,MEA + MEAH+,313.15,0.46,0.065,0.0700158402414597,dimensionless,0.0,MEA + MEAH+,0.3
training,speciation,Bottinger2008_state_049::MEA + MEAH+,MEA + MEAH+,313.15,0.466,0.0663,0.0698820414038139,dimensionless,0.0,MEA + MEAH+,0.3
training,speciation,Bottinger2008_state_050::MEA + MEAH+,MEA + MEAH+,313.15,0.487,0.0646,0.0696606201537254,dimensionless,0.0,MEA + MEAH+,0.3
training,speciation,Bottinger2008_state_055,Bottinger2008_state_055::MEA + MEAH+,333.15,0.131,0.0974,0.098205491417048,dimensionless,0.006032,MEA + MEAH+,0.3
training,speciation,Bottinger2008_state_056,Bottinger2008_state_056::MEA + MEAH+,333.15,0.203,0.0905,0.090646869850546,dimensionless,0.006032,MEA + MEAH+,0.3
training,speciation,Bottinger2008_state_057,Bottinger2008_state_057::MEA + MEAH+,333.15,0.277,0.0791,0.0832324868640513,dimensionless,0.006032,MEA + MEAH+,0.3
training,speciation,Bottinger2008_state_058,Bottinger2008_state_058::MEA + MEAH+,333.15,0.415,0.0687,0.0722413512227244,dimensionless,0.006032,MEA + MEAH+,0.3
training,speciation,Bottinger2008_state_059,Bottinger2008_state_059::MEA + MEAH+,333.15,0.489,0.068,0.0702689411986256,dimensionless,0.006032,MEA + MEAH+,0.3
training,speciation,Bottinger2008_state_063,Bottinger2008_state_063::MEA + MEAH+,353.15,0.064,0.1084,0.1053202519850352,dimensionless,0.012064,MEA + MEAH+,0.3
training,speciation,Bottinger2008_state_064,Bottinger2008_state_064::MEA + MEAH+,353.15,0.141,0.1005,0.0970906123975803,dimensionless,0.012064,MEA + MEAH+,0.3
training,speciation,Bottinger2008_state_065,Bottinger2008_state_065::MEA + MEAH+,353.15,0.245,0.0906,0.0864278653096757,dimensionless,0.012064,MEA + MEAH+,0.3
training,speciation,Bottinger2008_state_066,Bottinger2008_state_066::MEA + MEAH+,353.15,0.336,0.0858,0.078141711031268,dimensionless,0.012064,MEA + MEAH+,0.3
training,speciation,Bottinger2008_state_067,Bottinger2008_state_067::MEA + MEAH+,353.15,0.398,0.0872,0.0737852197453799,dimensionless,0.012064,MEA + MEAH+,0.3
reserved,speciation,Jakobsen2005_state_009,Jakobsen2005_state_009::MEACOO-,293.15,0.11,0.0106,0.0112268240746802,dimensionless,-0.006032,MEACOO-,0.3
reserved,speciation,Jakobsen2005_state_010,Jakobsen2005_state_010::MEACOO-,293.15,0.21,0.0206,0.0215676115528389,dimensionless,-0.006032,MEACOO-,0.3
reserved,speciation,Jakobsen2005_state_012,Jakobsen2005_state_012::MEACOO-,293.15,0.25,0.0274,0.0256066624626697,dimensionless,-0.006032,MEACOO-,0.3
reserved,speciation,Jakobsen2005_state_011,Jakobsen2005_state_011::MEACOO-,293.15,0.29,0.0307,0.0295339134273239,dimensionless,-0.006032,MEACOO-,0.3
reserved,speciation,Jakobsen2005_state_013,Jakobsen2005_state_013::MEACOO-,293.15,0.4,0.0427,0.0390166457601826,dimensionless,-0.006032,MEACOO-,0.3
reserved,speciation,Jakobsen2005_state_014,Jakobsen2005_state_014::MEACOO-,293.15,0.6,0.0519,0.0378218929107168,dimensionless,-0.006032,MEACOO-,0.3
reserved,speciation,Jakobsen2005_state_015,Jakobsen2005_state_015::MEACOO-,293.15,0.78,0.0385,0.022305776302471,dimensionless,-0.006032,MEACOO-,0.3
reserved,speciation,Jakobsen2005_state_016,Jakobsen2005_state_016::MEACOO-,293.15,0.99,0.0276,0.0051561941018399,dimensionless,-0.006032,MEACOO-,0.3
reserved,speciation,Jakobsen2005_state_017::MEACOO-,MEACOO-,313.15,0.11,0.0103,0.0115933345987616,dimensionless,0.0,MEACOO-,0.3
reserved,speciation,Jakobsen2005_state_018::MEACOO-,MEACOO-,313.15,0.21,0.018,0.0220945899213324,dimensionless,0.0,MEACOO-,0.3
reserved,speciation,Jakobsen2005_state_020::MEACOO-,MEACOO-,313.15,0.25,0.0261,0.0261696411993253,dimensionless,0.0,MEACOO-,0.3
reserved,speciation,Jakobsen2005_state_019::MEACOO-,MEACOO-,313.15,0.29,0.0284,0.0301083996626755,dimensionless,0.0,MEACOO-,0.3
reserved,speciation,Jakobsen2005_state_021::MEACOO-,MEACOO-,313.15,0.4,0.0495,0.0393805192682733,dimensionless,0.0,MEACOO-,0.3
reserved,speciation,Jakobsen2005_state_022::MEACOO-,MEACOO-,313.15,0.6,0.0494,0.0380621043754189,dimensionless,0.0,MEACOO-,0.3
reserved,speciation,Jakobsen2005_state_023::MEACOO-,MEACOO-,313.15,0.78,0.0388,0.0232931288766464,dimensionless,0.0,MEACOO-,0.3
reserved,speciation,Jakobsen2005_state_024::MEACOO-,MEACOO-,313.15,0.99,0.0312,0.007898002293339,dimensionless,0.0,MEACOO-,0.3
training,speciation,Bottinger2008_state_030,Bottinger2008_state_030::MEACOO-,293.15,0.075,0.0086,0.0075824039020688,dimensionless,-0.006032,MEACOO-,0.3
training,speciation,Matin2012_state_001,Matin2012_state_001::MEACOO-,293.15,0.106,0.0097,0.0108101415083329,dimensionless,-0.006032,MEACOO-,0.3
training,speciation,Matin2012_state_002,Matin2012_state_002::MEACOO-,293.15,0.128,0.0124,0.0131010234276978,dimensionless,-0.006032,MEACOO-,0.3
training,speciation,Bottinger2008_state_031,Bottinger2008_state_031::MEACOO-,293.15,0.15,0.0171,0.0153873664047674,dimensionless,-0.006032,MEACOO-,0.3
training,speciation,Matin2012_state_003,Matin2012_state_003::MEACOO-,293.15,0.15,0.0151,0.0153873664047674,dimensionless,-0.006032,MEACOO-,0.3
training,speciation,Matin2012_state_004,Matin2012_state_004::MEACOO-,293.15,0.173,0.0177,0.0177685238823333,dimensionless,-0.006032,MEACOO-,0.3
training,speciation,Matin2012_state_005,Matin2012_state_005::MEACOO-,293.15,0.195,0.0203,0.02003317461688,dimensionless,-0.006032,MEACOO-,0.3
training,speciation,Matin2012_state_006,Matin2012_state_006::MEACOO-,293.15,0.218,0.0228,0.0223821197632922,dimensionless,-0.006032,MEACOO-,0.3
training,speciation,Bottinger2008_state_032,Bottinger2008_state_032::MEACOO-,293.15,0.235,0.0267,0.0241024920651714,dimensionless,-0.006032,MEACOO-,0.3
training,speciation,Matin2012_state_007,Matin2012_state_007::MEACOO-,293.15,0.241,0.0252,0.024705852841495,dimensionless,-0.006032,MEACOO-,0.3
training,speciation,Matin2012_state_008,Matin2012_state_008::MEACOO-,293.15,0.264,0.0276,0.0269966387933585,dimensionless,-0.006032,MEACOO-,0.3
training,speciation,Matin2012_state_009,Matin2012_state_009::MEACOO-,293.15,0.287,0.0299,0.0292445200774144,dimensionless,-0.006032,MEACOO-,0.3
training,speciation,Bottinger2008_state_033,Bottinger2008_state_033::MEACOO-,293.15,0.309,0.0349,0.0313423729544144,dimensionless,-0.006032,MEACOO-,0.3
training,speciation,Matin2012_state_010,Matin2012_state_010::MEACOO-,293.15,0.31,0.0321,0.0314362763819844,dimensionless,-0.006032,MEACOO-,0.3
training,speciation,Matin2012_state_011,Matin2012_state_011::MEACOO-,293.15,0.334,0.0342,0.0336439231088992,dimensionless,-0.006032,MEACOO-,0.3
training,speciation,Matin2012_state_012,Matin2012_state_012::MEACOO-,293.15,0.358,0.0362,0.0357420386794136,dimensionless,-0.006032,MEACOO-,0.3
training,speciation,Matin2012_state_013,Matin2012_state_013::MEACOO-,293.15,0.382,0.0381,0.037689472541448,dimensionless,-0.006032,MEACOO-,0.3
training,speciation,Bottinger2008_state_034,Bottinger2008_state_034::MEACOO-,293.15,0.388,0.043,0.0381463688486628,dimensionless,-0.006032,MEACOO-,0.3
training,speciation,Matin2012_state_014,Matin2012_state_014::MEACOO-,293.15,0.406,0.04,0.0394274984629041,dimensionless,-0.006032,MEACOO-,0.3
training,speciation,Matin2012_state_015,Matin2012_state_015::MEACOO-,293.15,0.431,0.0417,0.0409278094767483,dimensionless,-0.006032,MEACOO-,0.3
training,speciation,Matin2012_state_016,Matin2012_state_016::MEACOO-,293.15,0.455,0.0433,0.0419654790656744,dimensionless,-0.006032,MEACOO-,0.3
training,speciation,Bottinger2008_state_035,Bottinger2008_state_035::MEACOO-,293.15,0.474,0.0493,0.0424381945742827,dimensionless,-0.006032,MEACOO-,0.3
training,speciation,Matin2012_state_017,Matin2012_state_017::MEACOO-,293.15,0.48,0.0448,0.0425163416191115,dimensionless,-0.006032,MEACOO-,0.3
training,speciation,Matin2012_state_018,Matin2012_state_018::MEACOO-,293.15,0.505,0.0462,0.0424613019291173,dimensionless,-0.006032,MEACOO-,0.3
training,speciation,Matin2012_state_019,Matin2012_state_019::MEACOO-,293.15,0.531,0.0475,0.0417860320115071,dimensionless,-0.006032,MEACOO-,0.3
training,speciation,Bottinger2008_state_042::MEACOO-,MEACOO-,313.15,0.125,0.0144,0.0131851177012946,dimensionless,0.0,MEACOO-,0.3
training,speciation,Bottinger2008_state_043::MEACOO-,MEACOO-,313.15,0.205,0.0241,0.0215782830163511,dimensionless,0.0,MEACOO-,0.3
training,speciation,Bottinger2008_state_044::MEACOO-,MEACOO-,313.15,0.236,0.0271,0.0247559044256651,dimensionless,0.0,MEACOO-,0.3
training,speciation,Bottinger2008_state_045::MEACOO-,MEACOO-,313.15,0.28,0.0327,0.0291401182887869,dimensionless,0.0,MEACOO-,0.3
training,speciation,Bottinger2008_state_046::MEACOO-,MEACOO-,313.15,0.343,0.0396,0.0349755132023483,dimensionless,0.0,MEACOO-,0.3
training,speciation,Bottinger2008_state_047::MEACOO-,MEACOO-,313.15,0.354,0.041,0.0359104585519525,dimensionless,0.0,MEACOO-,0.3
training,speciation,Bottinger2008_state_048::MEACOO-,MEACOO-,313.15,0.46,0.0492,0.0422022110239152,dimensionless,0.0,MEACOO-,0.3
training,speciation,Bottinger2008_state_049::MEACOO-,MEACOO-,313.15,0.466,0.0502,0.0423357395459727,dimensionless,0.0,MEACOO-,0.3
training,speciation,Bottinger2008_state_050::MEACOO-,MEACOO-,313.15,0.487,0.0511,0.0425559097361625,dimensionless,0.0,MEACOO-,0.3
training,speciation,Bottinger2008_state_055,Bottinger2008_state_055::MEACOO-,333.15,0.131,0.0147,0.0140145603943889,dimensionless,0.006032,MEACOO-,0.3
training,speciation,Bottinger2008_state_056,Bottinger2008_state_056::MEACOO-,333.15,0.203,0.0231,0.0215731331607955,dimensionless,0.006032,MEACOO-,0.3
training,speciation,Bottinger2008_state_057,Bottinger2008_state_057::MEACOO-,333.15,0.277,0.0302,0.0289873462288161,dimensionless,0.006032,MEACOO-,0.3
training,speciation,Bottinger2008_state_058,Bottinger2008_state_058::MEACOO-,333.15,0.415,0.0417,0.0399759246833544,dimensionless,0.006032,MEACOO-,0.3
training,speciation,Bottinger2008_state_059,Bottinger2008_state_059::MEACOO-,333.15,0.489,0.0424,0.0419396492756251,dimensionless,0.006032,MEACOO-,0.3
training,speciation,Bottinger2008_state_063,Bottinger2008_state_063::MEACOO-,353.15,0.064,0.0068,0.0068998058485965,dimensionless,0.012064,MEACOO-,0.3
training,speciation,Bottinger2008_state_064,Bottinger2008_state_064::MEACOO-,353.15,0.141,0.014,0.0151293824852796,dimensionless,0.012064,MEACOO-,0.3
training,speciation,Bottinger2008_state_065,Bottinger2008_state_065::MEACOO-,353.15,0.245,0.0224,0.025791707363221,dimensionless,0.012064,MEACOO-,0.3
training,speciation,Bottinger2008_state_066,Bottinger2008_state_066::MEACOO-,353.15,0.336,0.0337,0.0340760284053446,dimensionless,0.012064,MEACOO-,0.3
training,speciation,Bottinger2008_state_067,Bottinger2008_state_067::MEACOO-,353.15,0.398,0.0336,0.0384279425496508,dimensionless,0.012064,MEACOO-,0.3
training,speciation,Matin2012_state_001,Matin2012_state_001::MEAH+,293.15,0.106,0.0115,0.012839860276509,dimensionless,-0.006032,MEAH+,0.3
training,speciation,Matin2012_state_002,Matin2012_state_002::MEAH+,293.15,0.128,0.0139,0.0154364376706541,dimensionless,-0.006032,MEAH+,0.3
training,speciation,Matin2012_state_003,Matin2012_state_003::MEAH+,293.15,0.15,0.0162,0.0180285310451855,dimensionless,-0.006032,MEAH+,0.3
training,speciation,Matin2012_state_004,Matin2012_state_004::MEAH+,293.15,0.173,0.0186,0.0207355403409268,dimensionless,-0.006032,MEAH+,0.3
training,speciation,Matin2012_state_005,Matin2012_state_005::MEAH+,293.15,0.195,0.021,0.0233235215957131,dimensionless,-0.006032,MEAH+,0.3
training,speciation,Matin2012_state_006,Matin2012_state_006::MEAH+,293.15,0.218,0.0234,0.0260289894692125,dimensionless,-0.006032,MEAH+,0.3
training,speciation,Matin2012_state_007,Matin2012_state_007::MEAH+,293.15,0.241,0.0257,0.0287353161663317,dimensionless,-0.006032,MEAH+,0.3
training,speciation,Matin2012_state_008,Matin2012_state_008::MEAH+,293.15,0.264,0.0281,0.0314432657027152,dimensionless,-0.006032,MEAH+,0.3
training,speciation,Matin2012_state_009,Matin2012_state_009::MEAH+,293.15,0.287,0.0304,0.0341532972588172,dimensionless,-0.006032,MEAH+,0.3
training,speciation,Matin2012_state_010,Matin2012_state_010::MEAH+,293.15,0.31,0.0327,0.0368654717452263,dimensionless,-0.006032,MEAH+,0.3
training,speciation,Matin2012_state_011,Matin2012_state_011::MEAH+,293.15,0.334,0.0349,0.0396972959497434,dimensionless,-0.006032,MEAH+,0.3
training,speciation,Matin2012_state_012,Matin2012_state_012::MEAH+,293.15,0.358,0.0372,0.0425293352923778,dimensionless,-0.006032,MEAH+,0.3
training,speciation,Matin2012_state_013,Matin2012_state_013::MEAH+,293.15,0.382,0.0394,0.0453584995727627,dimensionless,-0.006032,MEAH+,0.3
training,speciation,Matin2012_state_014,Matin2012_state_014::MEAH+,293.15,0.406,0.0415,0.0481794337346863,dimensionless,-0.006032,MEAH+,0.3
training,speciation,Matin2012_state_015,Matin2012_state_015::MEAH+,293.15,0.431,0.0436,0.0511000696052051,dimensionless,-0.006032,MEAH+,0.3
training,speciation,Matin2012_state_016,Matin2012_state_016::MEAH+,293.15,0.455,0.0457,0.0538747565184899,dimensionless,-0.006032,MEAH+,0.3
training,speciation,Matin2012_state_017,Matin2012_state_017::MEAH+,293.15,0.48,0.0477,0.056720829331552,dimensionless,-0.006032,MEAH+,0.3
training,speciation,Matin2012_state_018,Matin2012_state_018::MEAH+,293.15,0.505,0.0496,0.0595119512611063,dimensionless,-0.006032,MEAH+,0.3
training,speciation,Matin2012_state_019,Matin2012_state_019::MEAH+,293.15,0.531,0.0515,0.0623561673444335,dimensionless,-0.006032,MEAH+,0.3
