configuration_id,configuration_name,temperature_k,pressure_pa,mea_mass_fraction,loading_mol_co2_per_mol_mea,status,start_budget,continuation_reference_used,runtime_seconds,failure_reason,solver_status,search_status,first_failed_numerical_criterion,first_failed_physical_criterion,molar_density_mol_m3,mass_density_kg_m3,packing_fraction,ion_mole_fraction,bulk_relative_permittivity,born_a_over_rt,debye_huckel_a_over_rt,balance_inf_norm,charge_inf_norm,pressure_relative_residual,reaction_affinity_inf_norm,kkt_stationarity_inf_norm,condition_number_inf,x_carbon-dioxide,x_monoethanolamine,x_water,x_protonated-monoethanolamine,x_carbamate-anion,x_bicarbonate-anion,x_carbonate-anion,x_hydronium-cation,x_hydroxide-anion
block_baseline,H+/OH- source values; remaining ions 7.01,313.15,101325.0,0.3,0.11,evaluated,2,False,8.669897768995725,,solve_succeeded,certified_local_minimum,,,45551.53616013948,1065.5085343997187,0.44594593935944254,0.02500734542184952,56.584105337701054,-3.7593519757046767,-0.014438486996487108,2.416977370368624e-16,1.182796807545905e-17,1.530949087928849e-12,5.684341886080802e-14,2.1316282072803006e-13,137.90601868117892,3.395759600421206e-08,0.08785427978391769,0.8871383408366368,0.012659864283166,0.01170591988549046,0.0003258700395253074,0.0003123831521714826,3.844501478948062e-12,3.3080576517689326e-06
block_baseline,H+/OH- source values; remaining ions 7.01,313.15,101325.0,0.3,0.21,evaluated,5,False,15.143656305997865,,solve_succeeded,certified_local_minimum,,,47427.14280138218,1132.8044708648097,0.44656783104914466,0.04749904989872448,51.61638274226334,-7.014943413587001,-0.03678619677370346,2.7034115302805063e-16,2.944117118066497e-17,1.4604335154923516e-12,2.842170943040401e-14,1.2789769243681803e-13,120.85502513194236,2.8853197339968363e-07,0.06597774808692937,0.8865229134823727,0.023931991121226518,0.022310296176064347,0.0008906903669284866,0.00036493235572010647,5.995777235183785e-12,1.139872789244924e-06
block_baseline,H+/OH- source values; remaining ions 7.01,313.15,101325.0,0.3,0.4,evaluated,5,False,16.368996056997275,,solve_succeeded,certified_local_minimum,,,51173.9270370475,1270.3046847574226,0.44736837334503016,0.09015918886900663,45.19298765508902,-13.20740620283572,-0.09674290480585682,4.363827452772654e-16,8.788390344236993e-18,4.091626596162562e-13,8.526512829121202e-14,2.1316282072803006e-13,125.76682362369056,1.0368221175356685e-05,0.02701489082451612,0.8828155520853018,0.04528180311839272,0.03992221029790613,0.0045505657844298174,0.000404417392814746,1.2517967726311417e-11,1.9226294525104258e-07
block_baseline,H+/OH- source values; remaining ions 7.01,313.15,101325.0,0.3,0.6,evaluated,5,False,16.34589145899372,,solve_succeeded,certified_local_minimum,,,53408.11642990654,1377.6999205883546,0.444384867442131,0.13363686046817816,39.70666014566755,-19.888694932964867,-0.18407130247850467,6.841395412416757e-16,1.5183134400960298e-16,4.0779830536341155e-12,8.526512829121202e-14,1.7053025658242404e-13,148.373015200637,0.0006054818778983883,0.005966463338630774,0.8597911943152926,0.06695104990494849,0.03923460730235143,0.027185943709501545,0.00026523943780725216,4.804421471564283e-11,2.006552523581298e-08
block_baseline,H+/OH- source values; remaining ions 7.01,313.15,101325.0,0.3,0.78,evaluated,5,False,16.049491145997308,,solve_succeeded,certified_local_minimum,,,53529.576386730194,1422.9137504138732,0.4387948589473347,0.1655236192491732,35.466004585006914,-25.066874587430608,-0.27385094901733864,4.28109599065661e-16,8.333587914609617e-17,7.126237686963368e-13,5.684341886080802e-14,3.197442310920451e-13,122.58755311905152,0.004439525773799564,0.002659458254832033,0.8273773967221952,0.08282008627988617,0.026242319345407012,0.05634465520457994,0.00011655350271126267,9.605604953042655e-11,4.820532750197739e-09
block_baseline,H+/OH- source values; remaining ions 7.01,313.15,101325.0,0.3,0.99,evaluated,5,False,14.079144101997372,,solve_succeeded,certified_local_minimum,,,53009.06333642074,1447.6044581350066,0.4327954164267415,0.18787703850691906,32.092170786619526,-28.745495610804817,-0.3590948040881758,3.0011025667039055e-16,1.1060358859952499e-16,1.7179374286871382e-12,2.842170943040401e-14,2.2737367544323206e-13,79.93916900277087,0.015463629556097647,0.0014753050384729196,0.7951840268985103,0.0939607755523877,0.015048657615785506,0.07882309076271268,4.4512889983908845e-05,1.4606378920645693e-10,1.539985468277257e-09
amine_meah_generic,MEAH+ = 2.60,313.15,101325.0,0.3,0.11,evaluated,2,False,10.165467629994964,,solve_succeeded,certified_local_minimum,,,45553.90803087924,1065.5640555186817,0.4459304888509932,0.025163368157510205,59.382700724656516,-3.867953742222537,-0.014020847589507349,2.745321642986043e-16,5.421010862427522e-19,1.516587464214695e-13,2.842170943040401e-14,3.694822225952521e-13,133.80053250670014,2.7767037498408743e-08,0.08785422885558958,0.8869823752198628,0.012815186008668746,0.011550649783020698,0.0003265256931395118,0.0004670038680030665,4.087889701545667e-12,4.002800590292582e-06
amine_meah_generic,MEAH+ = 2.60,313.15,101325.0,0.3,0.21,evaluated,5,False,15.556576892005978,,solve_succeeded,certified_local_minimum,,,47431.21827495211,1132.901973243021,0.4465289397577448,0.04782908374723123,56.01179924320477,-7.248847205052972,-0.03445980136463948,1.7380184341416263e-16,1.2932499038678658e-17,4.5224753075871914e-12,4.2969585707536134e-14,2.7711166694643907e-13,118.62950962450232,2.1401947770683135e-07,0.06598961204330915,0.8861810901899818,0.02426157256973501,0.021968859132973396,0.0009030746282456471,0.0006940614059670307,6.864118356492312e-12,1.5160034460258142e-06
amine_meah_generic,MEAH+ = 2.60,313.15,101325.0,0.3,0.4,evaluated,5,False,13.96211333500105,,solve_succeeded,certified_local_minimum,,,51169.09735003215,1270.1894130280673,0.44725226493824644,0.09081796402863575,51.414110986462326,-13.684613933553672,-0.08604423123565251,5.424886038161211e-16,2.131685466707535e-17,3.4006888792745983e-12,2.1484792853768067e-14,1.4210854715202004e-13,121.1685932203819,6.867010451248657e-06,0.027167235115797654,0.8820079338451154,0.0459368275191223,0.03911523451199979,0.0047099262933737165,0.0010556910429432528,1.6667202577134912e-11,2.8464452948728604e-07
amine_meah_generic,MEAH+ = 2.60,313.15,101325.0,0.3,0.6,evaluated,5,False,16.66716962000646,,solve_succeeded,certified_local_minimum,,,53391.4335512312,1377.6241377300385,0.4441422964287105,0.13481810146634102,46.72614413215379,-20.477101484417386,-0.15643091674614173,2.199370101392506e-16,1.1337165422084386e-17,3.386470871797586e-13,2.842170943040401e-14,1.7053025658242404e-13,141.55227094401272,0.0003483620131616388,0.006272532108488664,0.8585610044120087,0.06785784514874,0.03805059729734607,0.028012036445168347,0.000897588977068919,7.296496681053935e-11,3.3525052709539284e-08
amine_meah_generic,MEAH+ = 2.60,313.15,101325.0,0.3,0.78,evaluated,5,False,13.686150487003033,,solve_succeeded,certified_local_minimum,,,53597.19099558398,1427.3825499069105,0.4381941258460284,0.169934563381929,42.417889144297035,-26.075890538859046,-0.23129569052665422,4.489080826027466e-16,5.890093738150013e-17,5.256354279380476e-13,5.684341886080802e-14,1.9895196601282805e-13,115.11290133245984,0.002573026304713173,0.0027239203788678064,0.82476848993449,0.08520114966295206,0.024006252535206326,0.060259416476768655,0.00046773629339239416,1.7470863020246976e-10,8.238900923210675e-09
amine_meah_generic,MEAH+ = 2.60,313.15,101325.0,0.3,0.99,evaluated,5,False,16.542433384995093,,solve_succeeded,certified_local_minimum,,,53199.2287899528,1459.4241464570287,0.4314565077517754,0.19798255396808231,38.62454512828838,-30.612676381661984,-0.30951114524077444,2.047120936525388e-16,1.383079435372634e-16,5.256354279380476e-13,5.684341886080802e-14,1.2789769243681803e-13,62.557627632125595,0.010973448018187245,0.0012181393871148138,0.7898258586266157,0.09907725899458325,0.010693228301401833,0.08804009932504946,0.00017196477163052546,3.7527316208412803e-10,2.2001440807282926e-09
amine_meacoo_generic,MEACOO- = 7.89,313.15,101325.0,0.3,0.11,evaluated,2,False,9.778474759994424,,solve_succeeded,certified_local_minimum,,,45550.88291189479,1065.4932511091654,0.4459461464238273,0.02499760835839506,56.095074819590195,-3.7524744619135393,-0.01457243359963843,4.039096463730066e-16,1.5355013267825957e-17,9.944419108391867e-12,8.526512829121202e-14,1.3500311979441904e-13,139.3924783091648,3.5223491690258774e-08,0.08786083385937096,0.8871415225587422,0.012650178235407159,0.011709051715737082,0.0003323719600598598,0.0003027481198681069,3.724425307328611e-12,3.258323598429416e-06
amine_meacoo_generic,MEACOO- = 7.89,313.15,101325.0,0.3,0.21,evaluated,5,False,15.367976677007391,,solve_succeeded,certified_local_minimum,,,47424.65913547965,1132.7451279545369,0.4465666008396535,0.04748063491575018,50.87006997881014,-7.0015940521408595,-0.03739026257090721,2.7195741424262846e-16,1.1013122380200413e-17,5.961510003745453e-13,8.526512829121202e-14,2.5579538487363607e-13,122.41735021936951,3.0437471222678133e-07,0.0660038876914592,0.8865151730180783,0.02391361588966083,0.02230253002522696,0.0009167757825137989,0.00034659687488000434,5.654262973233474e-12,1.1163378143240343e-06
amine_meacoo_generic,MEACOO- = 7.89,313.15,101325.0,0.3,0.4,evaluated,5,False,17.22176508200937,,solve_succeeded,certified_local_minimum,,,51157.773248168196,1269.9029239476222,0.44734713815362515,0.09012939142581466,44.23518740270994,-13.187117070821342,-0.0991285077845998,1.6024689053196368e-16,4.307924866440646e-17,7.140024845728955e-12,5.684341886080802e-14,1.2789769243681803e-13,129.58542792105496,1.0979214109019322e-05,0.027170417106581978,0.8826892122534944,0.04525264753379322,0.03979577103477138,0.004704880356841387,0.0003759036643368884,1.1282554425115155e-11,1.8882478923206643e-07
amine_meacoo_generic,MEACOO- = 7.89,313.15,101325.0,0.3,0.6,evaluated,5,False,17.043534526004805,,solve_succeeded,certified_local_minimum,,,53380.145570834815,1376.9881851318607,0.44434178690026743,0.13364104747161018,38.993311566501916,-19.883622674142394,-0.1880414616229149,8.206870660734741e-16,1.4141956208239392e-17,1.9049257694454273e-12,1.4210854715202004e-13,2.4158453015843406e-13,152.0018108741306,0.0005983883871805022,0.00622077159866885,0.8595397925425405,0.0669476652931994,0.038984479686071515,0.02745459867497444,0.00025428319853750274,4.187444052109261e-11,2.0576952877276987e-08
amine_meacoo_generic,MEACOO- = 7.89,313.15,101325.0,0.3,0.78,evaluated,5,False,20.308882604993414,,solve_succeeded,certified_local_minimum,,,53519.096506540634,1422.8563876864089,0.43873481017593585,0.16586072220127085,35.059642943066365,-25.121341036323628,-0.2783071882738443,3.5958512668591495e-16,1.53796989842825e-16,3.5329594336819597e-14,4.6412457148092353e-14,2.2026824808563106e-13,125.33927745594535,0.00428474846935019,0.002815379892452286,0.8270391494369268,0.08298886380422338,0.025934989303043103,0.05681985839072458,0.00011700557666285567,8.474347832251169e-11,5.041873452804946e-09
amine_meacoo_generic,MEACOO- = 7.89,313.15,101325.0,0.3,0.99,evaluated,5,False,15.024264763007523,,solve_succeeded,certified_local_minimum,,,53017.79747457385,1448.4683833269662,0.4326727267459933,0.18882291784248398,31.857224518099468,-28.900788183444057,-0.36445634126704535,2.1771873010973765e-16,1.9460845006602342e-16,1.4604335154923516e-12,4.6412457148092353e-14,2.0605739337042905e-13,80.03533273278516,0.015038402508800761,0.001552631050246748,0.7945860485984685,0.0944341859769386,0.0145456401875232,0.07979763556962252,4.545437661514215e-05,1.3261095964545256e-10,1.5991735451483738e-09
amine_both_generic,MEAH+ = 2.60; MEACOO- = 7.89,313.15,101325.0,0.3,0.11,evaluated,2,False,9.481971229994087,,solve_succeeded,certified_local_minimum,,,45553.145051545565,1065.5462047828491,0.4459309747389089,0.02514929058641716,58.849646379278504,-3.8581065147331373,-0.014144963082204469,4.5714757206233335e-16,8.802366387866689e-18,3.9615102853123245e-12,5.684341886080802e-14,2.0605739337042905e-13,135.38198315321367,2.883812688372185e-08,0.08786121550375775,0.8869894650716982,0.012801169322967643,0.011557679700355887,0.00033345049205370556,0.00045304806744253854,3.962205023549791e-12,3.942999635179612e-06
amine_both_generic,MEAH+ = 2.60; MEACOO- = 7.89,313.15,101325.0,0.3,0.21,evaluated,5,False,14.53144304700254,,solve_succeeded,certified_local_minimum,,,47428.20838060443,1132.8300619435972,0.44652852305538,0.047794966553346765,55.14505048719732,-7.224756797329534,-0.03501293347055356,1.1539786290979456e-16,2.2085537066708627e-17,3.5329594336819597e-14,8.593917141507227e-14,2.1316282072803006e-13,120.36369219816336,2.2633262931518104e-07,0.06601831858211005,0.8861864885319138,0.024227498964200823,0.021974224817924014,0.000931726357917138,0.0006600313880189462,6.482033924610491e-12,1.4850188038114975e-06
amine_both_generic,MEAH+ = 2.60; MEACOO- = 7.89,313.15,101325.0,0.3,0.4,evaluated,5,False,15.47260496400122,,solve_succeeded,certified_local_minimum,,,51149.72623674402,1269.708013484079,0.44723056675971923,0.09074406121715603,50.20084616811478,-13.634365838369328,-0.08821297537764017,1.2819751242557095e-16,4.845028458294598e-18,1.0434724941993095e-11,8.526512829121202e-14,1.9895196601282805e-13,124.7429875531703,7.29175388037312e-06,0.02734416526526779,0.8819044817636957,0.045863373294844016,0.03901171092207149,0.004886011714254136,0.0009826854026673856,1.5067692144221294e-11,2.798682513092362e-07
amine_both_generic,MEAH+ = 2.60; MEACOO- = 7.89,313.15,101325.0,0.3,0.6,evaluated,5,False,17.6144712719979,,solve_succeeded,certified_local_minimum,,,53358.80164799982,1376.7892050066064,0.44409461268395367,0.13479468056928987,45.772351988722534,-20.456287641494644,-0.16014951095665045,2.03434531852855e-16,3.7680154779489144e-17,1.530949087928849e-12,5.684341886080802e-14,2.2737367544323206e-13,141.70709275400134,0.0003432567957762506,0.006561882869060334,0.8583001797658736,0.06782897432507484,0.03779069026828048,0.02831171320514634,0.0008632682082464393,6.369331548706811e-11,3.449884845738509e-08
amine_both_generic,MEAH+ = 2.60; MEACOO- = 7.89,313.15,101325.0,0.3,0.78,evaluated,5,False,16.15484859199205,,solve_succeeded,certified_local_minimum,,,53582.19230244038,1427.149358893485,0.43813606643560143,0.17019418704624836,41.903809682530174,-26.122064349323157,-0.23515346546187038,3.1671705251974976e-16,6.654477445575975e-17,4.091626596162562e-13,8.526512829121202e-14,1.7053025658242404e-13,117.31212540381085,0.002456846789734749,0.002903506369776759,0.8244454597942402,0.08533442399629877,0.02370642988399433,0.060678663066302416,0.00047466125502316055,1.5433699391997427e-10,8.690292693440163e-09
amine_both_generic,MEAH+ = 2.60; MEACOO- = 7.89,313.15,101325.0,0.3,0.99,evaluated,5,False,13.660247150997748,,solve_succeeded,certified_local_minimum,,,53207.3351160029,1460.2255939617344,0.431337891415405,0.19886043225139233,38.40182413432555,-30.761205506729052,-0.3133735276349024,2.989781102658701e-16,6.750042945233207e-17,8.994684932174842e-13,4.6412457148092353e-14,1.5631940186722204e-13,66.02760531501924,0.010581133468991205,0.0012851600860358393,0.7892732741935807,0.09951923735066001,0.010228254811699361,0.08893489430403692,0.00017804314118389586,3.4562809874071904e-10,2.29818402949174e-09
carbonate_hco3_generic,MEAH+ = 2.60; HCO3- = 7.89,313.15,101325.0,0.3,0.11,evaluated,2,False,9.049445650001871,,solve_succeeded,certified_local_minimum,,,45554.516133726,1065.5782791954953,0.4459318381569903,0.025162991417259507,59.36857865590495,-3.8674954803421895,-0.014023876149503338,3.8479351541047258e-16,2.3215479018345864e-17,3.14304134984267e-12,5.684341886080802e-14,1.4210854715202004e-13,133.21583803261905,2.7800605531986975e-08,0.08784688538697209,0.8869900953951629,0.012814811161013066,0.011558368095526855,0.000319180301718491,0.0004666309129355405,4.084456791217074e-12,4.000941981099025e-06
carbonate_hco3_generic,MEAH+ = 2.60; HCO3- = 7.89,313.15,101325.0,0.3,0.21,evaluated,5,False,14.140566775997286,,solve_succeeded,certified_local_minimum,,,47434.04100415895,1132.9693912553819,0.44653485293947426,0.04782784026302164,55.98009891057663,-7.247124394828102,-0.03447835307470477,2.426444462022559e-16,3.270224802759403e-17,6.321555910259301e-12,4.2969585707536134e-14,2.7000623958883807e-13,117.81749775198689,2.1469134576941475e-07,0.06595810677978015,0.8862138382658524,0.02426033148463939,0.022001605406200976,0.0008715663533263794,0.0006928227199572853,6.850074747398374e-12,1.5142920475343835e-06
carbonate_hco3_generic,MEAH+ = 2.60; HCO3- = 7.89,313.15,101325.0,0.3,0.4,evaluated,5,False,16.359108674994786,,solve_succeeded,certified_local_minimum,,,51190.700091419196,1270.7254501175578,0.4472935576947374,0.09081036604896202,51.29490580489437,-13.673684801724175,-0.08623873504491227,2.884444029575346e-16,7.569764043022231e-17,3.386470871797586e-13,6.445437856130421e-14,2.0605739337042905e-13,118.79977137555171,7.022638541785879e-06,0.02695902772175993,0.8822235835907363,0.04592939465524354,0.03933085730532133,0.004501408634373197,0.0010484232946937101,1.658432580087652e-11,2.821427459125256e-07
carbonate_hco3_generic,MEAH+ = 2.60; HCO3- = 7.89,313.15,101325.0,0.3,0.6,evaluated,5,False,17.467983508002362,,solve_succeeded,certified_local_minimum,,,53428.59435509604,1378.516206563906,0.4442333893097093,0.13466294305721419,46.09523731494518,-20.41070593984533,-0.15848305163809612,3.288621628322511e-16,2.5411358994543434e-17,3.386470871797586e-13,1.7053025658242404e-13,2.2737367544323206e-13,141.2762468993375,0.00039674109373567747,0.005924248563637629,0.8590160672854125,0.06775432534490994,0.03849697154232682,0.027565906857624164,0.0008457077768381354,7.211621566410628e-11,3.146339890923547e-08
carbonate_hco3_generic,MEAH+ = 2.60; HCO3- = 7.89,313.15,101325.0,0.3,0.78,evaluated,5,False,15.83650606298761,,solve_succeeded,certified_local_minimum,,,53600.51118763211,1426.8184860306396,0.43836306449473283,0.16889044508492435,41.30978398876209,-25.856483634167017,-0.23648158479628698,4.52320653873428e-16,4.658559448912484e-17,3.386470871797586e-13,5.684341886080802e-14,1.2789769243681803e-13,115.3265339259076,0.0030288705817290715,0.0025345904872513185,0.8255460938460953,0.08465277708051035,0.02469280013360832,0.059129750692206384,0.00041510939952490875,1.6171428848231795e-10,7.617360103666622e-09
carbonate_hco3_generic,MEAH+ = 2.60; HCO3- = 7.89,313.15,101325.0,0.3,0.99,evaluated,5,False,18.33521798500442,,solve_succeeded,certified_local_minimum,,,53155.1122277587,1456.3483786149097,0.43183954056135326,0.1951550491481068,37.30967560593635,-30.109222451104603,-0.31650372451154213,2.0311578304967868e-16,8.539447691911199e-17,3.5329594336819597e-14,1.4210854715202004e-13,1.7053025658242404e-13,64.44752627549751,0.01223857749297835,0.001200178638394006,0.7914061947205208,0.09765543693613887,0.011991038193176613,0.0853527462114178,0.0001558253324598028,3.0414443269197393e-10,2.1707692843402535e-09
carbonate_co3_generic,MEAH+ = 2.60; CO3^2- = 7.89,313.15,101325.0,0.3,0.11,evaluated,2,False,9.780424131997279,,solve_succeeded,certified_local_minimum,,,45553.68378652147,1065.5588076482777,0.44593135957067886,0.025151765507973087,59.36312930851289,-3.8599860500404906,-0.013991760770542039,2.6445088591284423e-16,3.645629804982509e-18,2.2789024509620055e-12,9.947598300641403e-14,2.913225216616411e-13,133.6526677616329,2.7799265023519863e-08,0.08785452500265481,0.8869936816901071,0.012803582759891923,0.01156195688111572,0.0003268224104488585,0.00045540001997332476,4.081282426207288e-12,4.003432461977066e-06
carbonate_co3_generic,MEAH+ = 2.60; CO3^2- = 7.89,313.15,101325.0,0.3,0.21,evaluated,5,False,14.650188252999214,,solve_succeeded,certified_local_minimum,,,47430.61267137908,1132.8875020306984,0.4465308639967531,0.047802208402712515,55.98830320100662,-7.230411427418789,-0.034372298425183925,2.7447700315125657e-16,3.3525564052325207e-18,1.4604335154923516e-12,7.105427357601002e-14,4.689582056016661e-13,118.32461725600243,2.1431543774943023e-07,0.06599064563102858,0.8862069316508212,0.024234696678249564,0.02199470140352681,0.0009041084932347346,0.000667184967489855,6.8516208844171665e-12,1.516853359930441e-06
carbonate_co3_generic,MEAH+ = 2.60; CO3^2- = 7.89,313.15,101325.0,0.3,0.4,evaluated,5,False,14.146479093993548,,solve_succeeded,certified_local_minimum,,,51167.030025935645,1270.1380676994734,0.4472557799027395,0.09075748378793225,51.3878618781812,-13.643283229942472,-0.08578456317621012,1.2004060326466685e-16,5.914449905850515e-17,7.069365657055316e-12,7.105427357601002e-14,1.7053025658242404e-13,120.95874945229328,6.877473237861287e-06,0.027173838554660348,0.8820618001841695,0.04587635784146299,0.039169099576661766,0.00471650941095163,0.0009952319282628534,1.663455859347298e-11,2.850139584524409e-07
carbonate_co3_generic,MEAH+ = 2.60; CO3^2- = 7.89,313.15,101325.0,0.3,0.6,evaluated,5,False,14.572659102996113,,solve_succeeded,certified_local_minimum,,,53388.74487012449,1377.555086579152,0.4441459916222269,0.13475332033650808,46.70916900600889,-20.4326498970727,-0.15608460344357655,2.649329416668574e-16,7.249125014795036e-17,1.4604335154923516e-12,7.105427357601002e-14,2.4868995751603507e-13,141.8323499717721,0.00034811618598269754,0.006282176925751757,0.8586163865517574,0.0677928015580597,0.038106023657505976,0.02802217851611755,0.0008322829251844027,7.278654564537862e-11,3.360685391254816e-08
carbonate_co3_generic,MEAH+ = 2.60; CO3^2- = 7.89,313.15,101325.0,0.3,0.78,evaluated,5,False,13.699555400991812,,solve_succeeded,certified_local_minimum,,,53595.853740101884,1427.3507266140443,0.438196710971888,0.1698996696077087,42.410848370730584,-26.04910270437437,-0.2310480488554391,1.91874571767676e-16,5.817544042728703e-17,7.831393411328343e-13,3.2227189280652104e-14,1.7053025658242404e-13,115.95979264404167,0.0025703711828273146,0.0027282024324430713,0.8248017567770208,0.08516336834295972,0.02404004975958135,0.06026917564789959,0.00042706742697947917,1.7438435096042658e-10,8.255904191581398e-09
carbonate_co3_generic,MEAH+ = 2.60; CO3^2- = 7.89,313.15,101325.0,0.3,0.99,evaluated,5,False,15.231852092998452,,solve_succeeded,certified_local_minimum,,,53198.96393239092,1459.426266045155,0.4314565419037738,0.1979791978250551,38.62203260233324,-30.603096696256014,-0.3094130666835466,4.3590348344779706e-16,4.672237376649416e-17,5.6442617358997846e-12,1.5631940186722204e-13,1.4210854715202004e-13,62.80653720245669,0.010967085405510125,0.0012193308057320306,0.7898343859637027,0.09906683336412182,0.010703176526071756,0.0880547157044144,0.00015446965297024037,3.7489084653854433e-10,2.202586030515278e-09
carbonate_both_generic,MEAH+ = 2.60; HCO3-/CO3^2- = 7.89,313.15,101325.0,0.3,0.11,evaluated,2,False,9.458471382007701,,solve_succeeded,certified_local_minimum,,,45554.2912158001,1065.5730155723845,0.445932706219579,0.025151399119057363,59.34901690510186,-3.859535184275205,-0.013994810658326341,4.50872218770774e-16,3.842141448745506e-18,2.2082432622883663e-12,1.1368683772161603e-13,1.0658141036401503e-13,133.0670306497488,2.7832815749200333e-08,0.08784719160218804,0.8870013814459388,0.012803218267390571,0.011569654770318743,0.00031948708337480145,0.0004550374238794939,4.0778570933434725e-12,4.001570015895986e-06
carbonate_both_generic,MEAH+ = 2.60; HCO3-/CO3^2- = 7.89,313.15,101325.0,0.3,0.21,evaluated,5,False,16.37808894200134,,solve_succeeded,certified_local_minimum,,,47433.43167159308,1132.954830991718,0.44653676299709216,0.047801020397416696,55.95662259328333,-7.228728168232875,-0.034391003613017654,2.724197139043382e-16,2.06421929245873e-17,6.766048164212377e-12,5.684341886080802e-14,2.7000623958883807e-13,117.51116454058571,2.1498695298397716e-07,0.06595919221338513,0.8862395724022452,0.02423351107760604,0.022027340346456217,0.0008726520589842551,0.0006660017714705846,6.837604563909934e-12,1.5151360619989379e-06
carbonate_both_generic,MEAH+ = 2.60; HCO3-/CO3^2- = 7.89,313.15,101325.0,0.3,0.4,evaluated,5,False,14.283509577988298,,solve_succeeded,certified_local_minimum,,,51188.60304858785,1270.673367350446,0.4472969563544809,0.09075038480942413,51.26869381501341,-13.632706927240596,-0.08598098193700274,4.4169983890608785e-16,1.2390821468909533e-17,8.938961832163923e-12,2.842170943040401e-14,7.105427357601002e-14,118.56675310721639,7.032995986652496e-06,0.026966003118635704,0.8822765790759535,0.04586942387504951,0.03938385152632648,0.004508363911913618,0.0009884629737780298,1.6551567810001503e-11,2.8250580492384653e-07
carbonate_both_generic,MEAH+ = 2.60; HCO3-/CO3^2- = 7.89,313.15,101325.0,0.3,0.6,evaluated,5,False,19.551525502000004,,solve_succeeded,certified_local_minimum,,,53426.04700685735,1378.4509507692155,0.44423674686038933,0.13460257124791916,46.079344091801,-20.36916196408952,-0.15815492924284266,2.321557329247645e-16,6.676340160037997e-17,3.5329594336819597e-14,2.8421709430404007e-13,2.7000623958883807e-13,141.5401309516774,0.00039639070952181553,0.005933541430476451,0.8590674966120825,0.06769357948515686,0.038548463855381326,0.027575908431431366,0.0007845878662743619,7.193989515098646e-11,3.1537735353138107e-08
carbonate_both_generic,MEAH+ = 2.60; HCO3-/CO3^2- = 7.89,313.15,101325.0,0.3,0.78,evaluated,5,False,14.287276275004842,,solve_succeeded,certified_local_minimum,,,53599.37852496276,1426.7924877269056,0.4383652074866656,0.16886105290230294,41.30359283133834,-25.833173796915048,-0.23626056785296332,2.816124680089875e-16,1.2108418037316989e-16,1.4604335154923516e-12,1.1368683772161603e-13,3.552713678800501e-13,116.1297129172363,0.0030259631641518844,0.0025381826642584824,0.8255748012692866,0.08462022297581265,0.02472208833189639,0.05913934042988254,0.0003793933722040041,1.6144082062047774e-10,7.631066545910035e-09
carbonate_both_generic,MEAH+ = 2.60; HCO3-/CO3^2- = 7.89,313.15,101325.0,0.3,0.99,evaluated,5,False,13.73503068399441,,solve_succeeded,certified_local_minimum,,,53154.88674652571,1456.3506467147297,0.43183956274628577,0.19515216994498996,37.307341637969294,-30.100694465292918,-0.3164143964225656,2.1038507208867025e-16,5.280644268177684e-17,1.2734451747340625e-12,4.2969585707536134e-14,1.9184653865522705e-13,64.77192445426657,0.012232847140114498,0.0012011602715345712,0.791413822643361,0.09764619074846112,0.011999945808300494,0.08536581875191715,0.00014021215968120445,3.03874463855769e-10,2.172755523502317e-09
