source_id,doi,source_locator,temperature_c,temperature_k,co2_loading_mol_per_mol_mea,fitted_static_relative_permittivity,relaxation_time_ps,conductivity_s_m,cole_cole_n,relaxation_frequency_ghz,error_squared,measurement_classification
Hajj2024,10.1016/j.molliq.2024.124819,"Table 1, printed page 9",20,293.15,0.22,71.3,26.7,1.8,0.84,5.97,0.1,Cole-Cole fitted static limit from 915-2450 MHz observations
Hajj2024,10.1016/j.molliq.2024.124819,"Table 1, printed page 9",30,303.15,0.22,70.1,21.9,2.2,0.82,7.27,0.1,Cole-Cole fitted static limit from 915-2450 MHz observations
Hajj2024,10.1016/j.molliq.2024.124819,"Table 1, printed page 9",40,313.15,0.22,67.8,17.7,2.7,0.83,8.99,0.1,Cole-Cole fitted static limit from 915-2450 MHz observations
Hajj2024,10.1016/j.molliq.2024.124819,"Table 1, printed page 9",50,323.15,0.22,69.7,15.4,3.1,0.75,10.36,0.0,Cole-Cole fitted static limit from 915-2450 MHz observations
Hajj2024,10.1016/j.molliq.2024.124819,"Table 1, printed page 9",60,333.15,0.22,66.8,13.1,3.6,0.77,12.14,0.0,Cole-Cole fitted static limit from 915-2450 MHz observations
Hajj2024,10.1016/j.molliq.2024.124819,"Table 1, printed page 9",70,343.15,0.22,63.6,11.3,4.3,0.80,14.10,0.0,Cole-Cole fitted static limit from 915-2450 MHz observations
Hajj2024,10.1016/j.molliq.2024.124819,"Table 1, printed page 9",80,353.15,0.22,60.1,11.1,5.0,0.88,14.29,0.0,Cole-Cole fitted static limit from 915-2450 MHz observations
Hajj2024,10.1016/j.molliq.2024.124819,"Table 1, printed page 9",20,293.15,0.33,80.5,32.0,2.3,0.73,4.97,0.1,Cole-Cole fitted static limit from 915-2450 MHz observations
Hajj2024,10.1016/j.molliq.2024.124819,"Table 1, printed page 9",30,303.15,0.33,80.9,27.5,2.8,0.70,5.78,0.1,Cole-Cole fitted static limit from 915-2450 MHz observations
Hajj2024,10.1016/j.molliq.2024.124819,"Table 1, printed page 9",40,313.15,0.33,79.5,23.0,3.5,0.69,6.92,0.1,Cole-Cole fitted static limit from 915-2450 MHz observations
Hajj2024,10.1016/j.molliq.2024.124819,"Table 1, printed page 9",50,323.15,0.33,76.6,19.4,4.1,0.70,8.19,0.1,Cole-Cole fitted static limit from 915-2450 MHz observations
Hajj2024,10.1016/j.molliq.2024.124819,"Table 1, printed page 9",60,333.15,0.33,72.4,16.4,5.0,0.74,9.70,0.0,Cole-Cole fitted static limit from 915-2450 MHz observations
Hajj2024,10.1016/j.molliq.2024.124819,"Table 1, printed page 9",70,343.15,0.33,68.6,14.3,5.8,0.78,11.10,0.1,Cole-Cole fitted static limit from 915-2450 MHz observations
Hajj2024,10.1016/j.molliq.2024.124819,"Table 1, printed page 9",80,353.15,0.33,63.4,13.0,6.4,0.82,12.24,0.1,Cole-Cole fitted static limit from 915-2450 MHz observations
Hajj2024,10.1016/j.molliq.2024.124819,"Table 1, printed page 9",20,293.15,0.44,89.6,38.7,3.0,0.67,4.11,0.1,Cole-Cole fitted static limit from 915-2450 MHz observations
Hajj2024,10.1016/j.molliq.2024.124819,"Table 1, printed page 9",30,303.15,0.44,90.6,35.5,3.5,0.64,4.49,0.0,Cole-Cole fitted static limit from 915-2450 MHz observations
Hajj2024,10.1016/j.molliq.2024.124819,"Table 1, printed page 9",40,313.15,0.44,88.3,28.9,4.4,0.64,5.50,0.0,Cole-Cole fitted static limit from 915-2450 MHz observations
Hajj2024,10.1016/j.molliq.2024.124819,"Table 1, printed page 9",50,323.15,0.44,84.1,23.5,5.3,0.66,6.78,0.0,Cole-Cole fitted static limit from 915-2450 MHz observations
Hajj2024,10.1016/j.molliq.2024.124819,"Table 1, printed page 9",60,333.15,0.44,79.3,19.1,6.2,0.69,8.31,0.0,Cole-Cole fitted static limit from 915-2450 MHz observations
Hajj2024,10.1016/j.molliq.2024.124819,"Table 1, printed page 9",70,343.15,0.44,74.7,16.2,7.2,0.74,9.83,0.0,Cole-Cole fitted static limit from 915-2450 MHz observations
Hajj2024,10.1016/j.molliq.2024.124819,"Table 1, printed page 9",80,353.15,0.44,68.8,15.3,8.2,0.86,10.43,0.2,Cole-Cole fitted static limit from 915-2450 MHz observations
Hajj2024,10.1016/j.molliq.2024.124819,"Table 1, printed page 9",20,293.15,0.55,92.7,44.1,3.6,0.66,3.61,0.0,Cole-Cole fitted static limit from 915-2450 MHz observations
Hajj2024,10.1016/j.molliq.2024.124819,"Table 1, printed page 9",30,303.15,0.55,92.7,38.5,4.3,0.65,4.13,0.0,Cole-Cole fitted static limit from 915-2450 MHz observations
Hajj2024,10.1016/j.molliq.2024.124819,"Table 1, printed page 9",40,313.15,0.55,82.7,31.9,4.8,0.65,4.99,0.0,Cole-Cole fitted static limit from 915-2450 MHz observations
Hajj2024,10.1016/j.molliq.2024.124819,"Table 1, printed page 9",50,323.15,0.55,84.2,26.6,6.1,0.66,5.98,0.0,Cole-Cole fitted static limit from 915-2450 MHz observations
Hajj2024,10.1016/j.molliq.2024.124819,"Table 1, printed page 9",60,333.15,0.55,87.2,25.1,6.9,0.58,6.35,0.1,Cole-Cole fitted static limit from 915-2450 MHz observations
Hajj2024,10.1016/j.molliq.2024.124819,"Table 1, printed page 9",70,343.15,0.55,75.2,17.1,7.8,0.75,9.29,0.0,Cole-Cole fitted static limit from 915-2450 MHz observations
Hajj2024,10.1016/j.molliq.2024.124819,"Table 1, printed page 9",80,353.15,0.55,72.4,16.1,8.5,0.79,9.91,0.0,Cole-Cole fitted static limit from 915-2450 MHz observations
