start,iteration,cost,seconds
old-rule,0,41.90207510024248,2.002716064453125e-05
old-rule,1,41.86708628234527,53.340177059173584
old-rule,2,45.398219502006036,23.224061012268066
old-rule,3,45.376435229172436,19.902141094207764
old-rule,4,45.24836109848766,19.74290919303894
old-rule,5,44.240183447219415,22.13446307182312
old-rule,6,40.588853366442095,48.65145802497864
old-rule,7,41.13796091081913,21.934502840042114
old-rule,8,40.719861628338705,21.07244610786438
old-rule,9,40.4567326021935,45.61763095855713
old-rule,10,40.3833030316131,43.25582504272461
old-rule,11,40.33495168583951,47.22442317008972
old-rule,12,40.30158956055344,51.47207498550415
old-rule,13,40.27869861117506,47.295527935028076
old-rule,14,40.263243435440614,56.23747801780701
old-rule,15,40.25296574083893,54.743464946746826
old-rule,16,40.24620887788438,53.07372498512268
old-rule,17,40.24180045479341,46.34347200393677
old-rule,18,40.238937548485325,47.455018043518066
old-rule,19,40.237083248551556,45.28696393966675
old-rule,20,40.23588397646104,45.243293046951294
old-rule,21,40.23510896437185,43.33301091194153
old-rule,22,40.234608344875255,45.287575006484985
old-rule,23,40.23428504986914,45.54874801635742
old-rule,24,40.23407629932663,42.139379024505615
old-rule,25,40.2339415213515,41.78738594055176
old-rule,26,40.23385450767454,44.94141602516174
old-rule,27,40.23379833281271,45.6344690322876
old-rule,28,40.23376206781791,52.282397985458374
old-rule,29,40.23373865640204,51.20292401313782
old-rule,30,40.23372354294686,40.89194107055664
old-rule,31,40.233713786346655,41.836296796798706
old-rule,32,40.23370748793765,48.70087385177612
old-rule,33,40.233703421982796,47.01216793060303
old-rule,34,40.233700797202005,41.29847288131714
old-rule,35,40.233699102770274,42.36265802383423
old-rule,36,40.233698008924314,42.39808893203735
old-rule,37,40.23369730279258,41.770612955093384
old-rule,38,40.233696846952,43.72557806968689
old-rule,39,40.23369655268009,43.480831146240234
old-rule,40,40.23369636270628,43.448403120040894
old-rule,41,40.233696240078,42.12983512878418
old-rule,42,40.233696160916985,41.66901087760925
old-rule,43,40.23369610980849,40.74698305130005
old-rule,44,40.23369607681825,44.868084192276
old-rule,45,40.23369605552348,46.96939301490784
old-rule,46,40.23369604177467,42.09307408332825
old-rule,47,40.2336960328946,41.14362192153931
old-rule,48,40.23369602716553,43.17383003234863
old-rule,49,40.23369602346755,42.410768032073975
old-rule,50,40.2336960210807,44.80804705619812
old-rule,51,40.23369601954159,44.65126085281372
old-rule,52,40.23369601854506,45.14183592796326
old-rule,53,40.233696017904485,61.337380170822144
old-rule,54,40.233696017489365,46.20301699638367
old-rule,55,40.233696017220524,40.594523906707764
old-rule,56,40.2015872903798,47.52984309196472
old-rule,57,40.20153740381444,44.3497838973999
old-rule,58,40.20153733067218,39.80052709579468
old-rule,59,40.20153733056067,40.951478004455566
C_src,0,613.8746802703898,1.6927719116210938e-05
C_src,1,643.8944657521611,27.615142107009888
C_src,2,564.5771396450705,42.901355028152466
C_src,3,69.63354235023026,44.44752216339111
C_src,4,41.77425024493381,46.00068807601929
C_src,5,43.45102465531856,22.187412977218628
C_src,6,43.44013029956693,24.829479932785034
C_src,7,43.375770342343046,23.78979516029358
C_src,8,42.849246104477444,21.77380895614624
C_src,9,40.48660467020289,52.83881211280823
C_src,10,41.093760224585495,19.96329116821289
C_src,11,40.67521477147128,19.02018904685974
C_src,12,40.40271433649223,40.9168119430542
C_src,13,40.35294925054876,40.55596399307251
C_src,14,40.31627934561484,40.174320936203
C_src,15,40.29007294939683,40.108113050460815
C_src,16,40.27197531987543,41.00099301338196
C_src,17,40.2597730183581,40.47378706932068
C_src,18,40.25167670591583,40.66193699836731
C_src,19,40.24635985522946,40.87068700790405
C_src,20,40.24289009200691,43.265450954437256
C_src,21,40.24063393738463,41.22158598899841
C_src,22,40.23916989943045,41.25286889076233
C_src,23,40.2382209498536,49.62807106971741
C_src,24,40.23760625782695,47.20501494407654
C_src,25,40.23720822958548,46.52105784416199
C_src,26,40.23695055152638,44.729832887649536
C_src,27,40.23678375567327,41.545965909957886
C_src,28,40.23667579666872,40.46694779396057
C_src,29,40.23660592339208,41.22574806213379
C_src,30,40.236560701379965,41.41866898536682
C_src,31,40.236531434239126,42.55385708808899
C_src,32,40.23651249315746,44.08094120025635
C_src,33,40.23650023497556,44.11700105667114
C_src,34,40.236492301834545,42.282697916030884
C_src,35,40.23648716775746,38.43906784057617
C_src,36,40.236483845141805,40.46199297904968
C_src,37,40.23648169486371,38.764894008636475
C_src,38,40.23648030327231,39.216997146606445
C_src,39,40.23647940268987,38.92461013793945
C_src,40,40.236478819860515,40.05846810340881
C_src,41,40.23647844266915,40.437504053115845
C_src,42,40.236478198573174,41.28173899650574
C_src,43,40.236478040593724,39.066946029663086
C_src,44,40.236477938356764,38.722399950027466
C_src,45,40.23647787219318,38.768606185913086
C_src,46,40.23647782937513,39.60263705253601
C_src,47,40.236477801668514,45.69219899177551
C_src,48,40.23647778373618,47.81596398353577
C_src,49,40.23647777213035,46.50818610191345
C_src,50,40.2364777646183,41.955678939819336
C_src,51,40.23647775975891,39.91752886772156
C_src,52,40.23647775660939,38.600695848464966
C_src,53,40.23647775457462,40.25227689743042
C_src,54,40.23647775325932,40.68811583518982
C_src,55,40.236477752403516,40.71841883659363
C_src,56,40.20159286726316,43.03001093864441
C_src,57,40.20153741093645,40.80596303939819
C_src,58,40.20153733067794,40.23530983924866
C_src,59,40.201537330562545,39.506819009780884
pre-refit,0,677.8740650993144,1.9073486328125e-05
pre-refit,1,50.02367705956887,47.514941930770874
pre-refit,2,41.20080288452097,79.98061203956604
pre-refit,3,40.202108665318704,47.90107297897339
pre-refit,4,40.20153800057324,60.982956886291504
pre-refit,5,40.20153733151899,45.806686878204346
pre-refit,6,40.20153733056218,41.57411217689514
