observation_id,temperature_c,mea_mass_fraction,measured_loading_mol_co2_per_mol_mea,old_conserved_loading_mol_co2_per_mol_mea,new_conserved_loading_mol_co2_per_mol_mea,ionic_co2_carbon_mol,total_mea_mol,new_neutral_co2_feed_mol
vle_obs_0001,40,0.15,0.111,0.11109999999999998,0.11099999999999977,0.0001,1.0,0.11090000000000001
vle_obs_0002,40,0.15,0.148,0.1480999999999999,0.14800000000000013,0.0001,1.0,0.14789999999999998
vle_obs_0003,40,0.15,0.186,0.18610000000000015,0.18599999999999994,0.0001,1.0,0.18590000000000018
vle_obs_0004,40,0.15,0.22,0.22009999999999996,0.2200000000000002,0.0001,1.0,0.21990000000000026
vle_obs_0005,40,0.15,0.236,0.23609999999999998,0.2360000000000002,0.0001,1.0,0.23590000000000025
vle_obs_0006,40,0.15,0.295,0.29510000000000014,0.2950000000000004,0.0001,1.0,0.2949000000000002
vle_obs_0007,40,0.15,0.298,0.2980999999999998,0.29800000000000004,0.0001,1.0,0.2979000000000002
vle_obs_0008,40,0.15,0.342,0.34209999999999985,0.3420000000000001,0.0001,1.0,0.34190000000000015
vle_obs_0009,40,0.15,0.398,0.3980999999999999,0.39800000000000013,0.0001,1.0,0.39790000000000014
vle_obs_0010,40,0.15,0.442,0.44209999999999994,0.44200000000000017,0.0001,1.0,0.44190000000000007
vle_obs_0011,40,0.15,0.45,0.45009999999999994,0.4500000000000002,0.0001,1.0,0.4499000000000001
vle_obs_0012,40,0.15,0.516,0.5160999999999998,0.516,0.0001,1.0,0.5159000000000002
vle_obs_0013,40,0.15,0.529,0.5291000000000001,0.5290000000000004,0.0001,1.0,0.5289000000000003
vle_obs_0014,40,0.15,0.565,0.5650999999999997,0.565,0.0001,1.0,0.5649000000000001
vle_obs_0015,60,0.15,0.048,0.04809999999999981,0.04800000000000004,0.0001,1.0,0.04789999999999999
vle_obs_0016,60,0.15,0.06,0.06009999999999982,0.06000000000000005,0.0001,1.0,0.05989999999999999
vle_obs_0017,60,0.15,0.075,0.07509999999999994,0.07499999999999973,0.0001,1.0,0.0749
vle_obs_0018,60,0.15,0.069,0.06910000000000016,0.06899999999999995,0.0001,1.0,0.06889999999999999
vle_obs_0019,60,0.15,0.098,0.09810000000000008,0.09799999999999986,0.0001,1.0,0.09790000000000013
vle_obs_0020,60,0.15,0.135,0.1351,0.13500000000000023,0.0001,1.0,0.13490000000000024
vle_obs_0021,60,0.15,0.144,0.1440999999999999,0.14400000000000013,0.0001,1.0,0.1439000000000002
vle_obs_0022,60,0.15,0.175,0.17510000000000003,0.17500000000000027,0.0001,1.0,0.17490000000000017
vle_obs_0023,60,0.15,0.23,0.23009999999999975,0.22999999999999998,0.0001,1.0,0.22990000000000005
vle_obs_0024,60,0.15,0.253,0.2530999999999999,0.2530000000000001,0.0001,1.0,0.25290000000000007
vle_obs_0025,60,0.15,0.415,0.4150999999999998,0.4149999999999996,0.0001,1.0,0.4148999999999998
vle_obs_0026,60,0.15,0.48,0.48009999999999975,0.48,0.0001,1.0,0.4799000000000001
vle_obs_0027,60,0.15,0.492,0.49209999999999976,0.492,0.0001,1.0,0.4919000000000001
vle_obs_0028,80,0.15,0.103,0.10309999999999997,0.1030000000000002,0.0001,1.0,0.1029000000000001
vle_obs_0029,80,0.15,0.147,0.1471,0.14700000000000024,0.0001,1.0,0.14690000000000009
vle_obs_0030,80,0.15,0.211,0.21110000000000007,0.2110000000000003,0.0001,1.0,0.21090000000000017
vle_obs_0031,80,0.15,0.242,0.24209999999999976,0.242,0.0001,1.0,0.24190000000000017
vle_obs_0032,80,0.15,0.373,0.3731,0.3730000000000002,0.0001,1.0,0.3729000000000001
vle_obs_0033,80,0.15,0.409,0.4091,0.4089999999999998,0.0001,1.0,0.40890000000000004
vle_obs_0034,40,0.3,0.102,0.10210000000000008,0.10199999999999987,0.0001,1.0,0.1019
vle_obs_0035,40,0.3,0.206,0.20609999999999973,0.20599999999999996,0.0001,1.0,0.20590000000000017
vle_obs_0036,40,0.3,0.25,0.25009999999999977,0.25,0.0001,1.0,0.2499
vle_obs_0037,40,0.3,0.337,0.33709999999999996,0.3370000000000002,0.0001,1.0,0.33690000000000014
vle_obs_0038,40,0.3,0.353,0.35309999999999997,0.35299999999999976,0.0001,1.0,0.3528999999999999
vle_obs_0039,40,0.3,0.401,0.4011,0.40100000000000025,0.0001,1.0,0.40090000000000015
vle_obs_0040,40,0.3,0.417,0.4171,0.41700000000000026,0.0001,1.0,0.4169000000000001
vle_obs_0041,40,0.3,0.421,0.42110000000000003,0.42100000000000026,0.0001,1.0,0.4209000000000001
vle_obs_0042,40,0.3,0.433,0.43310000000000004,0.43299999999999983,0.0001,1.0,0.43290000000000006
vle_obs_0043,40,0.3,0.447,0.44709999999999983,0.44700000000000006,0.0001,1.0,0.4469000000000001
vle_obs_0044,40,0.3,0.464,0.4641000000000002,0.46399999999999997,0.0001,1.0,0.4639000000000001
vle_obs_0045,40,0.3,0.476,0.47609999999999975,0.476,0.0001,1.0,0.47589999999999993
vle_obs_0046,40,0.3,0.477,0.4771000000000001,0.47699999999999987,0.0001,1.0,0.47689999999999994
vle_obs_0047,40,0.3,0.485,0.4851000000000001,0.4849999999999999,0.0001,1.0,0.4849000000000001
vle_obs_0048,40,0.3,0.489,0.4891000000000001,0.4889999999999999,0.0001,1.0,0.4888999999999999
vle_obs_0049,40,0.3,0.516,0.5160999999999998,0.516,0.0001,1.0,0.5159000000000002
vle_obs_0050,40,0.3,0.524,0.5240999999999998,0.524,0.0001,1.0,0.5239000000000003
vle_obs_0051,60,0.3,0.053,0.05310000000000015,0.052999999999999936,0.0001,1.0,0.05289999999999999
vle_obs_0052,60,0.3,0.105,0.10509999999999975,0.10499999999999998,0.0001,1.0,0.10490000000000012
vle_obs_0053,60,0.3,0.162,0.16210000000000013,0.16199999999999992,0.0001,1.0,0.16190000000000018
vle_obs_0054,60,0.3,0.244,0.24409999999999998,0.24399999999999977,0.0001,1.0,0.24390000000000003
vle_obs_0055,60,0.3,0.303,0.30310000000000015,0.30299999999999994,0.0001,1.0,0.30290000000000006
vle_obs_0056,60,0.3,0.36,0.3601000000000001,0.3599999999999999,0.0001,1.0,0.3598999999999999
vle_obs_0057,60,0.3,0.393,0.3931,0.39300000000000024,0.0001,1.0,0.39290000000000025
vle_obs_0058,60,0.3,0.428,0.42810000000000015,0.42799999999999994,0.0001,1.0,0.42789999999999984
vle_obs_0059,60,0.3,0.491,0.49109999999999987,0.4910000000000001,0.0001,1.0,0.4909000000000001
vle_obs_0060,80,0.3,0.017,0.017100000000000115,0.016999999999999904,0.0001,1.0,0.01690000000000014
vle_obs_0061,80,0.3,0.04,0.0400999999999998,0.040000000000000036,0.0001,1.0,0.039899999999999936
vle_obs_0062,80,0.3,0.075,0.07509999999999994,0.07499999999999973,0.0001,1.0,0.07489999999999994
vle_obs_0063,80,0.3,0.122,0.1221000000000001,0.12199999999999989,0.0001,1.0,0.1219000000000001
vle_obs_0064,80,0.3,0.155,0.15510000000000002,0.15500000000000025,0.0001,1.0,0.15490000000000018
vle_obs_0065,80,0.3,0.216,0.21609999999999996,0.2160000000000002,0.0001,1.0,0.21590000000000018
vle_obs_0066,80,0.3,0.271,0.2711000000000001,0.2709999999999999,0.0001,1.0,0.27090000000000014
vle_obs_0067,80,0.3,0.347,0.34709999999999974,0.347,0.0001,1.0,0.3469000000000001
vle_obs_0068,80,0.3,0.4,0.4001000000000001,0.3999999999999999,0.0001,1.0,0.39990000000000014
vle_obs_0069,80,0.3,0.398,0.3980999999999999,0.39800000000000013,0.0001,1.0,0.39790000000000014
vle_obs_0070,40,0.45,0.141,0.14109999999999978,0.14100000000000001,0.0001,1.0,0.14089999999999997
vle_obs_0071,40,0.45,0.148,0.1480999999999999,0.14800000000000013,0.0001,1.0,0.14789999999999998
vle_obs_0072,40,0.45,0.195,0.19510000000000005,0.19499999999999984,0.0001,1.0,0.19490000000000007
vle_obs_0073,40,0.45,0.217,0.21709999999999985,0.21700000000000008,0.0001,1.0,0.21690000000000018
vle_obs_0074,40,0.45,0.234,0.23409999999999975,0.23400000000000043,0.0001,1.0,0.23390000000000027
vle_obs_0075,40,0.45,0.276,0.2761,0.27600000000000025,0.0001,1.0,0.27590000000000026
vle_obs_0076,40,0.45,0.271,0.2711000000000001,0.27100000000000035,0.0001,1.0,0.27090000000000025
vle_obs_0077,40,0.45,0.3,0.30010000000000003,0.2999999999999998,0.0001,1.0,0.29989999999999994
vle_obs_0078,40,0.45,0.354,0.35409999999999986,0.35399999999999965,0.0001,1.0,0.3538999999999999
vle_obs_0079,40,0.45,0.39,0.3900999999999999,0.3900000000000001,0.0001,1.0,0.38990000000000025
vle_obs_0080,40,0.45,0.404,0.4041000000000001,0.4039999999999999,0.0001,1.0,0.40390000000000015
vle_obs_0081,40,0.45,0.428,0.42810000000000015,0.42799999999999994,0.0001,1.0,0.4279000000000001
vle_obs_0082,40,0.45,0.464,0.4641000000000002,0.46399999999999997,0.0001,1.0,0.4639000000000001
vle_obs_0083,40,0.45,0.475,0.47509999999999986,0.4750000000000001,0.0001,1.0,0.47489999999999993
vle_obs_0084,40,0.45,0.497,0.4971000000000001,0.4969999999999999,0.0001,1.0,0.4969000000000001
vle_obs_0085,60,0.45,0.045,0.04510000000000014,0.04499999999999993,0.0001,1.0,0.04489999999999999
vle_obs_0086,60,0.45,0.087,0.08709999999999996,0.08700000000000019,0.0001,1.0,0.08690000000000012
vle_obs_0087,60,0.45,0.12,0.12009999999999987,0.1200000000000001,0.0001,1.0,0.11990000000000021
vle_obs_0088,60,0.45,0.169,0.1690999999999998,0.16900000000000004,0.0001,1.0,0.1689000000000002
vle_obs_0089,60,0.45,0.232,0.23209999999999997,0.2320000000000002,0.0001,1.0,0.23190000000000005
vle_obs_0090,60,0.45,0.269,0.2690999999999999,0.26900000000000013,0.0001,1.0,0.2689000000000001
vle_obs_0091,60,0.45,0.352,0.3521000000000001,0.35199999999999987,0.0001,1.0,0.3518999999999999
vle_obs_0092,60,0.45,0.392,0.3921000000000001,0.39200000000000035,0.0001,1.0,0.39190000000000025
vle_obs_0093,60,0.45,0.454,0.45409999999999995,0.45399999999999974,0.0001,1.0,0.45389999999999986
vle_obs_0094,60,0.45,0.46,0.4601000000000002,0.45999999999999996,0.0001,1.0,0.45989999999999986
vle_obs_0095,60,0.45,0.471,0.47109999999999985,0.4710000000000001,0.0001,1.0,0.4709000000000001
vle_obs_0096,80,0.45,0.017,0.017100000000000115,0.016999999999999904,0.0001,1.0,0.01690000000000014
vle_obs_0097,80,0.45,0.027,0.027099999999999902,0.02699999999999969,0.0001,1.0,0.026899999999999934
vle_obs_0098,80,0.45,0.038,0.03810000000000002,0.03799999999999981,0.0001,1.0,0.037899999999999934
vle_obs_0099,80,0.45,0.045,0.04510000000000014,0.04499999999999993,0.0001,1.0,0.04489999999999993
vle_obs_0100,80,0.45,0.061,0.061100000000000154,0.06099999999999994,0.0001,1.0,0.06089999999999994
vle_obs_0101,80,0.45,0.086,0.08610000000000007,0.08599999999999985,0.0001,1.0,0.08589999999999993
vle_obs_0102,80,0.45,0.109,0.10909999999999975,0.10899999999999999,0.0001,1.0,0.10890000000000011
vle_obs_0103,80,0.45,0.135,0.1351,0.13500000000000023,0.0001,1.0,0.13490000000000013
vle_obs_0104,80,0.45,0.236,0.23609999999999998,0.2360000000000002,0.0001,1.0,0.23590000000000017
vle_obs_0105,80,0.45,0.389,0.3891,0.38900000000000023,0.0001,1.0,0.38890000000000013
vle_obs_0106,80,0.45,0.435,0.4350999999999998,0.43500000000000005,0.0001,1.0,0.43490000000000006
vle_obs_0119,40,0.3,0.153,0.1530999999999998,0.15300000000000002,0.0001,1.0,0.15289999999999998
vle_obs_0120,40,0.3,0.163,0.16310000000000002,0.16300000000000026,0.0001,1.0,0.1629000000000002
vle_obs_0121,40,0.3,0.17,0.17010000000000014,0.16999999999999993,0.0001,1.0,0.1699000000000001
vle_obs_0122,40,0.3,0.191,0.19110000000000005,0.19100000000000028,0.0001,1.0,0.19090000000000018
vle_obs_0123,40,0.3,0.194,0.19410000000000016,0.19399999999999995,0.0001,1.0,0.19390000000000007
vle_obs_0124,40,0.3,0.232,0.23209999999999997,0.2320000000000002,0.0001,1.0,0.23190000000000027
vle_obs_0125,40,0.3,0.246,0.24609999999999976,0.246,0.0001,1.0,0.2459
vle_obs_0126,40,0.3,0.269,0.2690999999999999,0.2689999999999997,0.0001,1.0,0.2688999999999999
vle_obs_0127,40,0.3,0.272,0.2721,0.27200000000000024,0.0001,1.0,0.27190000000000025
vle_obs_0128,40,0.3,0.326,0.32609999999999983,0.32600000000000007,0.0001,1.0,0.32589999999999997
vle_obs_0129,40,0.3,0.348,0.3481000000000001,0.34799999999999986,0.0001,1.0,0.3479000000000001
vle_obs_0130,40,0.3,0.35,0.35009999999999986,0.34999999999999964,0.0001,1.0,0.3498999999999999
vle_obs_0131,40,0.3,0.36,0.3601000000000001,0.3599999999999999,0.0001,1.0,0.3599000000000001
vle_obs_0132,40,0.3,0.382,0.3820999999999999,0.3819999999999997,0.0001,1.0,0.3818999999999999
vle_obs_0133,40,0.3,0.386,0.3860999999999999,0.3859999999999997,0.0001,1.0,0.3858999999999999
vle_obs_0134,40,0.3,0.389,0.3891,0.38900000000000023,0.0001,1.0,0.38890000000000025
vle_obs_0135,40,0.3,0.4,0.4001000000000001,0.3999999999999999,0.0001,1.0,0.39990000000000014
vle_obs_0136,40,0.3,0.464,0.4641000000000002,0.46399999999999997,0.0001,1.0,0.4639000000000001
vle_obs_0137,40,0.3,0.466,0.46609999999999996,0.46599999999999975,0.0001,1.0,0.46589999999999987
vle_obs_0138,40,0.3,0.481,0.4811000000000001,0.48099999999999987,0.0001,1.0,0.4809000000000001
vle_obs_0139,40,0.3,0.491,0.49109999999999987,0.49099999999999966,0.0001,1.0,0.4908999999999999
vle_obs_0140,40,0.3,0.501,0.5011000000000001,0.5009999999999999,0.0001,1.0,0.5009000000000001
vle_obs_0141,40,0.3,0.518,0.5181,0.5180000000000002,0.0001,1.0,0.5179000000000002
vle_obs_0142,40,0.3,0.591,0.5911,0.5910000000000002,0.0001,1.0,0.5909000000000002
vle_obs_0143,60,0.3,0.114,0.11410000000000009,0.11399999999999988,0.0001,1.0,0.11390000000000013
vle_obs_0144,60,0.3,0.191,0.19110000000000005,0.19100000000000028,0.0001,1.0,0.19090000000000018
vle_obs_0145,60,0.3,0.291,0.29110000000000014,0.2909999999999999,0.0001,1.0,0.29090000000000005
vle_obs_0146,60,0.3,0.386,0.3860999999999999,0.3859999999999997,0.0001,1.0,0.3858999999999999
vle_obs_0147,60,0.3,0.485,0.4851000000000001,0.4849999999999999,0.0001,1.0,0.4849000000000001
vle_obs_0148,60,0.3,0.544,0.5440999999999998,0.544,0.0001,1.0,0.5439
vle_obs_0162,40,0.3,0.242,0.24209999999999976,0.242,0.0001,1.0,0.2419
vle_obs_0163,40,0.3,0.321,0.32109999999999994,0.32099999999999973,0.0001,1.0,0.32089999999999996
vle_obs_0164,40,0.3,0.33,0.33009999999999984,0.33000000000000007,0.0001,1.0,0.32989999999999997
vle_obs_0165,40,0.3,0.345,0.34509999999999996,0.3450000000000002,0.0001,1.0,0.3449000000000001
vle_obs_0166,40,0.3,0.352,0.3521000000000001,0.35199999999999987,0.0001,1.0,0.3518999999999999
vle_obs_0167,40,0.3,0.355,0.35509999999999975,0.355,0.0001,1.0,0.3549000000000001
vle_obs_0168,40,0.3,0.375,0.37509999999999977,0.375,0.0001,1.0,0.3748999999999999
vle_obs_0169,40,0.3,0.377,0.3771,0.3769999999999998,0.0001,1.0,0.3768999999999999
vle_obs_0170,40,0.3,0.436,0.43610000000000015,0.43599999999999994,0.0001,1.0,0.43590000000000007
vle_obs_0171,40,0.3,0.46,0.4601000000000002,0.45999999999999996,0.0001,1.0,0.4599000000000001
vle_obs_0186,40,0.3,0.0888,0.08889999999999976,0.08879999999999999,0.0001,1.0,0.08870000000000001
vle_obs_0187,40,0.3,0.203,0.20310000000000006,0.2030000000000003,0.0001,1.0,0.2029000000000002
vle_obs_0188,40,0.3,0.365,0.3651,0.3650000000000002,0.0001,1.0,0.3649000000000002
vle_obs_0189,40,0.3,0.4735,0.4735999999999998,0.47350000000000003,0.0001,1.0,0.47339999999999993
vle_obs_0190,40,0.3,0.513,0.5131000000000001,0.5129999999999999,0.0001,1.0,0.5129000000000001
vle_obs_0191,40,0.3,0.557,0.5571000000000002,0.5569999999999999,0.0001,1.0,0.5569000000000002
vle_obs_0192,40,0.3,0.609,0.6090999999999998,0.609,0.0001,1.0,0.6089
vle_obs_0193,40,0.3,0.642,0.6421000000000001,0.6419999999999999,0.0001,1.0,0.6419000000000001
vle_obs_0194,60,0.3,0.0564,0.05649999999999977,0.056400000000000006,0.0001,1.0,0.05629999999999999
vle_obs_0195,60,0.3,0.119,0.11909999999999998,0.11900000000000022,0.0001,1.0,0.11890000000000021
vle_obs_0196,60,0.3,0.206,0.20609999999999973,0.20599999999999996,0.0001,1.0,0.20590000000000003
vle_obs_0197,60,0.3,0.389,0.3891,0.38900000000000023,0.0001,1.0,0.38890000000000025
vle_obs_0198,60,0.3,0.438,0.43809999999999993,0.4379999999999997,0.0001,1.0,0.43789999999999984
vle_obs_0199,60,0.3,0.504,0.5040999999999998,0.504,0.0001,1.0,0.5039
vle_obs_0200,60,0.3,0.561,0.5611000000000002,0.5609999999999999,0.0001,1.0,0.5609000000000002
vle_obs_0201,60,0.3,0.579,0.5791,0.5790000000000002,0.0001,1.0,0.5789000000000002
vle_obs_0202,60,0.3,0.668,0.6680999999999999,0.6679999999999997,0.0001,1.0,0.6678999999999999
vle_obs_0203,80,0.3,0.0174,0.01750000000000007,0.017400000000000304,0.0001,1.0,0.017300000000000138
vle_obs_0204,80,0.3,0.0236,0.023699999999999832,0.023600000000000065,0.0001,1.0,0.023499999999999934
vle_obs_0205,80,0.3,0.0781,0.07819999999999983,0.07810000000000006,0.0001,1.0,0.07799999999999994
vle_obs_0206,80,0.3,0.118,0.1181000000000001,0.11799999999999988,0.0001,1.0,0.1179000000000001
vle_obs_0207,80,0.3,0.187,0.18710000000000004,0.18700000000000028,0.0001,1.0,0.18690000000000018
vle_obs_0208,80,0.3,0.348,0.3481000000000001,0.34799999999999986,0.0001,1.0,0.3479000000000001
vle_obs_0209,80,0.3,0.46,0.4601000000000002,0.45999999999999996,0.0001,1.0,0.4599000000000001
vle_obs_0210,80,0.3,0.517,0.5171000000000001,0.5169999999999999,0.0001,1.0,0.5169000000000001
vle_obs_0211,80,0.3,0.5785,0.5785999999999998,0.5785,0.0001,1.0,0.5784
vle_obs_0212,80,0.3,0.64,0.6400999999999999,0.6399999999999997,0.0001,1.0,0.6398999999999999
vle_obs_0213,80,0.3,0.689,0.6890999999999998,0.6889999999999996,0.0001,1.0,0.6888999999999998
vle_obs_0214,100,0.3,0.0117,0.011800000000000033,0.011700000000000266,0.0001,1.0,0.01160000000000018
vle_obs_0215,100,0.3,0.0566,0.05669999999999975,0.056599999999999984,0.0001,1.0,0.05650000000000001
vle_obs_0216,100,0.3,0.188,0.18809999999999993,0.18799999999999972,0.0001,1.0,0.18789999999999984
vle_obs_0217,100,0.3,0.381,0.3811,0.3810000000000002,0.0001,1.0,0.38090000000000024
vle_obs_0218,100,0.3,0.422,0.4220999999999999,0.4219999999999997,0.0001,1.0,0.42189999999999983
vle_obs_0219,100,0.3,0.477,0.4771000000000001,0.47699999999999987,0.0001,1.0,0.4769000000000001
vle_obs_0220,100,0.3,0.481,0.4811000000000001,0.48099999999999987,0.0001,1.0,0.4809000000000001
vle_obs_0221,100,0.3,0.571,0.5710999999999999,0.5710000000000002,0.0001,1.0,0.5709000000000002
vle_obs_0222,100,0.3,0.589,0.5890999999999997,0.589,0.0001,1.0,0.5889
vle_obs_0223,100,0.3,0.6135,0.6135999999999999,0.6134999999999997,0.0001,1.0,0.6134
vle_obs_0224,120,0.3,0.00333,0.003429999999999822,0.003330000000000055,0.0001,1.0,0.003229999999999945
vle_obs_0225,120,0.3,0.0112,0.011299999999999866,0.011199999999999655,0.0001,1.0,0.011099999999999902
vle_obs_0226,120,0.3,0.0247,0.024799999999999933,0.024699999999999722,0.0001,1.0,0.024599999999999834
vle_obs_0227,120,0.3,0.119,0.11909999999999998,0.11900000000000022,0.0001,1.0,0.11890000000000021
vle_obs_0228,120,0.3,0.349,0.34909999999999997,0.3490000000000002,0.0001,1.0,0.3489000000000002
vle_obs_0229,120,0.3,0.4115,0.41159999999999997,0.4115000000000002,0.0001,1.0,0.4114000000000002
vle_obs_0230,120,0.3,0.444,0.44410000000000016,0.44399999999999995,0.0001,1.0,0.4439000000000001
vle_obs_0231,120,0.3,0.473,0.4731000000000001,0.47299999999999986,0.0001,1.0,0.4729000000000001
vle_obs_0232,120,0.3,0.536,0.5360999999999998,0.536,0.0001,1.0,0.5359
vle_obs_0233,120,0.3,0.639,0.6391,0.6390000000000002,0.0001,1.0,0.6389000000000002
vle_obs_0246,120,0.3,0.155,0.15510000000000002,0.15500000000000025,0.0001,1.0,0.1549000000000002
vle_obs_0247,120,0.3,0.1766,0.17669999999999986,0.1766000000000001,0.0001,1.0,0.1765000000000002
vle_obs_0248,120,0.3,0.1843,0.18440000000000012,0.18430000000000035,0.0001,1.0,0.1842000000000002
vle_obs_0249,120,0.3,0.2085,0.20860000000000012,0.20850000000000035,0.0001,1.0,0.2084000000000002
vle_obs_0250,120,0.3,0.2326,0.2326999999999999,0.23260000000000014,0.0001,1.0,0.2325000000000002
vle_obs_0251,120,0.3,0.2381,0.23819999999999997,0.2381000000000002,0.0001,1.0,0.23800000000000024
vle_obs_0252,120,0.3,0.256,0.2561,0.2560000000000002,0.0001,1.0,0.25590000000000024
vle_obs_0253,120,0.3,0.2901,0.2902,0.29010000000000025,0.0001,1.0,0.29000000000000026
vle_obs_0254,120,0.3,0.2967,0.2968000000000002,0.2967000000000004,0.0001,1.0,0.29660000000000025
vle_obs_0255,120,0.3,0.3004,0.3005,0.3004000000000002,0.0001,1.0,0.30030000000000023
vle_obs_0256,120,0.3,0.3125,0.31259999999999977,0.3125,0.0001,1.0,0.31240000000000023
vle_obs_0257,120,0.3,0.3191,0.31919999999999993,0.31910000000000016,0.0001,1.0,0.31900000000000023
vle_obs_0258,120,0.3,0.3298,0.32989999999999986,0.3298000000000001,0.0001,1.0,0.3297000000000002
vle_obs_0259,120,0.3,0.3424,0.3424999999999998,0.34240000000000004,0.0001,1.0,0.3423000000000002
vle_obs_0260,120,0.3,0.3424,0.3424999999999998,0.34240000000000004,0.0001,1.0,0.3423000000000002
vle_obs_0261,120,0.3,0.35,0.35009999999999986,0.3500000000000001,0.0001,1.0,0.3499000000000002
vle_obs_0262,120,0.3,0.3594,0.35950000000000015,0.3594000000000004,0.0001,1.0,0.35930000000000023
vle_obs_0263,120,0.3,0.3882,0.3883000000000001,0.3882000000000003,0.0001,1.0,0.3881000000000002
vle_obs_0264,120,0.3,0.4182,0.4182999999999999,0.4182000000000001,0.0001,1.0,0.41810000000000025
vle_obs_0265,100,0.3,0.388,0.3881000000000001,0.38800000000000034,0.0001,1.0,0.38790000000000024
vle_obs_0266,100,0.3,0.424,0.42410000000000014,0.42399999999999993,0.0001,1.0,0.42389999999999983
vle_obs_0267,100,0.3,0.425,0.42510000000000003,0.4249999999999998,0.0001,1.0,0.42489999999999983
vle_obs_0268,100,0.3,0.501,0.5011000000000001,0.5009999999999999,0.0001,1.0,0.5009000000000001
vle_obs_0269,100,0.3,0.52,0.5200999999999998,0.52,0.0001,1.0,0.5199000000000001
vle_obs_0270,100,0.3,0.315,0.31510000000000016,0.3150000000000004,0.0001,1.0,0.31490000000000024
vle_obs_0271,100,0.3,0.475,0.47509999999999986,0.4750000000000001,0.0001,1.0,0.4749000000000001
vle_obs_0272,100,0.3,0.315,0.31510000000000016,0.3150000000000004,0.0001,1.0,0.31490000000000024
vle_obs_0279,120,0.3,0.37,0.3700999999999999,0.3700000000000001,0.0001,1.0,0.36990000000000023
vle_obs_0280,120,0.3,0.385,0.3851,0.38500000000000023,0.0001,1.0,0.38490000000000024
vle_obs_0281,120,0.3,0.387,0.3870999999999998,0.387,0.0001,1.0,0.38690000000000024
vle_obs_0282,120,0.3,0.422,0.4220999999999999,0.42200000000000015,0.0001,1.0,0.4219000000000002
vle_obs_0283,120,0.3,0.423,0.4230999999999998,0.42300000000000004,0.0001,1.0,0.4229000000000002
vle_obs_0284,120,0.3,0.492,0.49209999999999976,0.492,0.0001,1.0,0.4919000000000001
vle_obs_0285,120,0.3,0.508,0.5080999999999998,0.508,0.0001,1.0,0.5079
vle_obs_0286,120,0.3,0.314,0.3140999999999998,0.31400000000000006,0.0001,1.0,0.31390000000000023
vle_obs_0287,120,0.3,0.467,0.46709999999999985,0.4670000000000001,0.0001,1.0,0.46690000000000015
vle_obs_0288,120,0.3,0.314,0.3140999999999998,0.31400000000000006,0.0001,1.0,0.31390000000000023
