record,quantity,n,old_aard_percent,new_aard_percent
11,pressure_gate,104.0,20.574954591061097,20.581177173525735
11,canonical_80C_pressure,21.0,20.282207842428917,20.27025699294711
11,jou_80C_canonical,11.0,9.421004915342138,9.239805989854668
11,all_161_canonical,161.0,22.713540151461327,22.654097080462225
11,transfer_0.15,33,76.21181069858534,75.94638542005015
11,transfer_0.45,37,46.2354204437103,46.14981720891385
00,pressure_gate,104.0,20.77638913081134,20.778396628159804
00,canonical_80C_pressure,21.0,20.83094282437791,20.91449195522668
00,jou_80C_canonical,11.0,11.208117297560873,11.20881443964433
00,all_161_canonical,161.0,22.853097000908058,22.7960810396236
00,transfer_0.15,33,71.76916909736609,71.49561737466182
00,transfer_0.45,37,47.12476565729732,46.99102065966591
