phase,variant,rule,born_formulation,family,observation_id,source,temperature_C,loading,target,observed,predicted,log10_predicted_over_observed
sparse,A-AUTO,A,AUTO,speciation,Bottinger2008_state_030,Bottinger2008,20.0,0.0749,MEA + MEAH+,0.1054,0.10510723880852331,-0.0012079836557282722
sparse,A-AUTO,A,AUTO,speciation,Bottinger2008_state_030,Bottinger2008,20.0,0.0749,MEACOO-,0.0086,0.007111629997126139,-0.08252929810516149
sparse,A-AUTO,A,AUTO,speciation,Bottinger2008_state_033,Bottinger2008,20.0,0.3089,MEA + MEAH+,0.078,0.08739236255250542,0.049378877469839676
sparse,A-AUTO,A,AUTO,speciation,Bottinger2008_state_033,Bottinger2008,20.0,0.3089,MEACOO-,0.0349,0.024826499351140164,-0.14790994057671966
sparse,A-AUTO,A,AUTO,speciation,Bottinger2008_state_042,Bottinger2008,40.0,0.1249,MEA + MEAH+,0.1009,0.099842748107046,-0.004574640059412926
sparse,A-AUTO,A,AUTO,speciation,Bottinger2008_state_042,Bottinger2008,40.0,0.1249,MEACOO-,0.0144,0.012376119484596198,-0.06577799851041005
sparse,A-AUTO,A,AUTO,speciation,Bottinger2008_state_046,Bottinger2008,40.0,0.34290000000000004,MEA + MEAH+,0.0758,0.08236110627321958,0.03605296579048264
sparse,A-AUTO,A,AUTO,speciation,Bottinger2008_state_046,Bottinger2008,40.0,0.34290000000000004,MEACOO-,0.0396,0.029857699775946857,-0.12263883910357593
sparse,A-AUTO,A,AUTO,speciation,Bottinger2008_state_050,Bottinger2008,40.0,0.4869,HCO3-,0.0052,0.010034752709769421,0.28550333083635165
sparse,A-AUTO,A,AUTO,speciation,Bottinger2008_state_050,Bottinger2008,40.0,0.4869,MEA + MEAH+,0.0646,0.0783817671601713,0.08398253266600292
sparse,A-AUTO,A,AUTO,speciation,Bottinger2008_state_050,Bottinger2008,40.0,0.4869,MEACOO-,0.0511,0.03383577445333639,-0.17904477881097572
sparse,A-AUTO,A,AUTO,speciation,Matin2012_state_019,Matin2012,20.0,0.5309,HCO3-,0.0114,0.013169515186442523,0.06266493609848717
sparse,A-AUTO,A,AUTO,speciation,Matin2012_state_019,Matin2012,20.0,0.5309,MEA,0.0046,0.006235730193829905,0.13212948428587515
sparse,A-AUTO,A,AUTO,speciation,Matin2012_state_019,Matin2012,20.0,0.5309,MEACOO-,0.0475,0.027842589826326248,-0.2319839801600919
sparse,A-AUTO,A,AUTO,speciation,Matin2012_state_019,Matin2012,20.0,0.5309,MEAH+,0.0515,0.07813919845093865,0.18106172289339303
sparse,A-AUTO,A,AUTO,pressure,vle_obs_0132,Hilliard2008,40.0,0.3819,vle_obs_0132-pco2,131.0,122.25823411377793,-0.0299931770645949
sparse,A-AUTO,A,AUTO,pressure,vle_obs_0186,Jou1995,40.0,0.0887,vle_obs_0186-pco2,1.47,0.5766813287050973,-0.406381444324994
sparse,A-AUTO,A,AUTO,pressure,vle_obs_0194,Jou1995,60.0,0.056299999999999996,vle_obs_0194-pco2,4.28,1.1714479141580891,-0.5627207855950066
sparse,A-AUTO,A,AUTO,pressure,vle_obs_0202,Jou1995,60.0,0.6679,vle_obs_0202-pco2,282000.0,41632.32782354901,-0.8308184136790815
sparse,A-AUTO-r4am0p1,A,AUTO,speciation,Bottinger2008_state_030,Bottinger2008,20.0,0.0749,MEA + MEAH+,0.1054,0.10499282766727186,-0.0016809785772315111
sparse,A-AUTO-r4am0p1,A,AUTO,speciation,Bottinger2008_state_030,Bottinger2008,20.0,0.0749,MEACOO-,0.0086,0.007226041145014,-0.07559802113560736
sparse,A-AUTO-r4am0p1,A,AUTO,speciation,Bottinger2008_state_033,Bottinger2008,20.0,0.3089,MEA + MEAH+,0.078,0.08662196136124645,0.04553341044523444
sparse,A-AUTO-r4am0p1,A,AUTO,speciation,Bottinger2008_state_033,Bottinger2008,20.0,0.3089,MEACOO-,0.0349,0.025596900941652213,-0.13463803920247253
sparse,A-AUTO-r4am0p1,A,AUTO,speciation,Bottinger2008_state_042,Bottinger2008,40.0,0.1249,MEA + MEAH+,0.1009,0.09969385863795543,-0.0052227606012538305
sparse,A-AUTO-r4am0p1,A,AUTO,speciation,Bottinger2008_state_042,Bottinger2008,40.0,0.1249,MEACOO-,0.0144,0.012525009061410325,-0.06058444335883426
sparse,A-AUTO-r4am0p1,A,AUTO,speciation,Bottinger2008_state_046,Bottinger2008,40.0,0.34290000000000004,MEA + MEAH+,0.0758,0.08166685671852121,0.032376634686804164
sparse,A-AUTO-r4am0p1,A,AUTO,speciation,Bottinger2008_state_046,Bottinger2008,40.0,0.34290000000000004,MEACOO-,0.0396,0.030551953094922764,-0.11265620731306102
sparse,A-AUTO-r4am0p1,A,AUTO,speciation,Bottinger2008_state_050,Bottinger2008,40.0,0.4869,HCO3-,0.0052,0.009677229655867542,0.2697477040281232
sparse,A-AUTO-r4am0p1,A,AUTO,speciation,Bottinger2008_state_050,Bottinger2008,40.0,0.4869,MEA + MEAH+,0.0646,0.07723859303769134,0.0776018361654564
sparse,A-AUTO-r4am0p1,A,AUTO,speciation,Bottinger2008_state_050,Bottinger2008,40.0,0.4869,MEACOO-,0.0511,0.034978946974695835,-0.16461416903329532
sparse,A-AUTO-r4am0p1,A,AUTO,speciation,Matin2012_state_019,Matin2012,20.0,0.5309,HCO3-,0.0114,0.012964083503933469,0.05583696839956575
sparse,A-AUTO-r4am0p1,A,AUTO,speciation,Matin2012_state_019,Matin2012,20.0,0.5309,MEA,0.0046,0.00603098178274313,0.11763018495616984
sparse,A-AUTO-r4am0p1,A,AUTO,speciation,Matin2012_state_019,Matin2012,20.0,0.5309,MEACOO-,0.0475,0.029169441085733563,-0.21176550191922083
sparse,A-AUTO-r4am0p1,A,AUTO,speciation,Matin2012_state_019,Matin2012,20.0,0.5309,MEAH+,0.0515,0.07701705850991795,0.17477969867961674
sparse,A-AUTO-r4am0p1,A,AUTO,pressure,vle_obs_0132,Hilliard2008,40.0,0.3819,vle_obs_0132-pco2,131.0,117.15321731935605,-0.04851707575004264
sparse,A-AUTO-r4am0p1,A,AUTO,pressure,vle_obs_0186,Jou1995,40.0,0.0887,vle_obs_0186-pco2,1.47,0.5281789757485558,-0.44453622469686727
sparse,A-AUTO-r4am0p1,A,AUTO,pressure,vle_obs_0193,Jou1995,40.0,0.6419,vle_obs_0193-pco2,103000.0,12950.899733435386,-0.9005372836475416
sparse,A-AUTO-r4am0p1,A,AUTO,pressure,vle_obs_0194,Jou1995,60.0,0.056299999999999996,vle_obs_0194-pco2,4.28,1.0677763636857154,-0.6029634659343237
sparse,A-AUTO-r4am0p1,A,AUTO,pressure,vle_obs_0198,Jou1995,60.0,0.4379,vle_obs_0198-pco2,2009.9999999999998,1720.275270469445,-0.06759811116374989
sparse,A-AUTO-r4am0p1,A,AUTO,pressure,vle_obs_0202,Jou1995,60.0,0.6679,vle_obs_0202-pco2,282000.0,44566.26359671088,-0.801242883642018
sparse,A-AUTO-r4ap0p1,A,AUTO,speciation,Bottinger2008_state_030,Bottinger2008,20.0,0.0749,MEA + MEAH+,0.1054,0.10523098849737549,-0.0006969608721374409
sparse,A-AUTO-r4ap0p1,A,AUTO,speciation,Bottinger2008_state_030,Bottinger2008,20.0,0.0749,MEACOO-,0.0086,0.006987880301182756,-0.09015299411141667
sparse,A-AUTO-r4ap0p1,A,AUTO,speciation,Bottinger2008_state_042,Bottinger2008,40.0,0.1249,MEA + MEAH+,0.1009,0.10000499497598311,-0.0038694738736031273
sparse,A-AUTO-r4ap0p1,A,AUTO,speciation,Bottinger2008_state_042,Bottinger2008,40.0,0.1249,MEACOO-,0.0144,0.0122138725000123,-0.07150910998953053
sparse,A-AUTO-r4ap0p1,A,AUTO,speciation,Bottinger2008_state_046,Bottinger2008,40.0,0.34290000000000004,MEA + MEAH+,0.0758,0.08309966514661006,0.039930068148778274
sparse,A-AUTO-r4ap0p1,A,AUTO,speciation,Bottinger2008_state_046,Bottinger2008,40.0,0.34290000000000004,MEACOO-,0.0396,0.02911913707432088,-0.13351668511327702
sparse,A-AUTO-r4ap0p1,A,AUTO,speciation,Bottinger2008_state_050,Bottinger2008,40.0,0.4869,HCO3-,0.0052,0.010390498440091071,0.3006330378577891
sparse,A-AUTO-r4ap0p1,A,AUTO,speciation,Bottinger2008_state_050,Bottinger2008,40.0,0.4869,MEA + MEAH+,0.0646,0.07956102425548811,0.09046784752874687
sparse,A-AUTO-r4ap0p1,A,AUTO,speciation,Bottinger2008_state_050,Bottinger2008,40.0,0.4869,MEACOO-,0.0511,0.03265651979545468,-0.19445100002076846
sparse,A-AUTO-r4ap0p1,A,AUTO,speciation,Matin2012_state_019,Matin2012,20.0,0.5309,HCO3-,0.0114,0.013369337864049318,0.06920504739069523
sparse,A-AUTO-r4ap0p1,A,AUTO,speciation,Matin2012_state_019,Matin2012,20.0,0.5309,MEA,0.0046,0.006434921046815277,0.1457853910207107
sparse,A-AUTO-r4ap0p1,A,AUTO,speciation,Matin2012_state_019,Matin2012,20.0,0.5309,MEACOO-,0.0475,0.02650591267001385,-0.25335084687541
sparse,A-AUTO-r4ap0p1,A,AUTO,speciation,Matin2012_state_019,Matin2012,20.0,0.5309,MEAH+,0.0515,0.07927671894723137,0.18733843851323342
sparse,A-AUTO-r4ap0p1,A,AUTO,pressure,vle_obs_0132,Hilliard2008,40.0,0.3819,vle_obs_0132-pco2,131.0,127.1711299892081,-0.012882765392514038
sparse,A-AUTO-r4ap0p1,A,AUTO,pressure,vle_obs_0186,Jou1995,40.0,0.0887,vle_obs_0186-pco2,1.47,0.6288795021693215,-0.36874989527456786
sparse,A-AUTO-r4ap0p1,A,AUTO,pressure,vle_obs_0193,Jou1995,40.0,0.6419,vle_obs_0193-pco2,103000.0,11359.788283853577,-0.9574669873452197
sparse,A-AUTO-r4ap0p1,A,AUTO,pressure,vle_obs_0194,Jou1995,60.0,0.056299999999999996,vle_obs_0194-pco2,4.28,1.2842394633021077,-0.5227977578237464
sparse,A-AUTO-r4ap0p1,A,AUTO,pressure,vle_obs_0202,Jou1995,60.0,0.6679,vle_obs_0202-pco2,282000.0,38948.50516661819,-0.8597583140988895
sparse,A-AUTO-r4bm100,A,AUTO,speciation,Bottinger2008_state_030,Bottinger2008,20.0,0.0749,MEA + MEAH+,0.1054,0.10475274084188378,-0.002675215830716914
sparse,A-AUTO-r4bm100,A,AUTO,speciation,Bottinger2008_state_030,Bottinger2008,20.0,0.0749,MEACOO-,0.0086,0.007466127984600151,-0.06140302089983858
sparse,A-AUTO-r4bm100,A,AUTO,speciation,Bottinger2008_state_033,Bottinger2008,20.0,0.3089,MEA + MEAH+,0.078,0.08493745724579971,0.037004652779255416
sparse,A-AUTO-r4bm100,A,AUTO,speciation,Bottinger2008_state_033,Bottinger2008,20.0,0.3089,MEACOO-,0.0349,0.02728140599245158,-0.10695867831240254
sparse,A-AUTO-r4bm100,A,AUTO,speciation,Bottinger2008_state_042,Bottinger2008,40.0,0.1249,MEA + MEAH+,0.1009,0.09940989046158798,-0.006461570982383776
sparse,A-AUTO-r4bm100,A,AUTO,speciation,Bottinger2008_state_042,Bottinger2008,40.0,0.1249,MEACOO-,0.0144,0.012808977447667609,-0.05084803109068444
sparse,A-AUTO-r4bm100,A,AUTO,speciation,Bottinger2008_state_046,Bottinger2008,40.0,0.34290000000000004,MEA + MEAH+,0.0758,0.08029788248291501,0.02503488711722681
sparse,A-AUTO-r4bm100,A,AUTO,speciation,Bottinger2008_state_046,Bottinger2008,40.0,0.34290000000000004,MEACOO-,0.0396,0.03192093526939966,-0.09361957842260923
sparse,A-AUTO-r4bm100,A,AUTO,speciation,Matin2012_state_019,Matin2012,20.0,0.5309,HCO3-,0.0114,0.01245017975042781,0.03827077030053423
sparse,A-AUTO-r4bm100,A,AUTO,speciation,Matin2012_state_019,Matin2012,20.0,0.5309,MEA,0.0046,0.0055189609508916595,0.07909948956755047
sparse,A-AUTO-r4bm100,A,AUTO,speciation,Matin2012_state_019,Matin2012,20.0,0.5309,MEACOO-,0.0475,0.03228603444360678,-0.1676789038774899
sparse,A-AUTO-r4bm100,A,AUTO,speciation,Matin2012_state_019,Matin2012,20.0,0.5309,MEAH+,0.0515,0.07441238326247337,0.15983798520158993
sparse,A-AUTO-r4bm100,A,AUTO,pressure,vle_obs_0132,Hilliard2008,40.0,0.3819,vle_obs_0132-pco2,131.0,105.49336611364085,-0.0940461455085392
sparse,A-AUTO-r4bm100,A,AUTO,pressure,vle_obs_0186,Jou1995,40.0,0.0887,vle_obs_0186-pco2,1.47,0.43398188240741153,-0.5298457355000111
sparse,A-AUTO-r4bm100,A,AUTO,pressure,vle_obs_0193,Jou1995,40.0,0.6419,vle_obs_0193-pco2,103000.0,15082.608140440489,-0.8343607768676861
sparse,A-AUTO-r4bm100,A,AUTO,pressure,vle_obs_0194,Jou1995,60.0,0.056299999999999996,vle_obs_0194-pco2,4.28,0.8852735772046304,-0.684366267004637
sparse,A-AUTO-r4bm100,A,AUTO,pressure,vle_obs_0198,Jou1995,60.0,0.4379,vle_obs_0198-pco2,2009.9999999999998,1641.8774474696102,-0.08785531990747063
sparse,A-AUTO-r4bm100,A,AUTO,pressure,vle_obs_0202,Jou1995,60.0,0.6679,vle_obs_0202-pco2,282000.0,51280.07029611902,-0.7403004964654709
sparse,A-AUTO-r4bp100,A,AUTO,speciation,Bottinger2008_state_030,Bottinger2008,20.0,0.0749,MEA + MEAH+,0.1054,0.1055697475083783,0.0006988719755777791
sparse,A-AUTO-r4bp100,A,AUTO,speciation,Bottinger2008_state_030,Bottinger2008,20.0,0.0749,MEACOO-,0.0086,0.00664912127119203,-0.11173419726206461
sparse,A-AUTO-r4bp100,A,AUTO,speciation,Bottinger2008_state_033,Bottinger2008,20.0,0.3089,MEA + MEAH+,0.078,0.09029587905251585,0.06357332762754954
sparse,A-AUTO-r4bp100,A,AUTO,speciation,Bottinger2008_state_033,Bottinger2008,20.0,0.3089,MEACOO-,0.0349,0.021922981479941102,-0.20192580998286386
sparse,A-AUTO-r4bp100,A,AUTO,speciation,Bottinger2008_state_042,Bottinger2008,40.0,0.1249,MEA + MEAH+,0.1009,0.10041166190800088,-0.0021070111154385157
sparse,A-AUTO-r4bp100,A,AUTO,speciation,Bottinger2008_state_042,Bottinger2008,40.0,0.1249,MEACOO-,0.0144,0.011807205285555422,-0.08621537794427966
sparse,A-AUTO-r4bp100,A,AUTO,speciation,Bottinger2008_state_046,Bottinger2008,40.0,0.34290000000000004,MEA + MEAH+,0.0758,0.08487136346407473,0.04909197357025629
sparse,A-AUTO-r4bp100,A,AUTO,speciation,Bottinger2008_state_046,Bottinger2008,40.0,0.34290000000000004,MEACOO-,0.0396,0.027347430242538936,-0.1607786627119539
sparse,A-AUTO-r4bp100,A,AUTO,speciation,Bottinger2008_state_050,Bottinger2008,40.0,0.4869,HCO3-,0.0052,0.011157935455030504,0.33158050119675114
sparse,A-AUTO-r4bp100,A,AUTO,speciation,Bottinger2008_state_050,Bottinger2008,40.0,0.4869,MEA + MEAH+,0.0646,0.08225456182121318,0.10492747517819283
sparse,A-AUTO-r4bp100,A,AUTO,speciation,Bottinger2008_state_050,Bottinger2008,40.0,0.4869,MEACOO-,0.0511,0.02996299003157773,-0.23183575033889706
sparse,A-AUTO-r4bp100,A,AUTO,speciation,Matin2012_state_019,Matin2012,20.0,0.5309,HCO3-,0.0114,0.013824456676256,0.0837432204926537
sparse,A-AUTO-r4bp100,A,AUTO,speciation,Matin2012_state_019,Matin2012,20.0,0.5309,MEA,0.0046,0.0068887071260376395,0.17537988939666893
sparse,A-AUTO-r4bp100,A,AUTO,speciation,Matin2012_state_019,Matin2012,20.0,0.5309,MEACOO-,0.0475,0.02328705415995405,-0.30957905638402555
sparse,A-AUTO-r4bp100,A,AUTO,speciation,Matin2012_state_019,Matin2012,20.0,0.5309,MEAH+,0.0515,0.0820418630954203,0.2022282851962506
sparse,A-AUTO-r4bp100,A,AUTO,pressure,vle_obs_0132,Hilliard2008,40.0,0.3819,vle_obs_0132-pco2,131.0,137.08877455802082,0.01973059861513073
sparse,A-AUTO-r4bp100,A,AUTO,pressure,vle_obs_0186,Jou1995,40.0,0.0887,vle_obs_0186-pco2,1.47,0.7569068188600407,-0.2882749169994459
sparse,A-AUTO-r4bp100,A,AUTO,pressure,vle_obs_0193,Jou1995,40.0,0.6419,vle_obs_0193-pco2,103000.0,9932.649062783461,-1.0157721333177119
sparse,A-AUTO-r4bp100,A,AUTO,pressure,vle_obs_0194,Jou1995,60.0,0.056299999999999996,vle_obs_0194-pco2,4.28,1.5398372062120138,-0.4439689599825238
sparse,A-AUTO-r4bp100,A,AUTO,pressure,vle_obs_0198,Jou1995,60.0,0.4379,vle_obs_0198-pco2,2009.9999999999998,1832.0782462094148,-0.04025203941436567
sparse,A-AUTO-r4bp100,A,AUTO,pressure,vle_obs_0202,Jou1995,60.0,0.6679,vle_obs_0202-pco2,282000.0,34247.80236128144,-0.9156163997315029
sparse,A-AUTO-r5am80,A,AUTO,speciation,Bottinger2008_state_030,Bottinger2008,20.0,0.0749,MEA + MEAH+,0.1054,0.10456412467623151,-0.0034579046208351233
sparse,A-AUTO-r5am80,A,AUTO,speciation,Bottinger2008_state_030,Bottinger2008,20.0,0.0749,MEACOO-,0.0086,0.0076547440472143,-0.05056777753402394
sparse,A-AUTO-r5am80,A,AUTO,speciation,Bottinger2008_state_033,Bottinger2008,20.0,0.3089,MEA + MEAH+,0.078,0.08368974170614288,0.030577624795628294
sparse,A-AUTO-r5am80,A,AUTO,speciation,Bottinger2008_state_033,Bottinger2008,20.0,0.3089,MEACOO-,0.0349,0.028529111631024045,-0.08753717860217443
sparse,A-AUTO-r5am80,A,AUTO,speciation,Bottinger2008_state_042,Bottinger2008,40.0,0.1249,MEA + MEAH+,0.1009,0.09924869573511926,-0.007166357993319592
sparse,A-AUTO-r5am80,A,AUTO,speciation,Bottinger2008_state_042,Bottinger2008,40.0,0.1249,MEACOO-,0.0144,0.012970170701170135,-0.04541680019864858
sparse,A-AUTO-r5am80,A,AUTO,speciation,Bottinger2008_state_046,Bottinger2008,40.0,0.34290000000000004,MEA + MEAH+,0.0758,0.07977993434953785,0.022224468963411986
sparse,A-AUTO-r5am80,A,AUTO,speciation,Bottinger2008_state_046,Bottinger2008,40.0,0.34290000000000004,MEACOO-,0.0396,0.03243880921459378,-0.08663028246478197
sparse,A-AUTO-r5am80,A,AUTO,speciation,Bottinger2008_state_050,Bottinger2008,40.0,0.4869,HCO3-,0.0052,0.01077952182876659,0.31659615267659025
sparse,A-AUTO-r5am80,A,AUTO,speciation,Bottinger2008_state_050,Bottinger2008,40.0,0.4869,MEA + MEAH+,0.0646,0.07456754217779324,0.06231731054261986
sparse,A-AUTO-r5am80,A,AUTO,speciation,Bottinger2008_state_050,Bottinger2008,40.0,0.4869,MEACOO-,0.0511,0.037648844499978594,-0.13266924854843096
sparse,A-AUTO-r5am80,A,AUTO,speciation,Matin2012_state_019,Matin2012,20.0,0.5309,HCO3-,0.0114,0.014237698909325752,0.09653495315150194
sparse,A-AUTO-r5am80,A,AUTO,speciation,Matin2012_state_019,Matin2012,20.0,0.5309,MEA,0.0046,0.007323039379596098,0.20193353787727633
sparse,A-AUTO-r5am80,A,AUTO,speciation,Matin2012_state_019,Matin2012,20.0,0.5309,MEACOO-,0.0475,0.034107842260105214,-0.14383936380792467
sparse,A-AUTO-r5am80,A,AUTO,speciation,Matin2012_state_019,Matin2012,20.0,0.5309,MEAH+,0.0515,0.07078557678015938,0.13813754612158377
sparse,A-AUTO-r5am80,A,AUTO,pressure,vle_obs_0132,Hilliard2008,40.0,0.3819,vle_obs_0132-pco2,131.0,252.49531797618613,0.2849820337456135
sparse,A-AUTO-r5am80,A,AUTO,pressure,vle_obs_0186,Jou1995,40.0,0.0887,vle_obs_0186-pco2,1.47,1.0874926822538868,-0.1308909914823742
sparse,A-AUTO-r5am80,A,AUTO,pressure,vle_obs_0193,Jou1995,40.0,0.6419,vle_obs_0193-pco2,103000.0,20476.243060898214,-0.7015869485534569
sparse,A-AUTO-r5am80,A,AUTO,pressure,vle_obs_0194,Jou1995,60.0,0.056299999999999996,vle_obs_0194-pco2,4.28,2.0786130961106264,-0.3136701098218735
sparse,A-AUTO-r5am80,A,AUTO,pressure,vle_obs_0198,Jou1995,60.0,0.4379,vle_obs_0198-pco2,2009.9999999999998,3233.361421606877,0.20645819486708983
sparse,A-AUTO-r5am80,A,AUTO,pressure,vle_obs_0202,Jou1995,60.0,0.6679,vle_obs_0202-pco2,282000.0,68506.66226065204,-0.6145162997124373
sparse,A-AUTO-r5ap80,A,AUTO,speciation,Bottinger2008_state_030,Bottinger2008,20.0,0.0749,MEA + MEAH+,0.1054,0.10600427996144182,0.0024827895402453263
sparse,A-AUTO-r5ap80,A,AUTO,speciation,Bottinger2008_state_030,Bottinger2008,20.0,0.0749,MEACOO-,0.0086,0.0062145888873847204,-0.14108604712281797
sparse,A-AUTO-r5ap80,A,AUTO,speciation,Bottinger2008_state_033,Bottinger2008,20.0,0.3089,MEA + MEAH+,0.078,0.09266723982573001,0.07483162468471753
sparse,A-AUTO-r5ap80,A,AUTO,speciation,Bottinger2008_state_033,Bottinger2008,20.0,0.3089,MEACOO-,0.0349,0.01955162623713322,-0.251642540601206
sparse,A-AUTO-r5ap80,A,AUTO,speciation,Bottinger2008_state_042,Bottinger2008,40.0,0.1249,MEA + MEAH+,0.1009,0.10086110175277697,-0.00016745838704501374
sparse,A-AUTO-r5ap80,A,AUTO,speciation,Bottinger2008_state_042,Bottinger2008,40.0,0.1249,MEACOO-,0.0144,0.01135776647568257,-0.1030695570808839
sparse,A-AUTO-r5ap80,A,AUTO,speciation,Bottinger2008_state_046,Bottinger2008,40.0,0.34290000000000004,MEA + MEAH+,0.0758,0.08647601206293562,0.057226447803998576
sparse,A-AUTO-r5ap80,A,AUTO,speciation,Bottinger2008_state_046,Bottinger2008,40.0,0.34290000000000004,MEACOO-,0.0396,0.02574282744962697,-0.18703894023620424
sparse,A-AUTO-r5ap80,A,AUTO,speciation,Bottinger2008_state_050,Bottinger2008,40.0,0.4869,HCO3-,0.0052,0.008895959692749103,0.23318946283606276
sparse,A-AUTO-r5ap80,A,AUTO,speciation,Bottinger2008_state_050,Bottinger2008,40.0,0.4869,MEA + MEAH+,0.0646,0.08401877353094983,0.11414381961359721
sparse,A-AUTO-r5ap80,A,AUTO,speciation,Bottinger2008_state_050,Bottinger2008,40.0,0.4869,MEACOO-,0.0511,0.02819939736341642,-0.2581810728273867
sparse,A-AUTO-r5ap80,A,AUTO,speciation,Matin2012_state_019,Matin2012,20.0,0.5309,HCO3-,0.0114,0.011836207684201891,0.016307725573848207
sparse,A-AUTO-r5ap80,A,AUTO,speciation,Matin2012_state_019,Matin2012,20.0,0.5309,MEA,0.0046,0.004892337749027043,0.02675859981337377
sparse,A-AUTO-r5ap80,A,AUTO,speciation,Matin2012_state_019,Matin2012,20.0,0.5309,MEACOO-,0.0475,0.020415530401816005,-0.36673294211385127
sparse,A-AUTO-r5ap80,A,AUTO,speciation,Matin2012_state_019,Matin2012,20.0,0.5309,MEAH+,0.0515,0.08691019944633238,0.22726351752637317
sparse,A-AUTO-r5ap80,A,AUTO,pressure,vle_obs_0132,Hilliard2008,40.0,0.3819,vle_obs_0132-pco2,131.0,54.194926762465066,-0.3833126619252942
sparse,A-AUTO-r5ap80,A,AUTO,pressure,vle_obs_0186,Jou1995,40.0,0.0887,vle_obs_0186-pco2,1.47,0.29492512213946015,-0.697605566801851
sparse,A-AUTO-r5ap80,A,AUTO,pressure,vle_obs_0193,Jou1995,40.0,0.6419,vle_obs_0193-pco2,103000.0,7542.924065795402,-1.1352974889860514
sparse,A-AUTO-r5ap80,A,AUTO,pressure,vle_obs_0194,Jou1995,60.0,0.056299999999999996,vle_obs_0194-pco2,4.28,0.6501887287894327,-0.8184043324088652
sparse,A-AUTO-r5ap80,A,AUTO,pressure,vle_obs_0198,Jou1995,60.0,0.4379,vle_obs_0198-pco2,2009.9999999999998,913.2863147932935,-0.34258910744178606
sparse,A-AUTO-r5ap80,A,AUTO,pressure,vle_obs_0202,Jou1995,60.0,0.6679,vle_obs_0202-pco2,282000.0,25712.30769004655,-1.0401080518213033
