phase,variant,rule,born_formulation,observation_id,family,temperature_C,loading,source,continuation_present,liquid_start_present,pressure_start_count,compiled,status,failure_code,failure_diagnostic,elapsed_s,solver_status,physical_status,eos_domain_status,liquid_density_mol_m3,liquid_packing_fraction,liquid_mole_fractions,liquid_mechanical_class,vapor_mechanical_class,charge_closure,material_balance_closure,reaction_affinity_closure,pressure_closure,bulk_relative_permittivity,figiel_reference_permittivity,born_a_over_rt,debye_huckel_a_over_rt,residual_a_over_rt,eos_evaluation_count
sparse,E-SSMDS,E,SSMDS,Bottinger2008_state_030,speciation,20.0,0.0749,Bottinger2008,True,False,0,True,evaluated,,,0.456182527996134,solve_succeeded,passed,passed,45382.91328646373,0.453777198259012,"[1.2519026076412521e-09, 0.09546871984547475, 0.8871546633218612, 0.008952605833065114, 0.007797543068239232, 9.027474937653173e-05, 0.0005285960864901236, 5.606921781823866e-13, 7.595843029795324e-06]",strict_stable_local_minimum,,2.425596746174701e-19,9.020562075079397e-17,1.1368683772161603e-13,7.104695251392136e-13,60.02948983664375,60.02948983664375,-2.9694728304133986,-0.009697617049833048,-13.166731223815821,123
sparse,E-SSMDS,E,SSMDS,Bottinger2008_state_033,speciation,20.0,0.3089,Bottinger2008,True,False,0,True,evaluated,,,0.6813524189929012,solve_succeeded,passed,passed,49918.266710967175,0.45491278594739754,"[2.5621447168486257e-07, 0.04402704471608685, 0.885769627954115, 0.035526962072269436, 0.0326648333468117, 0.0011596790073944913, 0.000850853033089149, 1.938361006861182e-12, 7.436538233003778e-07]",strict_stable_local_minimum,,5.405976600339397e-18,8.326672684688674e-17,5.684341886080802e-14,5.147205939152904e-13,49.11099775812194,49.11099775812194,-11.243169263762423,-0.0714540837347817,-21.075533885313718,679
sparse,E-SSMDS,E,SSMDS,Bottinger2008_state_042,speciation,40.0,0.1249,Bottinger2008,True,False,0,True,evaluated,,,0.4576621209853329,solve_succeeded,passed,passed,45909.50422050343,0.44676378103735226,"[2.2176524696142585e-08, 0.08441617990780206, 0.8871639814611993, 0.014387550070311646, 0.013415136420527956, 0.0002569160109964399, 0.00035528369178116975, 2.8158793577990263e-12, 4.93025804078958e-06]",strict_stable_local_minimum,,8.57001386442295e-19,1.249000902703301e-16,2.2737367544323206e-13,1.0692228855187881e-11,52.63594252779329,52.63594252779329,-4.26542339242891,-0.01878404962527507,-13.270215581094737,141
sparse,E-SSMDS,E,SSMDS,Bottinger2008_state_046,speciation,40.0,0.34290000000000004,Bottinger2008,True,False,0,True,evaluated,,,0.4699061889841687,solve_succeeded,passed,passed,50166.18816955762,0.4477330007705987,"[2.051727983408037e-06, 0.037358680101268374, 0.885212261336502, 0.03893741927387367, 0.03592253926953058, 0.002118570329066267, 0.00044783172854250805, 7.52072388237631e-12, 6.462257125287199e-07]",strict_stable_local_minimum,,-2.016033461071909e-18,3.162315452257165e-17,1.1368683772161603e-13,1.4805541503158815e-11,44.08304166698094,44.08304166698094,-11.345188625498395,-0.08273117896276601,-20.055939983472875,157
sparse,E-SSMDS,E,SSMDS,Bottinger2008_state_050,speciation,40.0,0.4869,Bottinger2008,True,False,0,True,evaluated,,,0.4550737089884933,solve_succeeded,passed,passed,52710.831932706125,0.4472226608640856,"[5.7194419508815295e-05, 0.01276549190750828, 0.8775688402464418, 0.055018073392513696, 0.044428885294180306, 0.009733710326480403, 0.00042767339920708394, 2.0360361265464537e-11, 1.3099379918773808e-07]",strict_stable_local_minimum,,-8.001095004341034e-18,1.1102230246251565e-16,5.684341886080802e-14,8.635644339320985e-12,40.2732020394657,40.2732020394657,-16.100126046597605,-0.1418303909125245,-24.571232032442424,153
sparse,E-SSMDS,E,SSMDS,Matin2012_state_019,speciation,20.0,0.5309,Matin2012,True,False,0,True,evaluated,,,0.4592189159884583,solve_succeeded,passed,passed,53757.93998494184,0.4539984548251836,"[5.719319909032261e-05, 0.007296890781562629, 0.872775302568287, 0.06034293877269735, 0.04457262117688813, 0.01413973284642978, 0.0008152641158358367, 1.0750599539059779e-11, 5.6528458372578244e-08]",strict_stable_local_minimum,,-6.828241541391291e-18,3.630429290524262e-14,1.7053025658242404e-13,1.854085621497321e-13,42.8706620973802,42.8706620973802,-19.128264066129372,-0.16168394873961212,-28.526241940981972,183
sparse,E-SSMDS,E,SSMDS,vle_obs_0132,pressure,40.0,0.3819,Hilliard2008,True,False,1,True,evaluated,,,2.6507654449960683,solve_succeeded,passed,passed,50942.182311415534,0.4477859573604695,"[4.716547891209882e-06, 0.029601212163112678, 0.8842127605309865, 0.0433181813110423, 0.03929894612744183, 0.003108691169796722, 0.0004550518826803309, 9.30268297638828e-12, 4.402577457695788e-07]",passed,strict_stable_local_minimum,6.700471167237057e-19,1.1080546202801855e-16,1.7053025658242404e-13,3.575667913815897e-11,42.99272272029551,42.99272272029551,-12.61877237333988,-0.09740395555730948,-21.27276703098994,2560.0
sparse,E-SSMDS,E,SSMDS,vle_obs_0186,pressure,40.0,0.0887,Jou1995,True,False,1,True,evaluated,,,1.723461215995485,solve_succeeded,passed,passed,45252.50159362531,0.44656739299665366,"[8.240727931751426e-09, 0.0924392845552641, 0.8872975973631756, 0.01029042410209761, 0.009489159305139354, 0.0001581295615494702, 0.00031773836765340113, 2.1452827362004983e-12, 7.658502247266527e-06]",passed,strict_stable_local_minimum,-4.60423368589829e-19,6.056370276162973e-17,3.410605131648481e-13,8.622740952183633e-11,54.654858827073305,54.654858827073305,-3.0771270797265635,-0.011591223818332897,-12.130967627570394,1589.0
sparse,E-SSMDS,E,SSMDS,vle_obs_0193,pressure,40.0,0.6419,Jou1995,True,False,1,True,evaluated,,,2.24817028598045,solve_succeeded,passed,passed,53602.723109333994,0.44335252468681124,"[0.0010796191120590135, 0.004058445817102612, 0.8528445886014143, 0.07113020696450516, 0.03690906247007413, 0.03373498403193137, 0.000243067577515359, 5.89645266536608e-11, 2.5366433475692697e-08]",passed,strict_stable_local_minimum,-1.101952349152126e-17,1.942890293094024e-16,2.2737367544323206e-13,1.1930641662783546e-11,36.22730707193377,36.22730707193377,-21.205059852679053,-0.2212854131473299,-29.30548655516445,2260.0
sparse,E-SSMDS,E,SSMDS,vle_obs_0194,pressure,60.0,0.056299999999999996,Jou1995,True,False,1,True,evaluated,,,2.060077058005845,solve_succeeded,passed,passed,44205.4577815251,0.43907808708720036,"[1.0539499223548124e-08, 0.09966405904091762, 0.8875056579959558, 0.006487001588112416, 0.006067807075505542, 0.00011759576242197296, 0.00014373076110914718, 4.255899846965504e-12, 1.4137232222505904e-05]",passed,strict_stable_local_minimum,5.844019007718864e-19,5.204170427930421e-17,5.684341886080802e-14,4.8821736307495326e-11,52.418039858385555,52.418039858385555,-1.801719778775032,-0.00597575564472325,-9.923356090778302,2036.0
sparse,E-SSMDS,E,SSMDS,vle_obs_0198,pressure,60.0,0.4379,Jou1995,True,False,1,True,evaluated,,,2.5108757590060122,solve_succeeded,passed,passed,51300.9187426239,0.440135325319807,"[5.866030417939209e-05, 0.020690782625878618, 0.8808588830138621, 0.04930108836849083, 0.042220415099911715, 0.006659403151834735, 0.0002105027533700925, 3.6234211223993054e-11, 2.646462384003365e-07]",passed,strict_stable_local_minimum,3.590287615679424e-18,6.661338147750939e-15,2.5579538487363607e-13,4.7896060510832164e-12,37.954210728484185,37.954210728484185,-13.430771785726023,-0.12226304570749891,-21.08621457763249,2383.0
sparse,E-SSMDS,E,SSMDS,vle_obs_0202,pressure,60.0,0.6679,Jou1995,True,False,1,True,evaluated,,,1.918600488017546,solve_succeeded,passed,passed,52791.19088810895,0.4349798611493146,"[0.0031646319570089766, 0.004706861631988175, 0.8489064604732134, 0.07166167220230982, 0.035495203634308164, 0.03596384230319761, 0.00010129873451425011, 1.3384205074788908e-10, 2.8929617593293956e-08]",passed,strict_stable_local_minimum,1.3914589021568153e-18,8.326672684688674e-17,1.1368683772161603e-13,1.4896075503378735e-12,32.67839467911859,32.67839467911859,-20.03245226300119,-0.23333630244894488,-27.240759209870635,2022.0
sparse,E-SSMDS-f1.4,E,SSMDS,Bottinger2008_state_030,speciation,20.0,0.0749,Bottinger2008,True,False,0,True,evaluated,,,0.5128469310002401,solve_succeeded,passed,passed,45377.01906071345,0.4538020822077956,"[2.1180932903364744e-09, 0.09546604050098413, 0.8874995864534602, 0.008613724564935801, 0.008139103583656255, 8.423124399264593e-05, 0.0001930782029760998, 2.8339255508564684e-13, 4.233331618091414e-06]",strict_stable_local_minimum,,1.321293311493279e-18,8.05020113070487e-17,1.1368683772161603e-13,7.104695251392136e-13,60.16166290982783,60.16166290982783,-2.7169396582878877,-0.008694909353030517,-12.9172650018625,263
sparse,E-SSMDS-f1.4,E,SSMDS,Bottinger2008_state_033,speciation,20.0,0.3089,Bottinger2008,True,False,0,True,evaluated,,,0.608595946978312,solve_succeeded,passed,passed,49933.95958151713,0.45497318572087614,"[2.2042031779312438e-07, 0.0437896793697978, 0.8863124676076801, 0.035221534127563466, 0.03320763065458621, 0.0009223361127565908, 0.0005454356552913089, 1.1843421648224619e-12, 6.960508223971742e-07]",strict_stable_local_minimum,,-4.6036437891934206e-18,3.492089201424906e-17,1.1368683772161603e-13,8.855377182147545e-13,49.2055710375432,49.2055710375432,-11.003700714676615,-0.06957173650281488,-20.8398235396333,524
sparse,E-SSMDS-f1.4,E,SSMDS,Bottinger2008_state_042,speciation,40.0,0.1249,Bottinger2008,True,False,0,True,evaluated,,,0.5477456609951332,solve_succeeded,passed,passed,45908.01460168466,0.4467833547223,"[3.11496287981164e-08, 0.0843902715053032, 0.8873935113297348, 0.01418568990574767, 0.013642903980639214, 0.00022922924437120828, 0.00015519379932209636, 1.5799601057446487e-12, 3.1690836730161803e-06]",strict_stable_local_minimum,,-1.4747606556565478e-18,3.469446951953614e-17,2.8421709430404007e-13,1.3426107545414296e-11,52.70225385221596,52.70225385221596,-4.119988120698573,-0.018022536264912438,-13.126431455835473,357
sparse,E-SSMDS-f1.4,E,SSMDS,Bottinger2008_state_046,speciation,40.0,0.34290000000000004,Bottinger2008,True,False,0,True,evaluated,,,0.46267507001175545,solve_succeeded,passed,passed,50205.217654814485,0.4478179373042306,"[1.6727959162741159e-06, 0.03693564101445478, 0.8857629661618615, 0.038809742133889484, 0.0364732980196563, 0.0016962725752269667, 0.00031976424982474037, 4.906609315475585e-12, 6.430442633428563e-07]",strict_stable_local_minimum,,4.421075313275583e-18,1.1102230246251565e-16,2.2737367544323206e-13,7.126237686963368e-13,44.14354553347256,44.14354553347256,-11.238641045716902,-0.08179852745163775,-19.953340516804353,187
sparse,E-SSMDS-f1.4,E,SSMDS,Bottinger2008_state_050,speciation,40.0,0.4869,Bottinger2008,True,False,0,True,evaluated,,,0.4889312750019599,solve_succeeded,passed,passed,52880.104402805155,0.44750951167242226,"[4.300141033214936e-05, 0.011220107064947383, 0.879119751533432, 0.055011752635712646, 0.04598218361697471, 0.00821668875693303, 0.0004063653114500118, 1.565652734176892e-11, 1.4965456140130975e-07]",strict_stable_local_minimum,,8.551306189361911e-18,1.5265566588595902e-14,1.1368683772161603e-13,4.0779830536341155e-12,40.40184760686859,40.40184760686859,-16.04757780342873,-0.1410479442676028,-24.530469389677158,155
sparse,E-SSMDS-f1.4,E,SSMDS,Matin2012_state_019,speciation,20.0,0.5309,Matin2012,True,False,0,True,evaluated,,,0.44948488599038683,solve_succeeded,passed,passed,53934.505939315764,0.45427906892243863,"[4.6147161281762926e-05, 0.0057105542867511225, 0.874349670262668, 0.060354242519623534, 0.04614889349863999, 0.012575572124259199, 0.000814856767787306, 8.919688355320522e-12, 6.337006940566014e-08]",strict_stable_local_minimum,,1.9346708082748127e-17,4.549138843401579e-14,1.7053025658242404e-13,2.5368084896207886e-11,43.02277917635408,43.02277917635408,-19.08673122071724,-0.16089538185489283,-28.497081966980765,173
sparse,E-SSMDS-f1.4,E,SSMDS,vle_obs_0132,pressure,40.0,0.3819,Hilliard2008,True,False,1,True,evaluated,,,2.8784895300050266,solve_succeeded,passed,passed,51005.30252427612,0.44790913865443693,"[3.578136069565624e-06, 0.02896004169896804, 0.8849539983987753, 0.04321803795082568, 0.04004038770309008, 0.0024697945416740697, 0.00035369414796802167, 6.251836254002577e-12, 4.6741637731753494e-07]",passed,strict_stable_local_minimum,5.656441782949524e-18,5.0130374433824884e-17,1.4210854715202004e-13,6.166998296219636e-11,43.064385305104814,43.064385305104814,-12.526271139874646,-0.09652065974282519,-21.185755761090014,2898.0
sparse,E-SSMDS-f1.4,E,SSMDS,vle_obs_0186,pressure,40.0,0.0887,Jou1995,True,False,1,True,evaluated,,,1.5715354320127517,solve_succeeded,passed,passed,45249.981292947385,0.4465839791963091,"[1.2804939428992884e-08, 0.09242877512667724, 0.8875043106277507, 0.010097323590271552, 0.009692768733361605, 0.00014450814903702787, 0.00012774574224955023, 1.1695122314961488e-12, 4.555224543331334e-06]",passed,strict_stable_local_minimum,-2.3053621637017713e-19,4.163336342344337e-17,3.694822225952521e-13,1.7851080714941045e-10,54.7231739090626,54.7231739090626,-2.9400298568181458,-0.010974697877321249,-11.99545604716054,1311.0
sparse,E-SSMDS-f1.4,E,SSMDS,vle_obs_0193,pressure,40.0,0.6419,Jou1995,True,False,1,True,evaluated,,,2.319509021996055,solve_succeeded,passed,passed,53748.47943235936,0.4435768135400381,"[0.0010081835205824723, 0.002815804739564222, 0.8539998823758175, 0.07121240647856583, 0.03807752045482558, 0.032637492056556784, 0.00024868370207277484, 5.4488518453224324e-11, 2.6617526424717022e-08]",passed,strict_stable_local_minimum,1.5011110498313986e-17,1.942890293094024e-16,1.7053025658242404e-13,1.5095051988039926e-11,36.313030265809196,36.313030265809196,-21.201738926871066,-0.2208909590532397,-29.309989851220635,2260.0
sparse,E-SSMDS-f1.4,E,SSMDS,vle_obs_0194,pressure,60.0,0.056299999999999996,Jou1995,True,False,1,True,evaluated,,,2.7729273540026043,solve_succeeded,passed,passed,44204.10073769624,0.43908640714706537,"[1.722358927692738e-08, 0.0996619714223697, 0.8876061375130289, 0.006394605799039784, 0.006162289733045046, 0.00010949937776810172, 5.733776182887538e-05, 2.3807378743494756e-12, 8.141166949626609e-06]",passed,strict_stable_local_minimum,-3.1140475363615832e-18,1.6696713456276768e-17,1.1368683772161603e-13,3.1802342898360814e-11,52.452086730602495,52.452086730602495,-1.7406080919388798,-0.005738756814771069,-9.862983252804836,3334.0
sparse,E-SSMDS-f1.4,E,SSMDS,vle_obs_0198,pressure,60.0,0.4379,Jou1995,True,False,1,True,evaluated,,,2.5701727179985028,solve_succeeded,passed,passed,51427.15881188975,0.440364811525765,"[4.4381057615078535e-05, 0.01950446305363164, 0.8820548132785423, 0.049290746892578445, 0.04341867854897057, 0.005501472326248534, 0.00018515122805504977, 2.6554622846301798e-11, 2.9358780386465234e-07]",passed,strict_stable_local_minimum,-2.6052361452512297e-18,5.551115123125783e-17,5.684341886080802e-14,1.4924405656852048e-11,38.037417091326404,38.037417091326404,-13.385611064244248,-0.12170893137847945,-21.049840404857157,2650.0
sparse,E-SSMDS-f1.4,E,SSMDS,vle_obs_0202,pressure,60.0,0.6679,Jou1995,True,False,1,True,evaluated,,,2.345377293997444,solve_succeeded,passed,passed,52952.10998064691,0.43521327495601786,"[0.002991664371824712, 0.0033649644400509026, 0.8500473737616985, 0.07184968884994679, 0.03666849440537154, 0.0349744033619945, 0.0001033805213162576, 1.2392430881988274e-10, 3.016387252351434e-08]",passed,strict_stable_local_minimum,2.2689270682459064e-17,2.220446049250313e-15,4.263256414560601e-13,7.204476772356345e-14,32.73946053077487,32.73946053077487,-20.058580072185947,-0.2334645700320927,-27.273638115496748,2519.0
sparse,E-SSMDS-f1.5,E,SSMDS,Bottinger2008_state_030,speciation,20.0,0.0749,Bottinger2008,True,False,0,True,evaluated,,,0.44359092199010774,solve_succeeded,passed,passed,45376.32895122792,0.45380540963602484,"[2.405402219279499e-09, 0.09546487273889326, 0.8875447026795366, 0.008570348595498897, 0.008183647282942541, 8.249044264284507e-05, 0.00015027501531258408, 2.413333776001256e-13, 3.6608395296745854e-06]",strict_stable_local_minimum,,1.0697129448728696e-18,4.85722573273506e-17,1.9895196601282805e-13,4.190147334841661e-12,60.17875723729822,60.17875723729822,-2.6840793006017947,-0.00856907991856992,-12.884807966040034,141
sparse,E-SSMDS-f1.5,E,SSMDS,Bottinger2008_state_033,speciation,20.0,0.3089,Bottinger2008,True,False,0,True,non_evaluable,physical_rejection,reactive_finite_phase_certificate_failed,0.6041510590002872,solve_succeeded,failed,passed,,,,,,,,,,,,,,,
sparse,E-SSMDS-f1.5,E,SSMDS,Bottinger2008_state_042,speciation,40.0,0.1249,Bottinger2008,True,False,0,True,evaluated,,,0.43845046701608226,solve_succeeded,passed,passed,45907.9966891526,0.44678657598391774,"[3.387295509391813e-08, 0.08438418990275923, 0.8874289499436079, 0.014156660931543708, 0.013678014251778545, 0.00022281442586560526, 0.00012649558516103393, 1.3756919541562258e-12, 2.8410849531834556e-06]",strict_stable_local_minimum,,-1.078048307590402e-18,9.71445146547012e-17,1.7053025658242404e-13,3.5329594336819597e-14,52.7120204456474,52.7120204456474,-4.098352089993254,-0.01791375889609135,-13.105053975409074,129
sparse,E-SSMDS-f1.5,E,SSMDS,Bottinger2008_state_046,speciation,40.0,0.34290000000000004,Bottinger2008,True,False,0,True,evaluated,,,0.6408685060159769,solve_succeeded,passed,passed,50213.61356249436,0.44783596892236127,"[1.5908930643596768e-06, 0.036845154643155305, 0.8858789021923472, 0.03878429023066306, 0.0365892454852276, 0.0016059462161240174, 0.0002942281987368513, 4.421925173049273e-12, 6.421362596611771e-07]",strict_stable_local_minimum,,6.0413893182720675e-19,5.930585883495709e-17,5.684341886080802e-14,1.8344101970089296e-12,44.15612501645149,44.15612501645149,-11.216876392114042,-0.08161150126798322,-19.932412875274014,501
sparse,E-SSMDS-f1.5,E,SSMDS,Bottinger2008_state_050,speciation,40.0,0.4869,Bottinger2008,True,False,0,True,evaluated,,,0.47506037200219,solve_succeeded,passed,passed,52918.61367870183,0.447574519229267,"[3.991365364894038e-05, 0.010869779489911701, 0.8794706961248934, 0.05501096144934644, 0.046333648882942446, 0.007872533110267121, 0.0004023121965533141, 1.4703160838602258e-11, 1.550777333988417e-07]",strict_stable_local_minimum,,5.403187562994751e-18,1.975416358268589e-16,1.7053025658242404e-13,4.0779830536341155e-12,40.43106082722768,40.43106082722768,-16.036212656282324,-0.14087628193128698,-24.521777522942973,159
sparse,E-SSMDS-f1.5,E,SSMDS,Matin2012_state_019,speciation,20.0,0.5309,Matin2012,True,False,0,True,evaluated,,,0.46723209699848667,solve_succeeded,passed,passed,53973.63360844066,0.45434084418880577,"[4.3760915343033935e-05, 0.0053606750939934195, 0.8746948389995872, 0.06035880892696285, 0.0464944740658887, 0.012230483882918869, 0.0008168928799642185, 8.557475924387783e-12, 6.522678432804866e-08]",strict_stable_local_minimum,,-9.2302810163537e-18,1.850387479285607e-17,1.1368683772161603e-13,2.2917704658098878e-11,43.0561678470485,43.0561678470485,-19.07920770839629,-0.1607385868905936,-28.49228225480373,177
sparse,E-SSMDS-f1.5,E,SSMDS,vle_obs_0132,pressure,40.0,0.3819,Hilliard2008,True,False,1,True,evaluated,,,2.9446122090157587,solve_succeeded,passed,passed,51018.90078234996,0.4479355781842023,"[3.3379661464085815e-06, 0.028822200573136118, 0.8851127981178302, 0.04319706179952752, 0.040199231931817236, 0.0023324346588330155, 0.0003324602675151619, 5.673725112893865e-12, 4.7467952067034046e-07]",passed,strict_stable_local_minimum,1.5291900382289835e-18,8.326672684688674e-17,2.2737367544323206e-13,6.329966743775538e-11,43.079714470924515,43.079714470924515,-12.506575237301961,-0.09633503093377357,-21.167238551862564,3136.0
sparse,E-SSMDS-f1.5,E,SSMDS,vle_obs_0186,pressure,40.0,0.0887,Jou1995,True,False,1,True,evaluated,,,1.5608674469986,solve_succeeded,passed,passed,45249.746418098155,0.4465864725275611,"[1.425792629859266e-08, 0.09242599881462217, 0.8875339175773572, 0.010071040053681018, 0.009721828418954668, 0.00014118197893585362, 0.00010201075929172611, 1.0120193492111857e-12, 4.008138219064797e-06]",passed,strict_stable_local_minimum,-1.375003310122035e-18,5.551115123125783e-17,1.1368683772161603e-13,4.721562470008181e-10,54.73264020847868,54.73264020847868,-2.9208056904287396,-0.010891672314508018,-11.976460838524345,1365.0
sparse,E-SSMDS-f1.5,E,SSMDS,vle_obs_0193,pressure,40.0,0.6419,Jou1995,True,False,1,True,evaluated,,,2.27403477000189,solve_succeeded,passed,passed,53778.27378867709,0.4436223022413821,"[0.000992925739015588, 0.002562852852323214, 0.8542338249968121, 0.07123031621367691, 0.0383142748179447, 0.032415542293684235, 0.00025023612284817205, 5.367167342788768e-11, 2.6910023303234322e-08]",passed,strict_stable_local_minimum,1.8110671412601084e-18,3.724234462487708e-17,1.4210854715202004e-13,4.84762956438431e-13,36.3303888733632,36.3303888733632,-21.20167576085896,-0.22081813847864473,-29.311507542707393,2260.0
sparse,E-SSMDS-f1.5,E,SSMDS,vle_obs_0194,pressure,60.0,0.056299999999999996,Jou1995,True,False,1,True,evaluated,,,1.894394539995119,solve_succeeded,passed,passed,44203.9668579932,0.43908767796978876,"[1.939904688472617e-08, 0.09966100969995538, 0.8876207606167417, 0.00638197042407318, 0.006175886586298584, 0.00010750752908192954, 4.573056803515094e-05, 2.0724661939071328e-12, 7.1151746948300465e-06]",passed,strict_stable_local_minimum,1.0924580897154697e-18,4.015486741401099e-17,1.4210854715202004e-13,8.356121380347198e-11,52.4568654249884,52.4568654249884,-1.7319391568630422,-0.005706804333016724,-9.854422668884443,1804.0
sparse,E-SSMDS-f1.5,E,SSMDS,vle_obs_0198,pressure,60.0,0.4379,Jou1995,True,False,1,True,non_evaluable,numerical_convergence_failure,reactive_finite_phase_certificate_failed,3.8120825679798145,solve_succeeded,failed,passed,,,,,,,,,,,,,,,
sparse,E-SSMDS-f1.5,E,SSMDS,vle_obs_0202,pressure,60.0,0.6679,Jou1995,True,False,1,True,evaluated,,,2.328861532994779,solve_succeeded,passed,passed,52985.736764128946,0.43526133702918274,"[0.002953789349115531, 0.0030861170904328775, 0.8502820700984886, 0.07189100037676074, 0.0369102805203831, 0.034772734450458885, 0.00010397753574387203, 1.2209278435709924e-10, 3.045652379961696e-08]",passed,strict_stable_local_minimum,-1.5772991146866605e-18,2.3037127760972e-15,5.684341886080802e-14,8.940899085319988e-14,32.75192433851919,32.75192433851919,-20.064842695485954,-0.23350316593355072,-27.28127560899045,2519.0
sparse,E-SSMDS-f1.6,E,SSMDS,Bottinger2008_state_030,speciation,20.0,0.0749,Bottinger2008,True,False,0,True,evaluated,,,0.44494698400376365,solve_succeeded,passed,passed,45375.821366573924,0.4538080529650067,"[2.7272856703078203e-09, 0.09546360638060618, 0.8875801322829925, 0.008536677373192036, 0.008218584827415054, 8.073145120953792e-05, 0.0001170961376808231, 2.0616223937124578e-13, 3.1688194119622106e-06]",strict_stable_local_minimum,,-2.473497116870749e-18,1.3877787807814457e-16,5.684341886080802e-14,5.354013320636726e-13,60.192087101729776,60.192087101729776,-2.6583193434484147,-0.008471827094382394,-12.859365046218754,147
sparse,E-SSMDS-f1.6,E,SSMDS,Bottinger2008_state_033,speciation,20.0,0.3089,Bottinger2008,True,False,0,True,evaluated,,,0.44789763301378116,solve_succeeded,passed,passed,49940.78267866967,0.4549967604238511,"[2.0558528048693998e-07, 0.04369243013778595, 0.8865176673418613, 0.035113607583978565, 0.033412808094954026, 0.0008250914423787468, 0.00043751823475288946, 9.340063458099276e-13, 6.715780740078486e-07]",strict_stable_local_minimum,,1.1734739469801685e-17,2.498001805406602e-16,3.410605131648481e-13,1.6458420776420836e-13,49.240335193293284,49.240335193293284,-10.91744693588151,-0.06890751124840927,-20.75501405388067,141
sparse,E-SSMDS-f1.6,E,SSMDS,Bottinger2008_state_042,speciation,40.0,0.1249,Bottinger2008,True,False,0,True,evaluated,,,0.45336898701498285,solve_succeeded,passed,passed,45908.06209722211,0.4467893560919251,"[3.6814431748570294e-08, 0.08437829382949205, 0.8874587041694387, 0.014133095053462984, 0.013707475873037276, 0.00021662048434083176, 0.00010322492268924041, 1.2003650626148675e-12, 2.548851906762164e-06]",strict_stable_local_minimum,,-1.986101642224374e-18,9.812029660993815e-17,8.526512829121202e-14,2.0156969731526994e-11,52.72003869603747,52.72003869603747,-4.080472172206901,-0.017825572996087457,-13.087392346055042,143
sparse,E-SSMDS-f1.6,E,SSMDS,Bottinger2008_state_046,speciation,40.0,0.34290000000000004,Bottinger2008,True,False,0,True,evaluated,,,0.47861136999563314,solve_succeeded,passed,passed,50221.53048040039,0.4478528914189965,"[1.5135336020045226e-06, 0.036760003964452365, 0.8859873729071835, 0.038760968175146446, 0.036697726900638585, 0.001520946573051869, 0.000270826763509043, 3.989129428497074e-12, 6.411784270352253e-07]",strict_stable_local_minimum,,4.981535279818482e-19,5.551115123125783e-17,8.526512829121202e-14,1.0864568339757734e-12,44.16783956434257,44.16783956434257,-11.196725244677356,-0.08143969324794885,-19.913046830793263,163
sparse,E-SSMDS-f1.6,E,SSMDS,Bottinger2008_state_050,speciation,40.0,0.4869,Bottinger2008,True,False,0,True,evaluated,,,0.4543671809951775,solve_succeeded,passed,passed,52955.71530544996,0.4476370667282151,"[3.700186771742345e-05, 0.010532686936310348, 0.87980817544727, 0.05501040979262503, 0.046671619850588854, 0.007541261391732219, 0.00039868386418993347, 1.38210644570532e-11, 1.6083574517298e-07]",strict_stable_local_minimum,,-1.720970964659839e-17,2.8189256484623115e-17,1.9895196601282805e-13,4.0779830536341155e-12,40.45919125130108,40.45919125130108,-16.025464320240502,-0.14071302861943913,-24.513602247635845,161
sparse,E-SSMDS-f1.6,E,SSMDS,Matin2012_state_019,speciation,20.0,0.5309,Matin2012,True,False,0,True,evaluated,,,0.48365742902387865,solve_succeeded,passed,passed,54010.90266089471,0.4543995395706672,"[4.1516272906644054e-05, 0.005027992076822137, 0.8750222638768226, 0.06036393140408478, 0.04682228649716816, 0.011902307677113437, 0.0008196350511724184, 8.22571680529108e-12, 6.71356840644084e-08]",strict_stable_local_minimum,,1.9064348781887497e-18,2.2870594307278225e-14,3.979039320256561e-13,1.9356596441937176e-12,43.08784752661641,43.08784752661641,-19.072671642925176,-0.16059593286969517,-28.488334189542915,181
sparse,E-SSMDS-f1.6,E,SSMDS,vle_obs_0132,pressure,40.0,0.3819,Hilliard2008,True,False,1,True,evaluated,,,2.4862062339961994,solve_succeeded,passed,passed,51031.72346578641,0.4479604802417204,"[3.113624658472184e-06, 0.028692310498034952, 0.8852622762657392, 0.04317745667186307, 0.04034875230993092, 0.0022029947642400673, 0.00031261374246531015, 5.153336734735062e-12, 4.8211791480728e-07]",passed,strict_stable_local_minimum,-1.282216161387184e-17,8.413408858487514e-17,5.684341886080801e-13,2.79665587596634e-11,43.09413783278367,43.09413783278367,-12.488047354147424,-0.09616136291568023,-21.149820937198363,2291.0
sparse,E-SSMDS-f1.6,E,SSMDS,vle_obs_0186,pressure,40.0,0.0887,Jou1995,True,False,1,True,evaluated,,,1.5562441159854643,solve_succeeded,passed,passed,45249.60487416849,0.44658855490107235,"[1.5858467246556728e-08, 0.09242322536733047, 0.8875580883077392, 0.010050120485065935, 0.009745521255250559, 0.00013792778001681571, 8.157050542450777e-05, 8.778393777387044e-13, 3.53043982738423e-06]",passed,strict_stable_local_minimum,-1.5611316894763461e-19,4.903304325065694e-17,2.8421709430404007e-13,4.367251734059252e-10,54.74023837418332,54.74023837418332,-2.905252035314892,-0.010825758512001028,-11.961094651098866,1314.0
sparse,E-SSMDS-f1.6,E,SSMDS,vle_obs_0193,pressure,40.0,0.6419,Jou1995,True,False,1,True,evaluated,,,2.331038503005402,solve_succeeded,passed,passed,53805.706773412865,0.4436640683286789,"[0.0009786567205202982, 0.002330281504126887, 0.8544484950576637, 0.07124718921474366, 0.03853157441818997, 0.03221196402158606, 0.0002518118176966021, 5.2949168999474566e-11, 2.7192523573823093e-08]",passed,strict_stable_local_minimum,1.70664526887716e-17,1.1145598333150986e-16,3.126388037344441e-13,5.011224359409389e-13,36.34631387274371,36.34631387274371,-21.201831866789615,-0.22075380339289125,-29.313113123684552,2260.0
sparse,E-SSMDS-f1.6,E,SSMDS,vle_obs_0194,pressure,60.0,0.056299999999999996,Jou1995,True,False,1,True,evaluated,,,2.240969058009796,solve_succeeded,passed,passed,44203.882737749474,0.43908874944371046,"[2.1817339860354084e-08, 0.09965994657466566, 0.8876328021964641, 0.0063718797340581185, 0.0061870401302252355, 0.00010555205938937799, 3.6530060202325944e-05, 1.808248280990197e-12, 6.2274258471017356e-06]",passed,strict_stable_local_minimum,-3.178798695913925e-19,5.0274370034858115e-17,8.526512829121202e-14,2.3220647415999488e-12,52.46072702100465,52.46072702100465,-1.7248728920500962,-0.00568140122898749,-9.847445900032836,2474.0
sparse,E-SSMDS-f1.6,E,SSMDS,vle_obs_0198,pressure,60.0,0.4379,Jou1995,True,False,1,True,evaluated,,,3.308081713010324,solve_succeeded,passed,passed,51482.68397239989,0.44046549041503474,"[3.8342738040418303e-05, 0.01898413492646644, 0.8825792222708938, 0.049286352217456954, 0.04394407896464987, 0.004993153836876794, 0.00017440441598812979, 2.2836759032115312e-11, 3.106067907832838e-07]",passed,strict_stable_local_minimum,4.8168396228966054e-18,2.3852447794681098e-17,1.1368683772161603e-13,2.135041089408471e-12,38.07406340570914,38.07406340570914,-13.365885505684094,-0.12146802178837476,-21.033973355125536,3882.0
sparse,E-SSMDS-f1.6,E,SSMDS,vle_obs_0202,pressure,60.0,0.6679,Jou1995,True,False,1,True,evaluated,,,2.3772355270048138,solve_succeeded,passed,passed,53016.96507169753,0.4353057311878805,"[0.0029180218913419558, 0.00282766602926679, 0.8504987770947693, 0.07193006295135412, 0.03713368279061064, 0.034587167222212, 0.00010459115901813682, 1.2046589169046675e-10, 3.074096110287832e-08]",passed,strict_stable_local_minimum,-2.8477242258316808e-18,1.9290667153948338e-16,1.4210854715202004e-13,8.076349420187592e-14,32.76339587926214,32.76339587926214,-20.070936258828812,-0.23354309000441642,-27.288633858236967,2539.0
sparse,I-SSMDS,I,SSMDS,Bottinger2008_state_030,speciation,20.0,0.0749,Bottinger2008,True,False,0,True,evaluated,,,0.5738910789950751,solve_succeeded,passed,passed,45386.15886303589,0.4537631601014439,"[1.0530595588077763e-09, 0.09546588054038091, 0.8869791813945229, 0.009130915489209062, 0.007622072739503077, 8.74473976321938e-05, 0.0007068939674872186, 5.528533705858201e-13, 7.607417652204976e-06]",strict_stable_local_minimum,,2.0225444218165446e-18,6.636799603268982e-17,5.684341886080802e-14,3.3965240083974937e-13,62.14796750204801,59.96125942197374,-3.101380609312067,-0.009764220229225039,-13.296611104522569,415
sparse,I-SSMDS,I,SSMDS,Bottinger2008_state_033,speciation,20.0,0.3089,Bottinger2008,True,False,0,True,evaluated,,,0.5349397360114381,solve_succeeded,passed,passed,49943.954542432155,0.45482554173031847,"[1.7412587240653653e-07, 0.04397963831916725, 0.8847724411711447, 0.03657157814793948, 0.031667632879951044, 0.0011124075261753695, 0.0018954099162421518, 2.0894065794837496e-12, 7.179114181805853e-07]",strict_stable_local_minimum,,-1.0337498965125468e-17,3.239313394140541e-17,5.684341886080802e-14,1.5648425198942534e-12,54.65275808259796,48.87095809215221,-12.023690678122778,-0.06776837723420184,-21.840474862788184,295
sparse,I-SSMDS,I,SSMDS,Bottinger2008_state_042,speciation,40.0,0.1249,Bottinger2008,True,False,0,True,evaluated,,,0.4372667679854203,solve_succeeded,passed,passed,45913.01956606997,0.44674552524358957,"[1.764044754761694e-08, 0.0844101878055073, 0.88697545031463, 0.014582016837281081, 0.013226662264886772, 0.00025098901735043106, 0.0005496894407747135, 2.813830952066057e-12, 4.986676308281648e-06]",strict_stable_local_minimum,,-1.5574862140439454e-19,2.5854410165516636e-17,1.1368683772161603e-13,3.517018031359248e-12,55.514593921919925,52.57526347707559,-4.4016095461665685,-0.018195196343957793,-13.403750531896687,151
sparse,I-SSMDS,I,SSMDS,Bottinger2008_state_046,speciation,40.0,0.34290000000000004,Bottinger2008,True,False,0,True,evaluated,,,0.6683981489914004,solve_succeeded,passed,passed,50180.69989953898,0.44766558410162144,"[1.3871555302866763e-06, 0.037317941394969203, 0.8846375680714683, 0.03955283916628581, 0.03534793266098658, 0.0020791238474401775, 0.0010625749712718665, 8.366173445264765e-12, 6.327236814923515e-07]",strict_stable_local_minimum,,4.970874766723181e-18,5.421010862427522e-17,1.7053025658242404e-13,1.4604335154923516e-12,49.44790487315719,43.961334989247945,-11.785521024538735,-0.07506398271116226,-20.482287680683832,608
sparse,I-SSMDS,I,SSMDS,Bottinger2008_state_050,speciation,40.0,0.4869,Bottinger2008,True,False,0,True,evaluated,,,0.4701739800220821,solve_succeeded,passed,passed,52732.34058609359,0.44711953698958556,"[3.7213658739200704e-05, 0.012698414036581455, 0.8768312520922098, 0.05582165544038479, 0.04369462333560601, 0.00970652768803875, 0.0012101907173403396, 2.452017805821699e-11, 1.2300657953192006e-07]",strict_stable_local_minimum,,-4.68631680040734e-18,1.3822276656583199e-14,1.1368683772161603e-13,3.5329594336819597e-14,46.3258036168943,40.14865265242201,-16.678928416992473,-0.12473148137679789,-25.124573836247404,185
sparse,I-SSMDS,I,SSMDS,Matin2012_state_019,speciation,20.0,0.5309,Matin2012,True,False,0,True,evaluated,,,0.4560639080009423,solve_succeeded,passed,passed,53809.71212597744,0.4538539708428345,"[3.74818973676448e-05, 0.00714862505619485, 0.8713605293989882, 0.06190480899160921, 0.043161228663335806, 0.014031020976921686, 0.0023562543619902216, 1.3110563136523523e-11, 5.0640481824266654e-08]",strict_stable_local_minimum,,1.4162634931915522e-17,2.255140518769849e-16,2.2737367544323206e-13,5.354013320636726e-13,49.54953362867965,42.629065875431664,-20.302983970789708,-0.145743901962457,-29.667584490436703,193
sparse,I-SSMDS,I,SSMDS,vle_obs_0132,pressure,40.0,0.3819,Hilliard2008,True,False,1,True,non_evaluable,numerical_convergence_failure,reactive_finite_phase_certificate_failed,3.3734577590075787,solve_succeeded,failed,passed,,,,,,,,,,,,,,,
sparse,I-SSMDS,I,SSMDS,vle_obs_0186,pressure,40.0,0.0887,Jou1995,True,False,1,True,evaluated,,,1.5780679860035889,solve_succeeded,passed,passed,45254.72469039756,0.4465559375773479,"[6.866019327551613e-09, 0.09243587011815739, 0.887174209585018, 0.010417135882389196, 0.009365862116222699, 0.0001548081683058875, 0.00044435833822124236, 2.124007899521312e-12, 7.748923542135228e-06]",passed,strict_stable_local_minimum,-2.835432245188754e-18,7.697835424647081e-18,8.526512829121202e-14,2.7192492422101113e-10,56.868526964291526,54.61164275147981,-3.1654856821040194,-0.01137878101694173,-12.217764324118923,1413.0
sparse,I-SSMDS,I,SSMDS,vle_obs_0193,pressure,40.0,0.6419,Jou1995,True,False,1,True,evaluated,,,2.9592524410109036,solve_succeeded,passed,passed,53629.71708739759,0.443149669224111,"[0.0006922341952799148, 0.004004247138507122, 0.8519122475803026, 0.0720888407299111, 0.036048099280448574, 0.034467898150391564, 0.0007864105234525502, 7.477038464627279e-11, 2.2326936244489937e-08]",passed,strict_stable_local_minimum,6.598827068163699e-18,2.7755575615628914e-17,1.7053025658242404e-13,5.262148676698347e-13,42.12231055715472,36.095708433048735,-21.77461990637311,-0.19042661927694546,-29.830122199728653,3098.0
sparse,I-SSMDS,I,SSMDS,vle_obs_0194,pressure,60.0,0.056299999999999996,Jou1995,True,False,1,True,evaluated,,,2.0049379270058125,solve_succeeded,passed,passed,44206.0877908613,0.43907421371857475,"[9.277388955669724e-09, 0.09966245899052933, 0.887468823888087, 0.006525222632375167, 0.006031186223263653, 0.00011621121671766896, 0.0001817374291536881, 4.199036729522156e-12, 1.4350338285504143e-05]",passed,strict_stable_local_minimum,9.655824087328367e-19,1.1412921931304443e-17,1.1368683772161603e-13,4.380323362573491e-11,53.80731199302573,52.404923717085374,-1.8268691760479765,-0.005865108178152785,-9.948023877750066,1860.0
sparse,I-SSMDS,I,SSMDS,vle_obs_0198,pressure,60.0,0.4379,Jou1995,True,False,1,True,evaluated,,,3.2298617659835145,solve_succeeded,passed,passed,51308.07696804033,0.4400595336413857,"[3.83365761944048e-05, 0.020656016262230435, 0.8805052767393333, 0.04968847067430015, 0.041870079863518116, 0.006664992806458364, 0.0005765710122505635, 4.2946079629804225e-11, 2.560227686167941e-07]",passed,strict_stable_local_minimum,4.734795229164393e-18,2.7755575615628914e-17,5.684341886080802e-14,5.599703643268285e-11,43.34155504952668,37.89369667682245,-13.703940477354124,-0.10638968146568889,-21.33969716936487,4069.0
sparse,I-SSMDS,I,SSMDS,vle_obs_0202,pressure,60.0,0.6679,Jou1995,True,False,1,True,evaluated,,,2.536904432985466,solve_succeeded,passed,passed,52847.89693185863,0.4346488669825129,"[0.002130559343790166, 0.004513889611261009, 0.8476750815419601, 0.07300851121830258, 0.03445737909804524, 0.037878001264660247, 0.0003365532851471537, 1.7576532011462386e-10, 2.446106810539205e-08]",passed,strict_stable_local_minimum,1.4876109710960445e-18,1.6653345369377348e-16,5.684341886080801e-13,1.2823897199771915e-12,37.91224908902519,32.503850862017394,-20.5906351084498,-0.20140013598475356,-27.745126088567837,2758.0
