row_id,source_partition_role,fit_role,component_id,temperature_k,pressure_pa,water_liquid_mole_fraction,water_vapor_mole_fraction,raw_log_fugacity_residual,source_error_scale,normalized_residual,exact_parameter_derivative,parameter_state,k_ij_mea_water,claim_status,model
cai1996_10133_002,binary_training,binary_training,monoethanolamine,431.85,101330.0,0.0736,0.3411,-0.0807948239124568,0.0022901861464521,-35.27871480561501,0.0109907794782605,fitted_diagnostic,-0.0055392860429545,diagnostic_non_promotable,Baygi 3B/2B
cai1996_10133_002,binary_training,binary_training,water,431.85,101330.0,0.0736,0.3411,-0.0241824378262245,0.0139634019341313,-1.7318442841005943,8.28892521559137,fitted_diagnostic,-0.0055392860429545,diagnostic_non_promotable,Baygi 3B/2B
cai1996_10133_003,binary_training,binary_training,monoethanolamine,424.76,101330.0,0.1322,0.5129,-0.0919626170528205,0.0027056889761489,-33.98861357069687,0.0448469807841158,fitted_diagnostic,-0.0055392860429545,diagnostic_non_promotable,Baygi 3B/2B
cai1996_10133_003,binary_training,binary_training,water,424.76,101330.0,0.1322,0.5129,-0.0058517824562296,0.0079245251491135,-0.738439508502824,8.207874168689678,fitted_diagnostic,-0.0055392860429545,diagnostic_non_promotable,Baygi 3B/2B
cai1996_10133_004,binary_training,binary_training,monoethanolamine,420.42,101330.0,0.1799,0.6252,-0.0453795842074749,0.0032225603821825,-14.08184140113484,0.0960332949021504,fitted_diagnostic,-0.0055392860429545,diagnostic_non_promotable,Baygi 3B/2B
cai1996_10133_004,binary_training,binary_training,water,420.42,101330.0,0.1799,0.6252,0.0074630885318265,0.0059360111009597,1.2572564984960743,8.063851997756082,fitted_diagnostic,-0.0055392860429545,diagnostic_non_promotable,Baygi 3B/2B
cai1996_10133_005,binary_training,binary_training,monoethanolamine,415.92,101330.0,0.2522,0.7344,0.0333872913056299,0.0042124231362581,7.92591110286406,0.2288992683072989,fitted_diagnostic,-0.0055392860429545,diagnostic_non_promotable,Baygi 3B/2B
cai1996_10133_005,binary_training,binary_training,water,415.92,101330.0,0.2522,0.7344,0.0894605629615776,0.0043996314628271,20.33364924254168,7.724180629312671,fitted_diagnostic,-0.0055392860429545,diagnostic_non_promotable,Baygi 3B/2B
cai1996_10133_006,binary_training,binary_training,monoethanolamine,410.94,101330.0,0.2948,0.7878,0.0051905224405759,0.0050990985170098,1.0179294287531495,0.3516682104831497,fitted_diagnostic,-0.0055392860429545,diagnostic_non_promotable,Baygi 3B/2B
cai1996_10133_006,binary_training,binary_training,water,410.94,101330.0,0.2948,0.7878,0.0519827210766798,0.0038600262714508,13.466934528697186,7.557605315231636,fitted_diagnostic,-0.0055392860429545,diagnostic_non_promotable,Baygi 3B/2B
cai1996_10133_007,binary_training,binary_training,monoethanolamine,406.83,101330.0,0.3322,0.8312,0.0137004411946918,0.0062547066768613,2.190421054495669,0.4937850432281047,fitted_diagnostic,-0.0055392860429545,diagnostic_non_promotable,Baygi 3B/2B
cai1996_10133_007,binary_training,binary_training,water,406.83,101330.0,0.3322,0.8312,0.0137119700739106,0.0035060096136281,3.910990437850176,7.377922500192416,fitted_diagnostic,-0.0055392860429545,diagnostic_non_promotable,Baygi 3B/2B
cai1996_10133_008,binary_training,binary_training,monoethanolamine,394.88,101330.0,0.4694,0.9146,-0.0546412140461094,0.0119353934145238,-4.578082359616065,1.41630817937184,fitted_diagnostic,-0.0055392860429545,diagnostic_non_promotable,Baygi 3B/2B
cai1996_10133_008,binary_training,binary_training,water,394.88,101330.0,0.4694,0.9146,-0.0459871898569791,0.0027424229153144,-16.768817675849206,6.406326282727682,fitted_diagnostic,-0.0055392860429545,diagnostic_non_promotable,Baygi 3B/2B
cai1996_10133_009,binary_training,binary_training,monoethanolamine,393.25,101330.0,0.508,0.9293,-0.0232754428624112,0.0143519681821933,-1.621759647662084,1.830223830894156,fitted_diagnostic,-0.0055392860429545,diagnostic_non_promotable,Baygi 3B/2B
cai1996_10133_009,binary_training,binary_training,water,393.25,101330.0,0.508,0.9293,-0.0205132317503827,0.0026115870368511,-7.854699637012918,6.023214716523116,fitted_diagnostic,-0.0055392860429545,diagnostic_non_promotable,Baygi 3B/2B
cai1996_10133_010,binary_training,binary_training,monoethanolamine,387.85,101330.0,0.6125,0.9596,0.0207165390492378,0.0249225602029275,0.8312363930734675,3.535891544395866,fitted_diagnostic,-0.0055392860429545,diagnostic_non_promotable,Baygi 3B/2B
cai1996_10133_010,binary_training,binary_training,water,387.85,101330.0,0.6125,0.9596,-0.0045034520614822,0.0023538855098526,-1.9131992795028188,4.857388855458941,fitted_diagnostic,-0.0055392860429545,diagnostic_non_promotable,Baygi 3B/2B
cai1996_10133_011,binary_training,binary_training,monoethanolamine,378.37,101330.0,0.8238,0.9883,-0.078600080873859,0.0856687687668236,-0.917488158231801,12.389698636817483,fitted_diagnostic,-0.0055392860429545,diagnostic_non_promotable,Baygi 3B/2B
cai1996_10133_011,binary_training,binary_training,water,378.37,101330.0,0.8238,0.9883,-0.0067972092310111,0.0020712214064764,-3.2817395618629344,1.8720401298883675,fitted_diagnostic,-0.0055392860429545,diagnostic_non_promotable,Baygi 3B/2B
cai1996_10133_012,binary_training,binary_training,monoethanolamine,376.88,101330.0,0.8615,0.9914,-0.1037977774507167,0.1165107152447548,-0.8908861063350959,15.510550834914005,fitted_diagnostic,-0.0055392860429545,diagnostic_non_promotable,Baygi 3B/2B
cai1996_10133_012,binary_training,binary_training,water,376.88,101330.0,0.8615,0.9914,-0.0123826580302476,0.0020391114295154,-6.072575461552912,1.315417741175965,fitted_diagnostic,-0.0055392860429545,diagnostic_non_promotable,Baygi 3B/2B
cai1996_10133_013,binary_training,binary_training,monoethanolamine,374.09,101330.0,0.9517,0.9974,-0.1276774207323577,0.3851745593656696,-0.3314793711781619,26.89003656165484,fitted_diagnostic,-0.0055392860429545,diagnostic_non_promotable,Baygi 3B/2B
cai1996_10133_013,binary_training,binary_training,water,374.09,101330.0,0.9517,0.9974,-0.0123235063736464,0.0019757342188756,-6.237431257661589,0.2238144075251269,fitted_diagnostic,-0.0055392860429545,diagnostic_non_promotable,Baygi 3B/2B
cai1996_06666_002,binary_model_selection,binary_model_selection,monoethanolamine,420.53,66660.0,0.0967,0.3589,-0.0673125515090402,0.0027741606158093,-24.26411474715654,0.0240553229888982,fitted_diagnostic,-0.0055392860429545,diagnostic_non_promotable,Baygi 3B/2B
cai1996_06666_002,binary_model_selection,binary_model_selection,water,420.53,66660.0,0.0967,0.3589,0.3276297112975479,0.0108969023060583,30.06631628838182,8.542991487544706,fitted_diagnostic,-0.0055392860429545,diagnostic_non_promotable,Baygi 3B/2B
cai1996_06666_003,binary_model_selection,binary_model_selection,monoethanolamine,416.6,66660.0,0.1332,0.4945,-0.017143970289056,0.0030467723816497,-5.626928480877539,0.0499912370892137,fitted_diagnostic,-0.0055392860429545,diagnostic_non_promotable,Baygi 3B/2B
cai1996_06666_003,binary_model_selection,binary_model_selection,water,416.6,66660.0,0.1332,0.4945,0.2347539456138279,0.0080306028496532,29.232418787085862,8.468053353390367,fitted_diagnostic,-0.0055392860429545,diagnostic_non_promotable,Baygi 3B/2B
cai1996_06666_004,binary_model_selection,binary_model_selection,monoethanolamine,413.33,66660.0,0.1695,0.5813,0.003262685652929,0.003345652143441,0.9752016985164876,0.0892203127905079,fitted_diagnostic,-0.0055392860429545,diagnostic_non_promotable,Baygi 3B/2B
cai1996_06666_004,binary_model_selection,binary_model_selection,water,413.33,66660.0,0.1695,0.5813,0.2371925576377452,0.0064656975417876,36.6847592397846,8.354803039200693,fitted_diagnostic,-0.0055392860429545,diagnostic_non_promotable,Baygi 3B/2B
cai1996_06666_005,binary_model_selection,binary_model_selection,monoethanolamine,407.18,66660.0,0.2107,0.6781,-0.0254585721266541,0.003911134096703,-6.509255754773171,0.1547354116947965,fitted_diagnostic,-0.0055392860429545,diagnostic_non_promotable,Baygi 3B/2B
cai1996_06666_005,binary_model_selection,binary_model_selection,water,407.18,66660.0,0.2107,0.6781,0.1407617770242168,0.0053610838596394,26.256216225963765,8.282721065742415,fitted_diagnostic,-0.0055392860429545,diagnostic_non_promotable,Baygi 3B/2B
cai1996_06666_006,binary_model_selection,binary_model_selection,monoethanolamine,403.3,66660.0,0.2589,0.7537,0.0192255369103143,0.0047272995737298,4.066917403998013,0.2635514378253243,fitted_diagnostic,-0.0055392860429545,diagnostic_non_promotable,Baygi 3B/2B
cai1996_06666_006,binary_model_selection,binary_model_selection,water,403.3,66660.0,0.2589,0.7537,0.1454593528953892,0.0045520915456459,31.95439973840579,8.059118627609182,fitted_diagnostic,-0.0055392860429545,diagnostic_non_promotable,Baygi 3B/2B
cai1996_06666_007,binary_model_selection,binary_model_selection,monoethanolamine,395.37,66660.0,0.3362,0.8425,0.0173376833902679,0.0068283739137447,2.5390647333135945,0.5425145335934193,fitted_diagnostic,-0.0055392860429545,diagnostic_non_promotable,Baygi 3B/2B
cai1996_06666_007,binary_model_selection,binary_model_selection,water,395.37,66660.0,0.3362,0.8425,0.0831668160111809,0.0037816402442964,21.99226014071905,7.674026788670723,fitted_diagnostic,-0.0055392860429545,diagnostic_non_promotable,Baygi 3B/2B
cai1996_06666_008,binary_model_selection,binary_model_selection,monoethanolamine,391.37,66660.0,0.3861,0.8848,0.0706009427857115,0.0090582318849347,7.794119612143303,0.8109907150498955,fitted_diagnostic,-0.0055392860429545,diagnostic_non_promotable,Baygi 3B/2B
cai1996_06666_008,binary_model_selection,binary_model_selection,water,391.37,66660.0,0.3861,0.8848,0.065133675079725,0.0034686554831715,18.777787357587435,7.334625411640872,fitted_diagnostic,-0.0055392860429545,diagnostic_non_promotable,Baygi 3B/2B
cai1996_06666_009,binary_model_selection,binary_model_selection,monoethanolamine,385.73,66660.0,0.4477,0.921,0.0781691942425387,0.0129443838197881,6.038850155465943,1.2813431055007614,fitted_diagnostic,-0.0055392860429545,diagnostic_non_promotable,Baygi 3B/2B
cai1996_06666_009,binary_model_selection,binary_model_selection,water,385.73,66660.0,0.4477,0.921,0.0125926679515019,0.0031962607267939,3.939812495876467,6.866698492153725,fitted_diagnostic,-0.0055392860429545,diagnostic_non_promotable,Baygi 3B/2B
cai1996_06666_010,binary_model_selection,binary_model_selection,monoethanolamine,380.82,66660.0,0.5419,0.9542,0.1810006328318573,0.0220349990269273,8.214233756519352,2.3908948758084887,fitted_diagnostic,-0.0055392860429545,diagnostic_non_promotable,Baygi 3B/2B
cai1996_06666_010,binary_model_selection,binary_model_selection,water,380.82,66660.0,0.5419,0.9542,0.0366714899481737,0.0029246239633191,12.538873512666896,5.901865161539448,fitted_diagnostic,-0.0055392860429545,diagnostic_non_promotable,Baygi 3B/2B
cai1996_06666_011,binary_model_selection,binary_model_selection,monoethanolamine,375.17,66660.0,0.6359,0.9732,0.1798309874883102,0.0374684852942089,4.799526484090476,4.281112282287899,fitted_diagnostic,-0.0055392860429545,diagnostic_non_promotable,Baygi 3B/2B
cai1996_06666_011,binary_model_selection,binary_model_selection,water,375.17,66660.0,0.6359,0.9732,0.0111632406510191,0.0027533056727498,4.054486489278821,4.764253043436245,fitted_diagnostic,-0.0055392860429545,diagnostic_non_promotable,Baygi 3B/2B
cai1996_06666_012,binary_model_selection,binary_model_selection,monoethanolamine,367.96,66660.0,0.8363,0.9921,0.1287366028804121,0.12674558988023,1.0157087359178616,13.88071482970659,fitted_diagnostic,-0.0055392860429545,diagnostic_non_promotable,Baygi 3B/2B
cai1996_06666_012,binary_model_selection,binary_model_selection,water,367.96,66660.0,0.8363,0.9921,0.0502240056847381,0.0025496019782953,19.698763223551698,1.7470304379582504,fitted_diagnostic,-0.0055392860429545,diagnostic_non_promotable,Baygi 3B/2B
cai1996_06666_013,binary_model_selection,binary_model_selection,monoethanolamine,365.6,66660.0,0.855,0.9937,0.1025796548090334,0.1588926724305689,0.6455908459457592,15.613403905056533,fitted_diagnostic,-0.0055392860429545,diagnostic_non_promotable,Baygi 3B/2B
cai1996_06666_013,binary_model_selection,binary_model_selection,water,365.6,66660.0,0.855,0.9937,-0.014318021075139,0.0025369860649477,-5.643712936765473,1.4699566091785905,fitted_diagnostic,-0.0055392860429545,diagnostic_non_promotable,Baygi 3B/2B
cai1996_06666_014,binary_model_selection,binary_model_selection,monoethanolamine,362.81,66660.0,0.9509,0.9982,0.0848936396896866,0.55593239736989,0.1527049693295759,27.93992338908734,fitted_diagnostic,-0.0055392860429545,diagnostic_non_promotable,Baygi 3B/2B
cai1996_06666_014,binary_model_selection,binary_model_selection,water,362.81,66660.0,0.9509,0.9982,-0.0120665206902966,0.0024832111363826,-4.859240728065618,0.2400739544464091,fitted_diagnostic,-0.0055392860429545,diagnostic_non_promotable,Baygi 3B/2B
cai1996_10133_002,binary_training,binary_training,monoethanolamine,431.85,101330.0,0.0736,0.3411,-0.0819064157292829,0.0022901861464521,-35.764086625083976,0.0080989891675917,fitted_diagnostic,-0.0100202941874856,diagnostic_non_promotable,Baygi 3B/4C
cai1996_10133_002,binary_training,binary_training,water,431.85,101330.0,0.0736,0.3411,-0.0512229622588594,0.0139634019341313,-3.668372686003759,5.956933743657441,fitted_diagnostic,-0.0100202941874856,diagnostic_non_promotable,Baygi 3B/4C
cai1996_10133_003,binary_training,binary_training,monoethanolamine,424.76,101330.0,0.1322,0.5129,-0.0956478951848972,0.0027056889761489,-35.35066152394018,0.0324419530692242,fitted_diagnostic,-0.0100202941874856,diagnostic_non_promotable,Baygi 3B/4C
cai1996_10133_003,binary_training,binary_training,water,424.76,101330.0,0.1322,0.5129,-0.0263043869680944,0.0079245251491135,-3.319364438011408,5.901016447648577,fitted_diagnostic,-0.0100202941874856,diagnostic_non_promotable,Baygi 3B/4C
cai1996_10133_004,binary_training,binary_training,monoethanolamine,420.42,101330.0,0.1799,0.6252,-0.0522500364771739,0.0032225603821825,-16.213826982440164,0.0690544789454268,fitted_diagnostic,-0.0100202941874856,diagnostic_non_promotable,Baygi 3B/4C
cai1996_10133_004,binary_training,binary_training,water,420.42,101330.0,0.1799,0.6252,-0.004883705210135,0.0059360111009597,-0.8227250803734912,5.799714224189582,fitted_diagnostic,-0.0100202941874856,diagnostic_non_promotable,Baygi 3B/4C
cai1996_10133_005,binary_training,binary_training,monoethanolamine,415.92,101330.0,0.2522,0.7344,0.02026039377341,0.0042124231362581,4.809676786507996,0.1639106710771969,fitted_diagnostic,-0.0100202941874856,diagnostic_non_promotable,Baygi 3B/4C
cai1996_10133_005,binary_training,binary_training,water,415.92,101330.0,0.2522,0.7344,0.0910414109636336,0.0043996314628271,20.692962974933305,5.559043903374501,fitted_diagnostic,-0.0100202941874856,diagnostic_non_promotable,Baygi 3B/4C
cai1996_10133_006,binary_training,binary_training,monoethanolamine,410.94,101330.0,0.2948,0.7878,-0.0128915692729519,0.0050990985170098,-2.5282055700527253,0.2512624436462448,fitted_diagnostic,-0.0100202941874856,diagnostic_non_promotable,Baygi 3B/4C
cai1996_10133_006,binary_training,binary_training,water,410.94,101330.0,0.2948,0.7878,0.0572000195454459,0.0038600262714508,14.81855705711202,5.442791618221775,fitted_diagnostic,-0.0100202941874856,diagnostic_non_promotable,Baygi 3B/4C
cai1996_10133_007,binary_training,binary_training,monoethanolamine,406.83,101330.0,0.3322,0.8312,-0.0091533761019543,0.0062547066768613,-1.463438107468135,0.3522726371373878,fitted_diagnostic,-0.0100202941874856,diagnostic_non_promotable,Baygi 3B/4C
cai1996_10133_007,binary_training,binary_training,water,406.83,101330.0,0.3322,0.8312,0.0218394157811665,0.0035060096136281,6.229137449103007,5.31715776698935,fitted_diagnostic,-0.0100202941874856,diagnostic_non_promotable,Baygi 3B/4C
cai1996_10133_008,binary_training,binary_training,monoethanolamine,394.88,101330.0,0.4694,0.9146,-0.09373625990896,0.0119353934145238,-7.853638053932504,1.0071085434439784,fitted_diagnostic,-0.0100202941874856,diagnostic_non_promotable,Baygi 3B/4C
cai1996_10133_008,binary_training,binary_training,water,394.88,101330.0,0.4694,0.9146,-0.0325072592476729,0.0027424229153144,-11.853481483888997,4.63450004400593,fitted_diagnostic,-0.0100202941874856,diagnostic_non_promotable,Baygi 3B/4C
cai1996_10133_009,binary_training,binary_training,monoethanolamine,393.25,101330.0,0.508,0.9293,-0.0638659857539555,0.0143519681821933,-4.449981002131464,1.3011275119208126,fitted_diagnostic,-0.0100202941874856,diagnostic_non_promotable,Baygi 3B/4C
cai1996_10133_009,binary_training,binary_training,water,393.25,101330.0,0.508,0.9293,-0.0076805573359461,0.0026115870368511,-2.9409539975381,4.363422242044814,fitted_diagnostic,-0.0100202941874856,diagnostic_non_promotable,Baygi 3B/4C
cai1996_10133_010,binary_training,binary_training,monoethanolamine,387.85,101330.0,0.6125,0.9596,-0.0152703139601464,0.0249225602029275,-0.6127104854320993,2.514160224595784,fitted_diagnostic,-0.0100202941874856,diagnostic_non_promotable,Baygi 3B/4C
cai1996_10133_010,binary_training,binary_training,water,387.85,101330.0,0.6125,0.9596,-0.0010251549039262,0.0023538855098526,-0.4355160434249237,3.5380476023481067,fitted_diagnostic,-0.0100202941874856,diagnostic_non_promotable,Baygi 3B/4C
cai1996_10133_011,binary_training,binary_training,monoethanolamine,378.37,101330.0,0.8238,0.9883,-0.0422881589502626,0.0856687687668236,-0.493623984084143,8.905718777662818,fitted_diagnostic,-0.0100202941874856,diagnostic_non_promotable,Baygi 3B/4C
cai1996_10133_011,binary_training,binary_training,water,378.37,101330.0,0.8238,0.9883,-0.0349688697285535,0.0020712214064764,-16.883211818500104,1.3927160806580825,fitted_diagnostic,-0.0100202941874856,diagnostic_non_promotable,Baygi 3B/4C
cai1996_10133_012,binary_training,binary_training,monoethanolamine,376.88,101330.0,0.8615,0.9914,-0.0481621441530576,0.1165107152447548,-0.4133709423367894,11.19819466568618,fitted_diagnostic,-0.0100202941874856,diagnostic_non_promotable,Baygi 3B/4C
cai1996_10133_012,binary_training,binary_training,water,376.88,101330.0,0.8615,0.9914,-0.0443103103652948,0.0020391114295154,-21.73020548260287,0.9842904272200144,fitted_diagnostic,-0.0100202941874856,diagnostic_non_promotable,Baygi 3B/4C
cai1996_10133_013,binary_training,binary_training,monoethanolamine,374.09,101330.0,0.9517,0.9974,-0.0427611329912742,0.3851745593656696,-0.1110175424402276,19.70615764262421,fitted_diagnostic,-0.0100202941874856,diagnostic_non_promotable,Baygi 3B/4C
cai1996_10133_013,binary_training,binary_training,water,374.09,101330.0,0.9517,0.9974,-0.0472917665401934,0.0019757342188756,-23.936299775739396,0.1703090039071695,fitted_diagnostic,-0.0100202941874856,diagnostic_non_promotable,Baygi 3B/4C
cai1996_06666_002,binary_model_selection,binary_model_selection,monoethanolamine,420.53,66660.0,0.0967,0.3589,-0.0695062575239373,0.0027741606158093,-25.0548786280925,0.0172400916310509,fitted_diagnostic,-0.0100202941874856,diagnostic_non_promotable,Baygi 3B/4C
cai1996_06666_002,binary_model_selection,binary_model_selection,water,420.53,66660.0,0.0967,0.3589,0.2832936565965033,0.0108969023060583,25.997632046219252,6.141075448074782,fitted_diagnostic,-0.0100202941874856,diagnostic_non_promotable,Baygi 3B/4C
cai1996_06666_003,binary_model_selection,binary_model_selection,monoethanolamine,416.6,66660.0,0.1332,0.4945,-0.0213768242645798,0.0030467723816497,-7.016219653732343,0.035765808268732,fitted_diagnostic,-0.0100202941874856,diagnostic_non_promotable,Baygi 3B/4C
cai1996_06666_003,binary_model_selection,binary_model_selection,water,416.6,66660.0,0.1332,0.4945,0.1966886413323184,0.0080306028496532,24.49238805786692,6.089211489825187,fitted_diagnostic,-0.0100202941874856,diagnostic_non_promotable,Baygi 3B/4C
cai1996_06666_004,binary_model_selection,binary_model_selection,monoethanolamine,413.33,66660.0,0.1695,0.5813,-0.0036728758874095,0.003345652143441,-1.097805668353791,0.0636919102063272,fitted_diagnostic,-0.0100202941874856,diagnostic_non_promotable,Baygi 3B/4C
cai1996_06666_004,binary_model_selection,binary_model_selection,water,413.33,66660.0,0.1695,0.5813,0.2066481646202185,0.0064656975417876,31.960691523947407,6.009993243363002,fitted_diagnostic,-0.0100202941874856,diagnostic_non_promotable,Baygi 3B/4C
cai1996_06666_005,binary_model_selection,binary_model_selection,monoethanolamine,407.18,66660.0,0.2107,0.6781,-0.0366308856579995,0.003911134096703,-9.365796403881356,0.1101977924979133,fitted_diagnostic,-0.0100202941874856,diagnostic_non_promotable,Baygi 3B/4C
cai1996_06666_005,binary_model_selection,binary_model_selection,water,407.18,66660.0,0.2107,0.6781,0.1140244714014224,0.0053610838596394,21.26892143207244,5.961571869243886,fitted_diagnostic,-0.0100202941874856,diagnostic_non_promotable,Baygi 3B/4C
cai1996_06666_006,binary_model_selection,binary_model_selection,monoethanolamine,403.3,66660.0,0.2589,0.7537,0.0023626928570147,0.0047272995737298,0.4997975736812893,0.1874811054411226,fitted_diagnostic,-0.0100202941874856,diagnostic_non_promotable,Baygi 3B/4C
cai1996_06666_006,binary_model_selection,binary_model_selection,water,403.3,66660.0,0.2589,0.7537,0.1287166520117406,0.0045520915456459,28.276375973777675,5.80455669678026,fitted_diagnostic,-0.0100202941874856,diagnostic_non_promotable,Baygi 3B/4C
cai1996_06666_007,binary_model_selection,binary_model_selection,monoethanolamine,395.37,66660.0,0.3362,0.8425,-0.0112025968138525,0.0068283739137447,-1.6405951043926987,0.38527196994494,fitted_diagnostic,-0.0100202941874856,diagnostic_non_promotable,Baygi 3B/4C
cai1996_06666_007,binary_model_selection,binary_model_selection,water,395.37,66660.0,0.3362,0.8425,0.0773193128766598,0.0037816402442964,20.445972615526696,5.535639609419853,fitted_diagnostic,-0.0100202941874856,diagnostic_non_promotable,Baygi 3B/4C
cai1996_06666_008,binary_model_selection,binary_model_selection,monoethanolamine,391.37,66660.0,0.3861,0.8848,0.034147961049896,0.0090582318849347,3.7698263285453706,0.5756181632763407,fitted_diagnostic,-0.0100202941874856,diagnostic_non_promotable,Baygi 3B/4C
cai1996_06666_008,binary_model_selection,binary_model_selection,water,391.37,66660.0,0.3861,0.8848,0.0655166031229293,0.0034686554831715,18.88818403579954,5.297281053103651,fitted_diagnostic,-0.0100202941874856,diagnostic_non_promotable,Baygi 3B/4C
cai1996_06666_009,binary_model_selection,binary_model_selection,monoethanolamine,385.73,66660.0,0.4477,0.921,0.031569594573976,0.0129443838197881,2.4388642220045518,0.9088549766035928,fitted_diagnostic,-0.0100202941874856,diagnostic_non_promotable,Baygi 3B/4C
cai1996_06666_009,binary_model_selection,binary_model_selection,water,385.73,66660.0,0.4477,0.921,0.017021654513629,0.0031962607267939,5.325489992395848,4.969283742048463,fitted_diagnostic,-0.0100202941874856,diagnostic_non_promotable,Baygi 3B/4C
cai1996_06666_010,binary_model_selection,binary_model_selection,monoethanolamine,380.82,66660.0,0.5419,0.9542,0.1262102031377894,0.0220349990269273,5.727715394203447,1.6964193855719756,fitted_diagnostic,-0.0100202941874856,diagnostic_non_promotable,Baygi 3B/4C
cai1996_06666_010,binary_model_selection,binary_model_selection,water,380.82,66660.0,0.5419,0.9542,0.0422162336851199,0.0029246239633191,14.434756130907331,4.287647104724564,fitted_diagnostic,-0.0100202941874856,diagnostic_non_promotable,Baygi 3B/4C
cai1996_06666_011,binary_model_selection,binary_model_selection,monoethanolamine,375.17,66660.0,0.6359,0.9732,0.126654048952736,0.0374684852942089,3.3802820679359447,3.042355986009704,fitted_diagnostic,-0.0100202941874856,diagnostic_non_promotable,Baygi 3B/4C
cai1996_06666_011,binary_model_selection,binary_model_selection,water,375.17,66660.0,0.6359,0.9732,0.0091051777216952,0.0027533056727498,3.3069984970471427,3.4813856743383385,fitted_diagnostic,-0.0100202941874856,diagnostic_non_promotable,Baygi 3B/4C
cai1996_06666_012,binary_model_selection,binary_model_selection,monoethanolamine,367.96,66660.0,0.8363,0.9921,0.1412435361406533,0.12674558988023,1.1143861989527477,9.996872410448036,fitted_diagnostic,-0.0100202941874856,diagnostic_non_promotable,Baygi 3B/4C
cai1996_06666_012,binary_model_selection,binary_model_selection,water,367.96,66660.0,0.8363,0.9921,0.0220871063218731,0.0025496019782953,8.662962497636947,1.303985393818495,fitted_diagnostic,-0.0100202941874856,diagnostic_non_promotable,Baygi 3B/4C
cai1996_06666_013,binary_model_selection,binary_model_selection,monoethanolamine,365.6,66660.0,0.855,0.9937,0.1181021212895073,0.1588926724305689,0.7432823646484656,11.271876473378144,fitted_diagnostic,-0.0100202941874856,diagnostic_non_promotable,Baygi 3B/4C
cai1996_06666_013,binary_model_selection,binary_model_selection,water,365.6,66660.0,0.855,0.9937,-0.0432462302737884,0.0025369860649477,-17.046301858453447,1.1005897717767803,fitted_diagnostic,-0.0100202941874856,diagnostic_non_promotable,Baygi 3B/4C
cai1996_06666_014,binary_model_selection,binary_model_selection,monoethanolamine,362.81,66660.0,0.9509,0.9982,0.1253927748083836,0.55593239736989,0.2255539979350285,20.49401565796362,fitted_diagnostic,-0.0100202941874856,diagnostic_non_promotable,Baygi 3B/4C
cai1996_06666_014,binary_model_selection,binary_model_selection,water,362.81,66660.0,0.9509,0.9982,-0.0437654105131492,0.0024832111363826,-17.6245224870018,0.1829493386896829,fitted_diagnostic,-0.0100202941874856,diagnostic_non_promotable,Baygi 3B/4C
