binary,row_id,quantity,observed,old_water,new_water_before_refit,after_refit
MEA-water,cai1996_10133_002,temperature_K,431.85,433.24062568236235,433.147256611269,433.7903146935814
MEA-water,cai1996_10133_002,vapor_water,0.3411,0.325705810499985,0.32799270327019875,0.3135256476030243
MEA-water,cai1996_10133_003,temperature_K,424.76,426.4372030555293,426.0615200962825,427.06567485464745
MEA-water,cai1996_10133_003,vapor_water,0.5129,0.4997199132471606,0.506677779474132,0.4893478117619706
MEA-water,cai1996_10133_004,temperature_K,420.42,421.4649621856244,420.80321697591427,422.01418098311757
MEA-water,cai1996_10133_004,vapor_water,0.6252,0.6041931068527331,0.6141365723827521,0.5973064141358285
MEA-water,cai1996_10133_005,temperature_K,415.92,414.7421042684492,413.636226370305,415.03756708108904
MEA-water,cai1996_10133_005,vapor_water,0.7344,0.7192790339381644,0.7314804367704025,0.717494172940636
MEA-water,cai1996_10133_006,temperature_K,410.94,411.16952762297814,409.82326070573043,411.28021202598836
MEA-water,cai1996_10133_006,vapor_water,0.7878,0.7697125680172185,0.7821113216565447,0.7701917094909845
MEA-water,cai1996_10133_007,temperature_K,406.83,408.2354189541681,406.7008175034669,408.17844405553615
MEA-water,cai1996_10133_007,vapor_water,0.8312,0.8061923929195559,0.8182425957269903,0.8081323838510825
MEA-water,cai1996_10133_008,temperature_K,394.88,398.7693486957071,396.7820172624797,398.16479495387773
MEA-water,cai1996_10133_008,vapor_water,0.9146,0.897615940494464,0.9060214309884781,0.9014705834896185
MEA-water,cai1996_10133_009,temperature_K,393.25,396.4002853837318,394.3618482330995,395.68074243608817
MEA-water,cai1996_10133_009,vapor_water,0.9293,0.9150328145489567,0.92212363313789,0.9187449303363602
MEA-water,cai1996_10133_010,temperature_K,387.85,390.46903657283735,388.47409050209717,389.559798744554
MEA-water,cai1996_10133_010,vapor_water,0.9596,0.9505242310668842,0.9541344902973564,0.95310925014072
MEA-water,cai1996_10133_011,temperature_K,378.37,380.03140679966526,378.9372506655617,379.37079527465613
MEA-water,cai1996_10133_011,vapor_water,0.9883,0.9889920044826047,0.9881144859604191,0.9889073397315414
MEA-water,cai1996_10133_012,temperature_K,376.88,378.3542580458389,377.511696404159,377.8213271767835
MEA-water,cai1996_10133_012,vapor_water,0.9914,0.9926786501156567,0.9915872570733959,0.9923679456820064
MEA-water,cai1996_10133_013,temperature_K,374.09,374.69780942258814,374.4294935613394,374.4894137895443
MEA-water,cai1996_10133_013,vapor_water,0.9974,0.9984774178696488,0.9977787919350152,0.9981700914620794
MEA-water,cai1996_06666_002,temperature_K,420.53,417.372138392154,416.9092991569163,417.7589609322138
MEA-water,cai1996_06666_002,vapor_water,0.3589,0.43073967279867004,0.440649133027024,0.4229892870016554
MEA-water,cai1996_06666_003,temperature_K,416.6,413.1819052695574,412.45972966605,413.51825084088904
MEA-water,cai1996_06666_003,vapor_water,0.4945,0.533258410630748,0.5462694777215739,0.5279174808538014
MEA-water,cai1996_06666_004,temperature_K,413.33,409.3472223976414,408.3609363391623,409.5765724631374
MEA-water,cai1996_06666_004,vapor_water,0.5813,0.6143897937894598,0.6294033804621306,0.6117744768327144
MEA-water,cai1996_06666_005,temperature_K,407.18,405.3478213929042,404.07279010737693,405.414700514283
MEA-water,cai1996_06666_005,vapor_water,0.6781,0.6874370913246015,0.7035223263744916,0.6876074954556229
MEA-water,cai1996_06666_006,temperature_K,403.3,401.0804732777898,399.4995466294294,400.93130014979454
MEA-water,cai1996_06666_006,vapor_water,0.7537,0.7537630628735279,0.7698280849572193,0.7563985565291992
MEA-water,cai1996_06666_007,temperature_K,395.37,395.0005854090527,393.02746449772366,394.5032167875932
MEA-water,cai1996_06666_007,vapor_water,0.8425,0.8302505957096369,0.8444584980849733,0.8350063624774894
MEA-water,cai1996_06666_008,temperature_K,391.37,391.4835122771631,389.32983130031204,390.7843603802929
MEA-water,cai1996_06666_008,vapor_water,0.8848,0.8660958591947325,0.8784705479756708,0.8712632562778423
MEA-water,cai1996_06666_009,temperature_K,385.73,387.49699665190064,385.2024277827261,386.590212283981
MEA-water,cai1996_06666_009,vapor_water,0.921,0.9002574475173111,0.9101193814889514,0.905230680108563
MEA-water,cai1996_06666_010,temperature_K,380.82,382.0050445688324,379.67202547877633,380.89109760524207
MEA-water,cai1996_06666_010,vapor_water,0.9542,0.937482963971791,0.9435565772782448,0.9412908893256848
MEA-water,cai1996_06666_011,temperature_K,375.17,377.0792458920659,374.9213009650988,375.9108661704253
MEA-water,cai1996_06666_011,vapor_water,0.9732,0.962512349871871,0.9653524027264613,0.9647706771895579
MEA-water,cai1996_06666_012,temperature_K,367.96,367.8574313953627,366.73646925547473,367.11140660534
MEA-water,cai1996_06666_012,vapor_water,0.9921,0.9917386604627193,0.9907875570926565,0.9915077183728935
MEA-water,cai1996_06666_013,temperature_K,365.6,367.07540771293446,366.08490175870685,366.4007416954507
MEA-water,cai1996_06666_013,vapor_water,0.9937,0.9932797857866694,0.9922427059449258,0.9929544150617843
MEA-water,cai1996_06666_014,temperature_K,362.81,363.3937143423954,363.03002286409935,363.0879799041498
MEA-water,cai1996_06666_014,vapor_water,0.9982,0.9986894160482955,0.9980223175756581,0.9983819208091268
